-- phpMyAdmin SQL Dump
-- version 5.2.1
-- https://www.phpmyadmin.net/
--
-- Host: 127.0.0.1
-- Generation Time: Apr 14, 2024 at 03:41 PM
-- Wersja serwera: 10.4.32-MariaDB
-- Wersja PHP: 8.2.12

SET SQL_MODE = "NO_AUTO_VALUE_ON_ZERO";
START TRANSACTION;
SET time_zone = "+00:00";


/*!40101 SET @OLD_CHARACTER_SET_CLIENT=@@CHARACTER_SET_CLIENT */;
/*!40101 SET @OLD_CHARACTER_SET_RESULTS=@@CHARACTER_SET_RESULTS */;
/*!40101 SET @OLD_COLLATION_CONNECTION=@@COLLATION_CONNECTION */;
/*!40101 SET NAMES utf8mb4 */;

--
-- Database: `hurtownia`
--

-- --------------------------------------------------------

--
-- Struktura tabeli dla tabeli `dostawa`
--

CREATE TABLE `dostawa` (
  `id_dostawy` int(7) NOT NULL,
  `id_producenta` int(7) DEFAULT NULL,
  `id_magazynu` int(7) DEFAULT NULL,
  `data` varchar(19) DEFAULT NULL
) ENGINE=InnoDB DEFAULT CHARSET=utf8mb4 COLLATE=utf8mb4_general_ci;

--
-- Dumping data for table `dostawa`
--

INSERT INTO `dostawa` (`id_dostawy`, `id_producenta`, `id_magazynu`, `data`) VALUES
(1, 3, 1, '18:16:23 29-07-2015'),
(2, 3, 3, '23:37:41 12-03-2015'),
(3, 8, 3, '23:38:39 24-11-2017'),
(4, 8, 1, '09:47:13 08-05-2015'),
(5, 10, 2, '19:58:51 28-11-2020'),
(6, 10, 3, '11:33:02 31-12-2019'),
(7, 7, 1, '15:52:52 25-05-2021'),
(8, 2, 1, '13:00:52 09-12-2018'),
(9, 1, 1, '02:17:30 12-04-2015'),
(10, 10, 3, '01:19:11 04-03-2020'),
(11, 3, 1, '17:58:45 20-02-2017'),
(12, 5, 2, '21:09:38 18-01-2018'),
(13, 7, 1, '16:24:47 28-04-2019'),
(14, 6, 3, '19:24:39 03-12-2019'),
(15, 8, 1, '03:09:10 23-02-2022'),
(16, 4, 2, '01:48:29 30-11-2019'),
(17, 6, 2, '19:17:34 21-12-2020'),
(18, 8, 3, '08:59:05 21-11-2021'),
(19, 7, 1, '16:19:58 17-05-2020'),
(20, 9, 2, '22:17:48 15-06-2015'),
(21, 7, 3, '02:29:47 10-01-2021'),
(22, 2, 1, '03:42:30 20-11-2018'),
(23, 4, 3, '08:42:37 29-09-2015'),
(24, 9, 3, '18:22:19 01-11-2021'),
(25, 5, 3, '16:20:56 16-07-2015'),
(26, 2, 2, '16:11:17 15-01-2020'),
(27, 7, 3, '19:30:30 01-10-2015'),
(28, 7, 1, '09:16:31 10-08-2021'),
(29, 1, 3, '07:17:39 07-01-2022'),
(30, 3, 3, '15:30:50 20-04-2017'),
(31, 9, 2, '05:01:00 12-08-2023'),
(32, 9, 2, '10:35:49 14-12-2021'),
(33, 9, 2, '08:40:38 01-04-2015'),
(34, 9, 1, '13:39:57 27-04-2019'),
(35, 8, 2, '19:25:45 04-08-2015'),
(36, 7, 1, '12:58:41 05-03-2018'),
(37, 10, 2, '16:11:15 25-02-2022'),
(38, 5, 1, '12:12:41 12-09-2016'),
(39, 6, 2, '13:52:31 26-06-2023'),
(40, 6, 3, '13:00:49 02-07-2022'),
(41, 3, 1, '00:43:48 10-04-2020'),
(42, 8, 1, '05:41:04 06-10-2023'),
(43, 4, 2, '00:42:03 24-10-2022'),
(44, 2, 1, '09:27:30 17-03-2017'),
(45, 2, 1, '21:49:22 12-02-2019'),
(46, 10, 1, '00:31:19 25-12-2018'),
(47, 8, 3, '04:53:16 04-12-2022'),
(48, 5, 2, '01:17:45 13-06-2019'),
(49, 4, 1, '17:31:15 08-06-2023'),
(50, 1, 3, '04:22:48 13-04-2023'),
(51, 6, 2, '21:11:41 09-05-2021'),
(52, 6, 3, '20:51:50 06-05-2018'),
(53, 3, 2, '00:34:57 19-07-2018'),
(54, 6, 2, '16:46:01 21-09-2020'),
(55, 9, 1, '21:32:06 30-11-2021'),
(56, 1, 3, '03:30:52 04-12-2023'),
(57, 3, 1, '05:03:50 28-10-2017'),
(58, 6, 3, '08:37:25 07-06-2015'),
(59, 2, 1, '20:09:01 31-10-2018'),
(60, 9, 3, '16:29:19 27-05-2015'),
(61, 10, 2, '00:29:09 28-11-2016'),
(62, 9, 3, '07:42:57 01-02-2015'),
(63, 3, 3, '23:18:21 11-03-2015'),
(64, 2, 2, '06:44:25 20-04-2020'),
(65, 9, 3, '16:08:55 01-06-2018'),
(66, 8, 1, '18:38:43 22-09-2021'),
(67, 6, 3, '09:21:25 23-02-2015'),
(68, 5, 3, '10:25:12 18-05-2016'),
(69, 2, 2, '18:47:13 04-10-2016'),
(70, 4, 2, '00:37:03 20-12-2020'),
(71, 1, 2, '03:59:09 01-04-2023'),
(72, 3, 1, '00:28:10 12-11-2023'),
(73, 7, 2, '15:14:43 30-09-2020'),
(74, 6, 3, '22:14:45 11-02-2018'),
(75, 1, 1, '16:22:32 25-03-2018'),
(76, 7, 3, '03:27:31 08-10-2022'),
(77, 3, 2, '13:35:50 30-06-2017'),
(78, 5, 3, '06:56:58 18-01-2021'),
(79, 6, 3, '19:01:07 15-01-2023'),
(80, 2, 1, '09:36:44 09-03-2017'),
(81, 7, 1, '04:27:41 13-01-2018'),
(82, 3, 3, '16:31:22 29-07-2023'),
(83, 7, 3, '12:05:15 30-01-2015'),
(84, 9, 2, '07:18:21 16-01-2017'),
(85, 10, 3, '05:10:54 30-09-2020'),
(86, 8, 3, '19:05:20 03-11-2016'),
(87, 3, 3, '08:30:08 30-06-2022'),
(88, 9, 1, '14:25:17 26-09-2017'),
(89, 8, 2, '09:44:02 22-07-2022'),
(90, 2, 3, '06:13:26 20-11-2017'),
(91, 3, 2, '13:59:09 18-03-2021'),
(92, 10, 1, '13:08:11 21-09-2021'),
(93, 8, 3, '09:39:31 20-11-2022'),
(94, 9, 1, '15:39:59 17-11-2023'),
(95, 7, 2, '11:32:36 24-11-2022'),
(96, 7, 2, '23:28:45 31-03-2024'),
(97, 1, 2, '14:11:10 30-10-2015'),
(98, 10, 3, '02:55:48 31-12-2018'),
(99, 4, 1, '15:55:38 23-01-2015'),
(100, 7, 3, '06:40:48 23-10-2015');

-- --------------------------------------------------------

--
-- Struktura tabeli dla tabeli `dostawa_towar`
--

CREATE TABLE `dostawa_towar` (
  `id_towaru` int(7) NOT NULL,
  `id_dostawy` int(7) NOT NULL,
  `ilosc` int(7) DEFAULT NULL
) ENGINE=InnoDB DEFAULT CHARSET=utf8mb4 COLLATE=utf8mb4_general_ci;

--
-- Dumping data for table `dostawa_towar`
--

INSERT INTO `dostawa_towar` (`id_towaru`, `id_dostawy`, `ilosc`) VALUES
(1, 65, 320),
(1, 87, 435),
(2, 56, 455),
(2, 88, 275),
(3, 3, 276),
(3, 22, 408),
(3, 24, 37),
(3, 48, 91),
(3, 56, 15),
(3, 68, 361),
(3, 80, 306),
(3, 100, 412),
(4, 2, 496),
(4, 5, 170),
(4, 34, 27),
(4, 42, 352),
(4, 58, 136),
(4, 72, 47),
(4, 95, 392),
(5, 27, 202),
(5, 57, 160),
(6, 13, 224),
(6, 15, 404),
(6, 31, 471),
(6, 43, 11),
(6, 67, 354),
(6, 74, 20),
(6, 75, 252),
(6, 82, 157),
(6, 89, 241),
(7, 12, 224),
(7, 33, 306),
(7, 40, 488),
(7, 52, 488),
(7, 57, 450),
(7, 59, 281),
(7, 61, 134),
(7, 70, 169),
(7, 73, 283),
(7, 84, 362),
(7, 93, 231),
(8, 5, 23),
(8, 17, 52),
(8, 19, 442),
(8, 25, 203),
(8, 35, 231),
(8, 38, 477),
(8, 45, 147),
(8, 46, 368),
(9, 23, 78),
(9, 28, 98),
(9, 49, 455),
(9, 55, 73),
(9, 77, 142),
(9, 83, 373),
(9, 92, 33),
(10, 14, 32),
(10, 53, 328),
(10, 75, 363),
(10, 79, 480),
(10, 96, 340),
(11, 18, 93),
(11, 20, 95),
(11, 32, 266),
(11, 51, 347),
(11, 59, 280),
(11, 86, 340),
(11, 97, 496),
(12, 11, 378),
(12, 22, 96),
(12, 30, 14),
(12, 32, 163),
(12, 39, 17),
(12, 54, 306),
(12, 62, 187),
(12, 78, 280),
(12, 89, 17),
(12, 98, 358),
(13, 16, 240),
(13, 99, 425),
(14, 29, 399),
(14, 62, 446),
(14, 90, 426),
(14, 91, 81),
(15, 1, 418),
(15, 8, 267),
(15, 27, 360),
(15, 36, 54),
(15, 50, 54),
(15, 60, 37),
(15, 63, 260),
(15, 66, 445),
(15, 77, 429),
(15, 79, 386),
(16, 1, 497),
(16, 21, 265),
(16, 42, 14),
(16, 94, 32),
(17, 6, 353),
(17, 7, 197),
(17, 26, 456),
(17, 45, 146),
(17, 50, 456),
(18, 56, 460),
(18, 57, 102),
(18, 64, 185),
(18, 76, 396),
(18, 85, 169),
(18, 86, 76),
(19, 4, 263),
(19, 23, 219),
(19, 44, 210),
(19, 47, 450),
(19, 69, 179),
(19, 71, 496),
(19, 74, 415),
(20, 9, 212),
(20, 10, 201),
(20, 32, 210),
(20, 37, 76),
(20, 41, 387),
(20, 81, 398),
(20, 89, 46),
(20, 91, 478),
(20, 95, 490);

-- --------------------------------------------------------

--
-- Struktura tabeli dla tabeli `komunikat`
--

CREATE TABLE `komunikat` (
  `id_komunikatu` int(7) NOT NULL,
  `id_pracownika` int(7) DEFAULT NULL,
  `id_producenta` int(7) DEFAULT NULL,
  `tresc` varchar(300) DEFAULT NULL,
  `kierunek` tinyint(1) DEFAULT NULL
) ENGINE=InnoDB DEFAULT CHARSET=utf8mb4 COLLATE=utf8mb4_general_ci;

--
-- Dumping data for table `komunikat`
--

INSERT INTO `komunikat` (`id_komunikatu`, `id_pracownika`, `id_producenta`, `tresc`, `kierunek`) VALUES
(1, 17, 9, 'Oferta', 0),
(2, 36, 1, 'Skarga na towar!', 0),
(3, 36, 10, 'Oferta', 0),
(4, 41, 9, 'Zabraklo towaru!', 0),
(5, 37, 8, 'Oferta', 1),
(6, 39, 4, 'Skarga na towar!', 1),
(7, 21, 10, 'Zabraklo towaru!', 0),
(8, 26, 5, 'Zabraklo towaru!', 1),
(9, 12, 9, 'Zabraklo towaru!', 1),
(10, 28, 7, 'Oferta', 1),
(11, 17, 2, 'Oferta', 1),
(12, 21, 9, 'Zabraklo towaru!', 0),
(13, 25, 6, 'Nadmiar towaru!', 1),
(14, 31, 10, 'Oferta', 1),
(15, 26, 5, 'Zabraklo towaru!', 1),
(16, 13, 4, 'Oferta', 0),
(17, 30, 2, 'Nadmiar towaru!', 0),
(18, 25, 5, 'Skarga na towar!', 1),
(19, 40, 6, 'Skarga na towar!', 0),
(20, 29, 10, 'Oferta', 0),
(21, 11, 5, 'Oferta', 0),
(22, 11, 7, 'Oferta', 0),
(23, 24, 6, 'Skarga na towar!', 1),
(24, 18, 6, 'Skarga na towar!', 0),
(25, 20, 10, 'Oferta', 0),
(26, 18, 7, 'Skarga na towar!', 0),
(27, 40, 8, 'Oferta', 0),
(28, 33, 7, 'Nadmiar towaru!', 0),
(29, 23, 3, 'Zabraklo towaru!', 1),
(30, 16, 8, 'Oferta', 0),
(31, 15, 7, 'Nadmiar towaru!', 1),
(32, 21, 3, 'Oferta', 1),
(33, 13, 2, 'Skarga na towar!', 1),
(34, 16, 3, 'Nadmiar towaru!', 1),
(35, 21, 3, 'Skarga na towar!', 1),
(36, 23, 3, 'Nadmiar towaru!', 1),
(37, 37, 6, 'Nadmiar towaru!', 0),
(38, 32, 2, 'Skarga na towar!', 0),
(39, 17, 2, 'Nadmiar towaru!', 1),
(40, 23, 9, 'Zabraklo towaru!', 0),
(41, 40, 1, 'Nadmiar towaru!', 1),
(42, 32, 10, 'Oferta', 0),
(43, 15, 5, 'Zabraklo towaru!', 1),
(44, 21, 6, 'Skarga na towar!', 1),
(45, 32, 9, 'Nadmiar towaru!', 0),
(46, 19, 1, 'Nadmiar towaru!', 0),
(47, 33, 2, 'Oferta', 1),
(48, 28, 1, 'Zabraklo towaru!', 0),
(49, 32, 3, 'Nadmiar towaru!', 1),
(50, 34, 10, 'Nadmiar towaru!', 0),
(51, 17, 3, 'Nadmiar towaru!', 0),
(52, 11, 4, 'Nadmiar towaru!', 1),
(53, 26, 5, 'Oferta', 0),
(54, 11, 10, 'Nadmiar towaru!', 0),
(55, 16, 1, 'Zabraklo towaru!', 0),
(56, 16, 5, 'Skarga na towar!', 0),
(57, 34, 8, 'Zabraklo towaru!', 1),
(58, 38, 5, 'Nadmiar towaru!', 1),
(59, 26, 1, 'Zabraklo towaru!', 1),
(60, 31, 6, 'Nadmiar towaru!', 0),
(61, 27, 9, 'Zabraklo towaru!', 0),
(62, 28, 5, 'Nadmiar towaru!', 0),
(63, 27, 8, 'Nadmiar towaru!', 0),
(64, 39, 9, 'Nadmiar towaru!', 0),
(65, 15, 10, 'Oferta', 1),
(66, 23, 4, 'Zabraklo towaru!', 0),
(67, 19, 4, 'Nadmiar towaru!', 1),
(68, 13, 5, 'Nadmiar towaru!', 0),
(69, 12, 6, 'Oferta', 1),
(70, 37, 9, 'Oferta', 1),
(71, 20, 8, 'Zabraklo towaru!', 1),
(72, 31, 1, 'Skarga na towar!', 1),
(73, 41, 3, 'Skarga na towar!', 1),
(74, 25, 5, 'Skarga na towar!', 0),
(75, 30, 6, 'Zabraklo towaru!', 1),
(76, 38, 7, 'Zabraklo towaru!', 1),
(77, 22, 10, 'Nadmiar towaru!', 1),
(78, 17, 3, 'Zabraklo towaru!', 0),
(79, 13, 6, 'Skarga na towar!', 1),
(80, 34, 2, 'Skarga na towar!', 0),
(81, 27, 3, 'Zabraklo towaru!', 0),
(82, 13, 10, 'Oferta', 0),
(83, 31, 6, 'Zabraklo towaru!', 1),
(84, 22, 9, 'Oferta', 0),
(85, 15, 8, 'Zabraklo towaru!', 0),
(86, 37, 5, 'Zabraklo towaru!', 0),
(87, 31, 10, 'Skarga na towar!', 0),
(88, 13, 1, 'Oferta', 1),
(89, 23, 7, 'Skarga na towar!', 1),
(90, 27, 2, 'Skarga na towar!', 1),
(91, 39, 7, 'Skarga na towar!', 1),
(92, 25, 1, 'Skarga na towar!', 1),
(93, 13, 4, 'Skarga na towar!', 0),
(94, 33, 4, 'Nadmiar towaru!', 0),
(95, 34, 3, 'Oferta', 0),
(96, 38, 7, 'Skarga na towar!', 0),
(97, 12, 10, 'Nadmiar towaru!', 1),
(98, 26, 5, 'Oferta', 0),
(99, 25, 4, 'Nadmiar towaru!', 1),
(100, 28, 4, 'Oferta', 1),
(101, 36, 7, 'Oferta', 0),
(102, 20, 5, 'Skarga na towar!', 1),
(103, 30, 4, 'Skarga na towar!', 0),
(104, 39, 1, 'Oferta', 0),
(105, 20, 3, 'Oferta', 0),
(106, 35, 1, 'Skarga na towar!', 1),
(107, 41, 9, 'Nadmiar towaru!', 0),
(108, 19, 8, 'Skarga na towar!', 1),
(109, 41, 2, 'Zabraklo towaru!', 1),
(110, 30, 2, 'Nadmiar towaru!', 1),
(111, 20, 5, 'Oferta', 1),
(112, 11, 7, 'Zabraklo towaru!', 0),
(113, 14, 3, 'Skarga na towar!', 1),
(114, 40, 8, 'Nadmiar towaru!', 0),
(115, 15, 1, 'Nadmiar towaru!', 0),
(116, 13, 1, 'Skarga na towar!', 0),
(117, 22, 6, 'Skarga na towar!', 1),
(118, 26, 9, 'Oferta', 1),
(119, 36, 6, 'Oferta', 1),
(120, 32, 9, 'Nadmiar towaru!', 0),
(121, 12, 1, 'Zabraklo towaru!', 1),
(122, 14, 10, 'Skarga na towar!', 1),
(123, 18, 9, 'Zabraklo towaru!', 1),
(124, 40, 9, 'Zabraklo towaru!', 1),
(125, 13, 2, 'Nadmiar towaru!', 1),
(126, 41, 1, 'Skarga na towar!', 0),
(127, 32, 1, 'Skarga na towar!', 0),
(128, 20, 10, 'Oferta', 1),
(129, 19, 6, 'Zabraklo towaru!', 1),
(130, 35, 8, 'Oferta', 0),
(131, 39, 6, 'Zabraklo towaru!', 1),
(132, 20, 4, 'Nadmiar towaru!', 1),
(133, 38, 3, 'Oferta', 1),
(134, 20, 7, 'Skarga na towar!', 1),
(135, 29, 1, 'Oferta', 1),
(136, 40, 3, 'Skarga na towar!', 1),
(137, 41, 9, 'Zabraklo towaru!', 0),
(138, 29, 4, 'Zabraklo towaru!', 0),
(139, 33, 9, 'Skarga na towar!', 0),
(140, 23, 10, 'Oferta', 1),
(141, 32, 7, 'Zabraklo towaru!', 0),
(142, 21, 1, 'Nadmiar towaru!', 1),
(143, 16, 3, 'Nadmiar towaru!', 0),
(144, 25, 3, 'Zabraklo towaru!', 1),
(145, 23, 9, 'Zabraklo towaru!', 1),
(146, 22, 10, 'Zabraklo towaru!', 1),
(147, 17, 10, 'Skarga na towar!', 0),
(148, 32, 8, 'Nadmiar towaru!', 0),
(149, 16, 8, 'Oferta', 0),
(150, 17, 10, 'Oferta', 1),
(151, 37, 10, 'Zabraklo towaru!', 0),
(152, 28, 3, 'Skarga na towar!', 0),
(153, 31, 8, 'Nadmiar towaru!', 1),
(154, 34, 1, 'Zabraklo towaru!', 1),
(155, 33, 3, 'Nadmiar towaru!', 1),
(156, 28, 2, 'Oferta', 0),
(157, 18, 4, 'Oferta', 1),
(158, 40, 7, 'Skarga na towar!', 0),
(159, 24, 8, 'Nadmiar towaru!', 1),
(160, 34, 10, 'Skarga na towar!', 1),
(161, 31, 10, 'Skarga na towar!', 1),
(162, 31, 9, 'Zabraklo towaru!', 0),
(163, 23, 3, 'Skarga na towar!', 1),
(164, 17, 3, 'Oferta', 0),
(165, 25, 9, 'Skarga na towar!', 0),
(166, 28, 1, 'Zabraklo towaru!', 0),
(167, 13, 1, 'Zabraklo towaru!', 0),
(168, 23, 7, 'Nadmiar towaru!', 0),
(169, 25, 1, 'Nadmiar towaru!', 0),
(170, 41, 9, 'Zabraklo towaru!', 0),
(171, 32, 3, 'Oferta', 1),
(172, 18, 6, 'Nadmiar towaru!', 0),
(173, 15, 7, 'Oferta', 1),
(174, 11, 1, 'Oferta', 0),
(175, 21, 2, 'Nadmiar towaru!', 1),
(176, 26, 4, 'Skarga na towar!', 1),
(177, 21, 7, 'Nadmiar towaru!', 1),
(178, 26, 1, 'Skarga na towar!', 0),
(179, 23, 7, 'Skarga na towar!', 1),
(180, 14, 2, 'Skarga na towar!', 0),
(181, 15, 1, 'Nadmiar towaru!', 0),
(182, 34, 8, 'Skarga na towar!', 1),
(183, 22, 10, 'Nadmiar towaru!', 1),
(184, 13, 9, 'Skarga na towar!', 1),
(185, 31, 6, 'Zabraklo towaru!', 1),
(186, 38, 6, 'Nadmiar towaru!', 0),
(187, 22, 7, 'Nadmiar towaru!', 1),
(188, 18, 8, 'Zabraklo towaru!', 0),
(189, 15, 8, 'Skarga na towar!', 0),
(190, 11, 6, 'Oferta', 0),
(191, 19, 5, 'Zabraklo towaru!', 1),
(192, 36, 4, 'Oferta', 0),
(193, 39, 10, 'Oferta', 1),
(194, 27, 2, 'Skarga na towar!', 1),
(195, 34, 7, 'Zabraklo towaru!', 1),
(196, 32, 7, 'Skarga na towar!', 0),
(197, 14, 10, 'Zabraklo towaru!', 1),
(198, 25, 7, 'Nadmiar towaru!', 1),
(199, 17, 8, 'Zabraklo towaru!', 0),
(200, 38, 8, 'Nadmiar towaru!', 0);

-- --------------------------------------------------------

--
-- Struktura tabeli dla tabeli `magazyn`
--

CREATE TABLE `magazyn` (
  `id_magazynu` int(7) NOT NULL,
  `id_kierownika` int(7) NOT NULL,
  `adres` varchar(50) DEFAULT NULL,
  `pojemnosc` int(7) DEFAULT NULL
) ENGINE=InnoDB DEFAULT CHARSET=utf8mb4 COLLATE=utf8mb4_general_ci;

--
-- Dumping data for table `magazyn`
--

INSERT INTO `magazyn` (`id_magazynu`, `id_kierownika`, `adres`, `pojemnosc`) VALUES
(1, 11, 'al. Plater 25/88 11-729 Puławy', 3219),
(2, 12, 'pl. Boczna 98/26 31-836 Augustów', 4452),
(3, 13, 'ul. Skargi 70/07 43-584 Rzeszów', 4585);

-- --------------------------------------------------------

--
-- Struktura tabeli dla tabeli `pracownik_magazyn`
--

CREATE TABLE `pracownik_magazyn` (
  `id_pracownika` int(7) NOT NULL,
  `id_magazynu` int(7) NOT NULL
) ENGINE=InnoDB DEFAULT CHARSET=utf8mb4 COLLATE=utf8mb4_general_ci;

--
-- Dumping data for table `pracownik_magazyn`
--

INSERT INTO `pracownik_magazyn` (`id_pracownika`, `id_magazynu`) VALUES
(14, 2),
(15, 2),
(16, 1),
(17, 2),
(18, 1),
(19, 3),
(20, 3),
(21, 3),
(22, 2),
(23, 1),
(24, 2),
(25, 3),
(26, 2),
(27, 2),
(28, 1);

-- --------------------------------------------------------

--
-- Struktura tabeli dla tabeli `towar`
--

CREATE TABLE `towar` (
  `id_towaru` int(7) NOT NULL,
  `id_producenta` int(7) NOT NULL,
  `nazwa` varchar(30) DEFAULT NULL,
  `kategoria` varchar(20) DEFAULT NULL,
  `ilosc` int(7) DEFAULT 0
) ENGINE=InnoDB DEFAULT CHARSET=utf8mb4 COLLATE=utf8mb4_general_ci;

--
-- Dumping data for table `towar`
--

INSERT INTO `towar` (`id_towaru`, `id_producenta`, `nazwa`, `kategoria`, `ilosc`) VALUES
(1, 1, 'ziemniaki', 'zywnosc', 323),
(2, 2, 'węgiel', 'paliwa', 482),
(3, 3, 'ekogroszek', 'paliwa', 3574),
(4, 4, 'drewno', 'paliwa', 1049),
(5, 5, 'marmur', 'materialy', 3155),
(6, 6, 'granit', 'materialy', 1478),
(7, 7, 'koks', 'paliwa', 4884),
(8, 8, 'benzyna', 'paliwa', 4638),
(9, 9, 'piasek', 'materialy', 1324),
(10, 10, 'buraki', 'zywnosc', 559),
(11, 10, 'pszenica', 'zywnosc', 3113),
(12, 4, 'ryż', 'zywnosc', 1118),
(13, 9, 'gaz', 'paliwa', 2352),
(14, 5, 'glina', 'materialy', 1379),
(15, 6, 'ropa', 'paliwa', 352),
(16, 4, 'olej', 'paliwa', 1129),
(17, 8, 'jabłka', 'zywnosc', 3123),
(18, 8, 'stal', 'materialy', 4771),
(19, 7, 'beton', 'materialy', 3854),
(20, 1, 'wapień', 'materialy', 889);

-- --------------------------------------------------------

--
-- Struktura tabeli dla tabeli `towar_magazyn`
--

CREATE TABLE `towar_magazyn` (
  `id_towaru` int(7) NOT NULL,
  `id_magazynu` int(7) NOT NULL,
  `max_ilosc` int(7) DEFAULT NULL
) ENGINE=InnoDB DEFAULT CHARSET=utf8mb4 COLLATE=utf8mb4_general_ci;

--
-- Dumping data for table `towar_magazyn`
--

INSERT INTO `towar_magazyn` (`id_towaru`, `id_magazynu`, `max_ilosc`) VALUES
(1, 1, 187),
(1, 2, 132),
(1, 3, 338),
(2, 1, 864),
(2, 2, 129),
(2, 3, 270),
(3, 1, 857),
(3, 2, 998),
(3, 3, 79),
(4, 1, 162),
(4, 2, 749),
(4, 3, 215),
(5, 1, 855),
(5, 2, 240),
(5, 3, 553),
(6, 1, 312),
(6, 2, 986),
(6, 3, 493),
(7, 1, 414),
(7, 2, 29),
(7, 3, 457),
(8, 1, 253),
(8, 2, 232),
(8, 3, 783),
(9, 1, 954),
(9, 2, 840),
(9, 3, 962),
(10, 1, 460),
(10, 2, 426),
(10, 3, 488),
(11, 1, 281),
(11, 2, 757),
(11, 3, 517),
(12, 1, 496),
(12, 2, 360),
(12, 3, 260),
(13, 1, 552),
(13, 2, 405),
(13, 3, 775),
(14, 1, 37),
(14, 2, 931),
(14, 3, 476),
(15, 1, 667),
(15, 2, 611),
(15, 3, 65),
(16, 1, 417),
(16, 2, 969),
(16, 3, 477),
(17, 1, 828),
(17, 2, 585),
(17, 3, 127),
(18, 1, 197),
(18, 2, 132),
(18, 3, 215),
(19, 1, 893),
(19, 2, 850),
(19, 3, 743),
(20, 1, 38),
(20, 2, 491),
(20, 3, 447);

-- --------------------------------------------------------

--
-- Struktura tabeli dla tabeli `towar_zamowienie`
--

CREATE TABLE `towar_zamowienie` (
  `id_towaru` int(7) NOT NULL,
  `id_zamowienia` int(7) NOT NULL,
  `ilosc` int(7) DEFAULT NULL
) ENGINE=InnoDB DEFAULT CHARSET=utf8mb4 COLLATE=utf8mb4_general_ci;

--
-- Dumping data for table `towar_zamowienie`
--

INSERT INTO `towar_zamowienie` (`id_towaru`, `id_zamowienia`, `ilosc`) VALUES
(1, 28, 54),
(1, 31, 387),
(1, 52, 44),
(1, 92, 120),
(1, 106, 283),
(1, 147, 326),
(1, 162, 340),
(1, 170, 476),
(1, 185, 192),
(1, 209, 295),
(1, 213, 374),
(1, 229, 415),
(1, 297, 24),
(1, 330, 469),
(1, 371, 301),
(1, 505, 89),
(1, 511, 497),
(1, 517, 458),
(1, 519, 430),
(1, 536, 81),
(1, 552, 338),
(1, 554, 288),
(1, 594, 298),
(1, 637, 290),
(1, 639, 232),
(1, 641, 348),
(1, 665, 460),
(1, 683, 61),
(1, 711, 360),
(1, 736, 447),
(1, 761, 364),
(1, 832, 261),
(1, 853, 135),
(1, 869, 263),
(1, 878, 431),
(1, 888, 334),
(1, 906, 155),
(1, 956, 107),
(1, 961, 441),
(1, 963, 261),
(1, 995, 308),
(1, 999, 131),
(1, 1010, 65),
(1, 1018, 236),
(1, 1048, 314),
(1, 1050, 199),
(1, 1070, 101),
(1, 1091, 80),
(1, 1109, 500),
(1, 1133, 483),
(1, 1145, 40),
(1, 1147, 126),
(1, 1164, 339),
(1, 1179, 316),
(1, 1246, 274),
(1, 1291, 442),
(1, 1320, 341),
(1, 1321, 19),
(1, 1332, 271),
(1, 1335, 456),
(1, 1348, 301),
(1, 1424, 85),
(1, 1470, 296),
(1, 1487, 211),
(1, 1500, 362),
(1, 1505, 465),
(1, 1520, 98),
(1, 1539, 164),
(1, 1549, 49),
(1, 1552, 190),
(1, 1556, 169),
(1, 1558, 332),
(1, 1568, 21),
(1, 1572, 375),
(1, 1624, 58),
(1, 1665, 378),
(1, 1682, 207),
(1, 1693, 353),
(1, 1697, 300),
(1, 1705, 210),
(1, 1708, 79),
(1, 1712, 388),
(1, 1729, 29),
(1, 1733, 352),
(1, 1738, 138),
(1, 1740, 260),
(1, 1799, 335),
(1, 1834, 480),
(1, 1838, 27),
(1, 1843, 354),
(1, 1864, 195),
(1, 1894, 341),
(1, 1902, 421),
(1, 1906, 91),
(1, 1934, 420),
(1, 1947, 166),
(1, 1964, 330),
(1, 1997, 497),
(1, 2010, 479),
(1, 2017, 152),
(1, 2025, 284),
(1, 2026, 369),
(1, 2029, 391),
(1, 2032, 417),
(2, 7, 292),
(2, 13, 459),
(2, 18, 248),
(2, 19, 408),
(2, 82, 104),
(2, 93, 426),
(2, 130, 421),
(2, 228, 58),
(2, 289, 29),
(2, 296, 258),
(2, 304, 371),
(2, 333, 168),
(2, 369, 32),
(2, 387, 33),
(2, 394, 201),
(2, 401, 108),
(2, 417, 406),
(2, 455, 388),
(2, 463, 166),
(2, 507, 468),
(2, 526, 495),
(2, 535, 496),
(2, 537, 236),
(2, 542, 84),
(2, 572, 426),
(2, 593, 108),
(2, 607, 305),
(2, 625, 260),
(2, 662, 256),
(2, 668, 326),
(2, 680, 77),
(2, 697, 224),
(2, 704, 149),
(2, 719, 156),
(2, 764, 12),
(2, 775, 97),
(2, 818, 277),
(2, 852, 440),
(2, 912, 416),
(2, 932, 202),
(2, 953, 269),
(2, 965, 290),
(2, 972, 199),
(2, 975, 270),
(2, 1004, 360),
(2, 1006, 208),
(2, 1023, 171),
(2, 1060, 342),
(2, 1064, 225),
(2, 1113, 30),
(2, 1127, 19),
(2, 1130, 447),
(2, 1137, 465),
(2, 1140, 268),
(2, 1141, 374),
(2, 1156, 456),
(2, 1202, 55),
(2, 1219, 18),
(2, 1240, 171),
(2, 1287, 62),
(2, 1288, 174),
(2, 1327, 169),
(2, 1330, 450),
(2, 1336, 115),
(2, 1338, 432),
(2, 1372, 55),
(2, 1386, 319),
(2, 1391, 68),
(2, 1421, 498),
(2, 1519, 173),
(2, 1540, 108),
(2, 1561, 370),
(2, 1605, 308),
(2, 1614, 309),
(2, 1617, 64),
(2, 1622, 143),
(2, 1635, 66),
(2, 1653, 403),
(2, 1685, 84),
(2, 1743, 462),
(2, 1768, 236),
(2, 1801, 158),
(2, 1813, 105),
(2, 1822, 41),
(2, 1841, 254),
(2, 1871, 448),
(2, 1877, 489),
(2, 1924, 93),
(2, 1930, 416),
(2, 1944, 460),
(2, 1954, 38),
(2, 2043, 79),
(2, 2047, 65),
(3, 6, 115),
(3, 42, 483),
(3, 56, 82),
(3, 63, 370),
(3, 84, 289),
(3, 94, 114),
(3, 95, 183),
(3, 111, 358),
(3, 123, 365),
(3, 139, 202),
(3, 143, 290),
(3, 145, 444),
(3, 148, 240),
(3, 174, 493),
(3, 211, 464),
(3, 220, 152),
(3, 278, 28),
(3, 307, 159),
(3, 338, 460),
(3, 339, 198),
(3, 340, 254),
(3, 353, 328),
(3, 397, 141),
(3, 437, 416),
(3, 438, 166),
(3, 458, 394),
(3, 471, 209),
(3, 500, 13),
(3, 502, 74),
(3, 518, 131),
(3, 530, 163),
(3, 537, 34),
(3, 543, 11),
(3, 544, 340),
(3, 555, 374),
(3, 576, 33),
(3, 582, 263),
(3, 614, 201),
(3, 619, 282),
(3, 653, 365),
(3, 691, 350),
(3, 702, 424),
(3, 717, 94),
(3, 723, 143),
(3, 730, 240),
(3, 748, 307),
(3, 750, 189),
(3, 754, 433),
(3, 765, 315),
(3, 767, 239),
(3, 800, 269),
(3, 815, 137),
(3, 859, 441),
(3, 875, 101),
(3, 881, 163),
(3, 957, 454),
(3, 968, 406),
(3, 987, 484),
(3, 997, 277),
(3, 1008, 103),
(3, 1015, 337),
(3, 1036, 317),
(3, 1049, 228),
(3, 1058, 73),
(3, 1149, 444),
(3, 1153, 217),
(3, 1224, 230),
(3, 1247, 384),
(3, 1303, 385),
(3, 1318, 30),
(3, 1328, 288),
(3, 1343, 283),
(3, 1370, 189),
(3, 1383, 82),
(3, 1394, 458),
(3, 1404, 163),
(3, 1412, 336),
(3, 1467, 208),
(3, 1480, 88),
(3, 1484, 284),
(3, 1495, 437),
(3, 1514, 80),
(3, 1521, 189),
(3, 1531, 148),
(3, 1564, 262),
(3, 1591, 364),
(3, 1625, 96),
(3, 1629, 231),
(3, 1645, 204),
(3, 1664, 204),
(3, 1730, 25),
(3, 1763, 295),
(3, 1790, 271),
(3, 1803, 315),
(3, 1846, 194),
(3, 1847, 74),
(3, 1861, 240),
(3, 1862, 130),
(3, 1904, 308),
(3, 1909, 457),
(3, 1921, 297),
(3, 1937, 121),
(3, 1938, 472),
(3, 1941, 278),
(3, 1988, 326),
(3, 1994, 35),
(3, 1995, 442),
(3, 2000, 114),
(3, 2008, 180),
(3, 2039, 315),
(3, 2040, 309),
(4, 40, 451),
(4, 43, 216),
(4, 45, 347),
(4, 47, 102),
(4, 70, 148),
(4, 100, 44),
(4, 132, 212),
(4, 147, 319),
(4, 176, 113),
(4, 182, 25),
(4, 194, 250),
(4, 216, 374),
(4, 221, 374),
(4, 240, 456),
(4, 241, 390),
(4, 258, 155),
(4, 266, 453),
(4, 289, 73),
(4, 311, 216),
(4, 337, 65),
(4, 360, 172),
(4, 439, 212),
(4, 446, 167),
(4, 485, 491),
(4, 497, 93),
(4, 514, 402),
(4, 563, 175),
(4, 571, 172),
(4, 574, 278),
(4, 591, 163),
(4, 616, 479),
(4, 632, 151),
(4, 634, 346),
(4, 637, 414),
(4, 651, 437),
(4, 656, 64),
(4, 681, 435),
(4, 690, 409),
(4, 720, 388),
(4, 759, 102),
(4, 768, 222),
(4, 775, 102),
(4, 817, 125),
(4, 837, 372),
(4, 874, 334),
(4, 889, 319),
(4, 925, 293),
(4, 936, 395),
(4, 949, 177),
(4, 952, 145),
(4, 984, 412),
(4, 1040, 22),
(4, 1063, 225),
(4, 1160, 471),
(4, 1209, 302),
(4, 1216, 378),
(4, 1289, 125),
(4, 1314, 302),
(4, 1329, 325),
(4, 1341, 212),
(4, 1360, 431),
(4, 1377, 330),
(4, 1379, 59),
(4, 1408, 245),
(4, 1414, 387),
(4, 1415, 157),
(4, 1435, 408),
(4, 1468, 236),
(4, 1475, 230),
(4, 1478, 447),
(4, 1489, 406),
(4, 1492, 398),
(4, 1534, 153),
(4, 1555, 236),
(4, 1566, 153),
(4, 1575, 451),
(4, 1579, 100),
(4, 1587, 32),
(4, 1590, 152),
(4, 1602, 206),
(4, 1609, 180),
(4, 1694, 469),
(4, 1695, 312),
(4, 1700, 315),
(4, 1758, 306),
(4, 1761, 349),
(4, 1762, 467),
(4, 1779, 33),
(4, 1780, 137),
(4, 1840, 243),
(4, 1873, 159),
(4, 1884, 180),
(4, 1891, 420),
(4, 1898, 225),
(4, 1915, 215),
(4, 1916, 485),
(4, 1935, 216),
(4, 1940, 481),
(4, 1960, 201),
(4, 1982, 281),
(4, 2001, 120),
(5, 10, 433),
(5, 89, 48),
(5, 96, 204),
(5, 107, 412),
(5, 210, 323),
(5, 274, 352),
(5, 296, 329),
(5, 316, 154),
(5, 345, 27),
(5, 371, 458),
(5, 382, 162),
(5, 386, 154),
(5, 400, 466),
(5, 423, 316),
(5, 456, 396),
(5, 461, 394),
(5, 489, 156),
(5, 495, 448),
(5, 515, 489),
(5, 528, 92),
(5, 532, 448),
(5, 566, 131),
(5, 581, 488),
(5, 587, 496),
(5, 670, 241),
(5, 677, 175),
(5, 714, 279),
(5, 716, 15),
(5, 734, 399),
(5, 735, 412),
(5, 756, 295),
(5, 779, 150),
(5, 804, 217),
(5, 825, 355),
(5, 865, 386),
(5, 882, 263),
(5, 886, 283),
(5, 893, 116),
(5, 895, 265),
(5, 907, 208),
(5, 925, 236),
(5, 939, 171),
(5, 994, 415),
(5, 1032, 159),
(5, 1072, 467),
(5, 1082, 415),
(5, 1085, 473),
(5, 1086, 465),
(5, 1096, 440),
(5, 1139, 87),
(5, 1144, 303),
(5, 1167, 326),
(5, 1171, 27),
(5, 1182, 116),
(5, 1199, 166),
(5, 1211, 41),
(5, 1229, 290),
(5, 1249, 139),
(5, 1262, 191),
(5, 1264, 458),
(5, 1308, 347),
(5, 1319, 382),
(5, 1331, 461),
(5, 1368, 405),
(5, 1407, 432),
(5, 1426, 376),
(5, 1432, 362),
(5, 1433, 98),
(5, 1440, 110),
(5, 1456, 479),
(5, 1458, 340),
(5, 1464, 331),
(5, 1478, 338),
(5, 1483, 29),
(5, 1509, 178),
(5, 1513, 371),
(5, 1526, 430),
(5, 1584, 54),
(5, 1587, 350),
(5, 1656, 286),
(5, 1660, 307),
(5, 1668, 127),
(5, 1671, 413),
(5, 1675, 43),
(5, 1719, 329),
(5, 1732, 406),
(5, 1753, 172),
(5, 1795, 22),
(5, 1814, 472),
(5, 1828, 436),
(5, 1923, 78),
(5, 1926, 270),
(5, 1934, 449),
(5, 1951, 249),
(5, 1968, 125),
(5, 1969, 255),
(5, 1970, 115),
(5, 1990, 200),
(5, 2014, 260),
(5, 2018, 189),
(6, 17, 27),
(6, 24, 59),
(6, 50, 107),
(6, 122, 39),
(6, 144, 18),
(6, 175, 240),
(6, 178, 255),
(6, 180, 433),
(6, 181, 288),
(6, 208, 152),
(6, 220, 28),
(6, 291, 274),
(6, 310, 182),
(6, 326, 198),
(6, 342, 33),
(6, 349, 383),
(6, 380, 342),
(6, 391, 482),
(6, 441, 242),
(6, 448, 396),
(6, 468, 59),
(6, 506, 140),
(6, 553, 217),
(6, 562, 331),
(6, 575, 172),
(6, 580, 211),
(6, 602, 319),
(6, 608, 427),
(6, 618, 415),
(6, 626, 428),
(6, 638, 80),
(6, 644, 352),
(6, 657, 317),
(6, 666, 337),
(6, 669, 238),
(6, 696, 216),
(6, 726, 438),
(6, 744, 282),
(6, 774, 242),
(6, 782, 113),
(6, 808, 131),
(6, 828, 182),
(6, 831, 465),
(6, 842, 233),
(6, 846, 237),
(6, 862, 228),
(6, 887, 192),
(6, 896, 352),
(6, 899, 300),
(6, 917, 151),
(6, 934, 485),
(6, 1029, 339),
(6, 1038, 311),
(6, 1046, 399),
(6, 1059, 304),
(6, 1117, 254),
(6, 1119, 149),
(6, 1123, 475),
(6, 1129, 91),
(6, 1135, 211),
(6, 1146, 498),
(6, 1159, 181),
(6, 1194, 149),
(6, 1197, 154),
(6, 1203, 380),
(6, 1206, 453),
(6, 1216, 234),
(6, 1241, 337),
(6, 1250, 155),
(6, 1272, 113),
(6, 1276, 363),
(6, 1295, 38),
(6, 1297, 424),
(6, 1298, 132),
(6, 1300, 173),
(6, 1333, 63),
(6, 1357, 163),
(6, 1366, 207),
(6, 1403, 70),
(6, 1420, 350),
(6, 1453, 103),
(6, 1463, 396),
(6, 1465, 182),
(6, 1493, 490),
(6, 1494, 79),
(6, 1496, 141),
(6, 1497, 303),
(6, 1532, 302),
(6, 1536, 44),
(6, 1565, 73),
(6, 1659, 32),
(6, 1714, 218),
(6, 1724, 286),
(6, 1741, 470),
(6, 1747, 447),
(6, 1767, 18),
(6, 1777, 77),
(6, 1821, 400),
(6, 1831, 359),
(6, 1848, 150),
(6, 1885, 339),
(6, 1901, 40),
(6, 1946, 37),
(6, 1966, 455),
(6, 2005, 182),
(7, 11, 141),
(7, 22, 324),
(7, 26, 58),
(7, 58, 59),
(7, 68, 290),
(7, 72, 285),
(7, 117, 293),
(7, 150, 229),
(7, 157, 441),
(7, 159, 91),
(7, 160, 400),
(7, 203, 228),
(7, 206, 410),
(7, 249, 243),
(7, 283, 178),
(7, 295, 427),
(7, 300, 457),
(7, 324, 350),
(7, 343, 54),
(7, 404, 482),
(7, 405, 431),
(7, 410, 269),
(7, 451, 476),
(7, 476, 127),
(7, 482, 273),
(7, 487, 253),
(7, 509, 337),
(7, 515, 10),
(7, 522, 201),
(7, 539, 397),
(7, 548, 401),
(7, 551, 205),
(7, 565, 410),
(7, 569, 484),
(7, 570, 207),
(7, 592, 346),
(7, 650, 284),
(7, 655, 383),
(7, 689, 404),
(7, 693, 435),
(7, 721, 274),
(7, 732, 497),
(7, 753, 484),
(7, 777, 62),
(7, 789, 69),
(7, 792, 180),
(7, 809, 335),
(7, 826, 237),
(7, 829, 397),
(7, 867, 316),
(7, 902, 488),
(7, 930, 210),
(7, 979, 385),
(7, 988, 174),
(7, 1024, 304),
(7, 1052, 390),
(7, 1065, 477),
(7, 1078, 485),
(7, 1083, 130),
(7, 1151, 126),
(7, 1168, 298),
(7, 1169, 120),
(7, 1173, 156),
(7, 1192, 474),
(7, 1195, 416),
(7, 1223, 265),
(7, 1226, 158),
(7, 1267, 41),
(7, 1275, 436),
(7, 1304, 215),
(7, 1322, 383),
(7, 1346, 362),
(7, 1362, 121),
(7, 1367, 380),
(7, 1400, 362),
(7, 1429, 35),
(7, 1441, 144),
(7, 1442, 240),
(7, 1476, 251),
(7, 1486, 193),
(7, 1508, 286),
(7, 1517, 68),
(7, 1528, 95),
(7, 1543, 232),
(7, 1545, 103),
(7, 1554, 159),
(7, 1618, 38),
(7, 1623, 204),
(7, 1634, 388),
(7, 1644, 300),
(7, 1683, 226),
(7, 1689, 220),
(7, 1697, 372),
(7, 1759, 307),
(7, 1785, 115),
(7, 1789, 348),
(7, 1792, 438),
(7, 1832, 406),
(7, 1833, 105),
(7, 1851, 284),
(7, 1852, 98),
(7, 1857, 271),
(7, 1887, 388),
(7, 1896, 476),
(7, 1900, 138),
(7, 1908, 237),
(7, 1922, 333),
(7, 2024, 486),
(7, 2031, 379),
(7, 2041, 454),
(7, 2048, 445),
(8, 21, 372),
(8, 35, 275),
(8, 65, 408),
(8, 105, 500),
(8, 108, 172),
(8, 124, 241),
(8, 200, 251),
(8, 214, 472),
(8, 232, 115),
(8, 236, 331),
(8, 244, 108),
(8, 261, 54),
(8, 272, 297),
(8, 305, 235),
(8, 359, 375),
(8, 367, 227),
(8, 384, 79),
(8, 408, 479),
(8, 416, 215),
(8, 432, 485),
(8, 459, 46),
(8, 475, 309),
(8, 480, 305),
(8, 492, 477),
(8, 503, 413),
(8, 527, 84),
(8, 540, 238),
(8, 547, 415),
(8, 564, 452),
(8, 583, 50),
(8, 596, 446),
(8, 597, 144),
(8, 605, 148),
(8, 623, 127),
(8, 633, 216),
(8, 684, 205),
(8, 699, 73),
(8, 715, 314),
(8, 725, 281),
(8, 741, 92),
(8, 781, 277),
(8, 806, 208),
(8, 811, 110),
(8, 820, 135),
(8, 834, 222),
(8, 841, 102),
(8, 883, 143),
(8, 922, 394),
(8, 944, 381),
(8, 974, 287),
(8, 976, 360),
(8, 985, 293),
(8, 1016, 157),
(8, 1020, 46),
(8, 1021, 288),
(8, 1026, 466),
(8, 1027, 295),
(8, 1051, 96),
(8, 1054, 125),
(8, 1062, 132),
(8, 1081, 266),
(8, 1096, 64),
(8, 1100, 247),
(8, 1101, 72),
(8, 1166, 211),
(8, 1172, 492),
(8, 1187, 346),
(8, 1234, 460),
(8, 1244, 54),
(8, 1259, 73),
(8, 1266, 281),
(8, 1307, 118),
(8, 1352, 421),
(8, 1359, 456),
(8, 1365, 255),
(8, 1369, 251),
(8, 1370, 71),
(8, 1406, 371),
(8, 1420, 357),
(8, 1436, 65),
(8, 1471, 209),
(8, 1479, 423),
(8, 1488, 272),
(8, 1515, 397),
(8, 1523, 446),
(8, 1551, 36),
(8, 1570, 450),
(8, 1600, 62),
(8, 1603, 179),
(8, 1615, 97),
(8, 1651, 93),
(8, 1696, 220),
(8, 1698, 277),
(8, 1720, 279),
(8, 1797, 161),
(8, 1818, 280),
(8, 1845, 270),
(8, 1869, 428),
(8, 1882, 242),
(8, 1910, 366),
(8, 1932, 316),
(8, 1963, 439),
(8, 1978, 217),
(8, 2020, 54),
(8, 2044, 464),
(9, 5, 279),
(9, 12, 440),
(9, 32, 283),
(9, 41, 479),
(9, 57, 86),
(9, 67, 496),
(9, 106, 453),
(9, 164, 308),
(9, 179, 494),
(9, 195, 457),
(9, 205, 218),
(9, 219, 50),
(9, 226, 169),
(9, 251, 355),
(9, 255, 328),
(9, 257, 92),
(9, 265, 256),
(9, 280, 489),
(9, 286, 108),
(9, 299, 86),
(9, 310, 345),
(9, 317, 361),
(9, 343, 251),
(9, 355, 407),
(9, 358, 226),
(9, 373, 312),
(9, 392, 489),
(9, 430, 47),
(9, 453, 19),
(9, 521, 239),
(9, 525, 48),
(9, 546, 349),
(9, 630, 437),
(9, 642, 425),
(9, 649, 438),
(9, 672, 287),
(9, 700, 204),
(9, 733, 490),
(9, 758, 112),
(9, 773, 363),
(9, 780, 336),
(9, 785, 421),
(9, 786, 442),
(9, 801, 31),
(9, 805, 80),
(9, 830, 336),
(9, 900, 122),
(9, 911, 239),
(9, 921, 314),
(9, 928, 15),
(9, 933, 64),
(9, 948, 120),
(9, 980, 275),
(9, 1009, 145),
(9, 1056, 28),
(9, 1070, 322),
(9, 1088, 115),
(9, 1095, 467),
(9, 1106, 186),
(9, 1118, 59),
(9, 1148, 97),
(9, 1158, 434),
(9, 1177, 342),
(9, 1218, 330),
(9, 1228, 495),
(9, 1231, 486),
(9, 1255, 18),
(9, 1264, 75),
(9, 1268, 334),
(9, 1269, 78),
(9, 1273, 475),
(9, 1296, 267),
(9, 1349, 284),
(9, 1355, 190),
(9, 1371, 202),
(9, 1385, 203),
(9, 1418, 340),
(9, 1425, 168),
(9, 1447, 63),
(9, 1452, 47),
(9, 1491, 200),
(9, 1498, 338),
(9, 1507, 157),
(9, 1518, 322),
(9, 1538, 290),
(9, 1541, 258),
(9, 1548, 491),
(9, 1563, 381),
(9, 1611, 311),
(9, 1623, 303),
(9, 1628, 164),
(9, 1662, 54),
(9, 1677, 195),
(9, 1723, 160),
(9, 1725, 167),
(9, 1752, 329),
(9, 1757, 27),
(9, 1760, 192),
(9, 1766, 208),
(9, 1804, 259),
(9, 1865, 127),
(9, 1905, 399),
(9, 1923, 30),
(9, 1928, 259),
(9, 1929, 78),
(9, 1957, 184),
(9, 1961, 90),
(9, 1962, 384),
(9, 1971, 273),
(9, 1975, 14),
(9, 1986, 247),
(9, 2007, 268),
(9, 2036, 60),
(9, 2037, 379),
(10, 23, 126),
(10, 34, 449),
(10, 37, 164),
(10, 78, 233),
(10, 113, 283),
(10, 127, 165),
(10, 142, 270),
(10, 149, 272),
(10, 155, 177),
(10, 169, 60),
(10, 177, 427),
(10, 189, 413),
(10, 191, 281),
(10, 197, 368),
(10, 212, 187),
(10, 313, 107),
(10, 329, 78),
(10, 334, 446),
(10, 356, 310),
(10, 389, 378),
(10, 395, 272),
(10, 414, 324),
(10, 426, 299),
(10, 428, 146),
(10, 431, 121),
(10, 464, 236),
(10, 513, 455),
(10, 524, 50),
(10, 558, 304),
(10, 567, 431),
(10, 578, 90),
(10, 629, 114),
(10, 643, 94),
(10, 652, 408),
(10, 673, 147),
(10, 687, 329),
(10, 692, 323),
(10, 710, 129),
(10, 722, 25),
(10, 739, 366),
(10, 745, 197),
(10, 772, 464),
(10, 793, 313),
(10, 814, 169),
(10, 816, 433),
(10, 822, 202),
(10, 827, 283),
(10, 839, 224),
(10, 844, 248),
(10, 866, 381),
(10, 904, 321),
(10, 923, 183),
(10, 940, 103),
(10, 995, 352),
(10, 1034, 370),
(10, 1042, 282),
(10, 1109, 344),
(10, 1115, 440),
(10, 1136, 414),
(10, 1178, 189),
(10, 1208, 21),
(10, 1241, 157),
(10, 1253, 218),
(10, 1271, 292),
(10, 1279, 161),
(10, 1292, 111),
(10, 1293, 131),
(10, 1305, 413),
(10, 1324, 302),
(10, 1350, 422),
(10, 1354, 476),
(10, 1356, 153),
(10, 1378, 113),
(10, 1392, 305),
(10, 1469, 236),
(10, 1483, 258),
(10, 1503, 344),
(10, 1504, 254),
(10, 1530, 163),
(10, 1576, 99),
(10, 1601, 179),
(10, 1604, 441),
(10, 1647, 253),
(10, 1661, 308),
(10, 1666, 374),
(10, 1669, 126),
(10, 1690, 296),
(10, 1702, 363),
(10, 1718, 362),
(10, 1736, 250),
(10, 1737, 288),
(10, 1786, 425),
(10, 1800, 429),
(10, 1812, 205),
(10, 1817, 364),
(10, 1825, 496),
(10, 1846, 139),
(10, 1850, 265),
(10, 1856, 375),
(10, 1870, 290),
(10, 1907, 87),
(10, 1936, 468),
(10, 1949, 442),
(10, 1977, 53),
(10, 1981, 157),
(10, 1985, 380),
(10, 1987, 458),
(10, 2022, 17),
(10, 2028, 454),
(11, 1, 487),
(11, 33, 485),
(11, 61, 466),
(11, 69, 77),
(11, 83, 275),
(11, 101, 300),
(11, 119, 196),
(11, 131, 299),
(11, 133, 484),
(11, 135, 441),
(11, 152, 290),
(11, 187, 54),
(11, 198, 124),
(11, 217, 426),
(11, 234, 271),
(11, 235, 454),
(11, 254, 470),
(11, 256, 248),
(11, 260, 94),
(11, 270, 495),
(11, 293, 119),
(11, 296, 346),
(11, 306, 449),
(11, 322, 109),
(11, 351, 79),
(11, 403, 203),
(11, 424, 399),
(11, 449, 196),
(11, 466, 449),
(11, 504, 364),
(11, 556, 117),
(11, 570, 179),
(11, 588, 108),
(11, 590, 200),
(11, 645, 15),
(11, 660, 451),
(11, 687, 404),
(11, 701, 36),
(11, 707, 372),
(11, 713, 41),
(11, 738, 380),
(11, 750, 361),
(11, 769, 311),
(11, 783, 371),
(11, 848, 319),
(11, 856, 320),
(11, 880, 285),
(11, 889, 178),
(11, 894, 12),
(11, 909, 365),
(11, 910, 399),
(11, 973, 358),
(11, 990, 445),
(11, 1037, 310),
(11, 1066, 356),
(11, 1076, 479),
(11, 1090, 318),
(11, 1094, 256),
(11, 1114, 284),
(11, 1131, 343),
(11, 1161, 118),
(11, 1165, 466),
(11, 1221, 457),
(11, 1230, 179),
(11, 1237, 357),
(11, 1242, 265),
(11, 1243, 426),
(11, 1245, 94),
(11, 1248, 213),
(11, 1254, 368),
(11, 1256, 23),
(11, 1281, 314),
(11, 1282, 356),
(11, 1326, 154),
(11, 1334, 246),
(11, 1337, 327),
(11, 1351, 257),
(11, 1396, 315),
(11, 1397, 251),
(11, 1423, 443),
(11, 1438, 438),
(11, 1443, 220),
(11, 1451, 193),
(11, 1512, 378),
(11, 1544, 369),
(11, 1550, 97),
(11, 1560, 497),
(11, 1649, 56),
(11, 1716, 28),
(11, 1717, 104),
(11, 1727, 371),
(11, 1734, 41),
(11, 1756, 156),
(11, 1772, 108),
(11, 1829, 237),
(11, 1839, 219),
(11, 1863, 314),
(11, 1886, 155),
(11, 1900, 303),
(11, 1917, 419),
(11, 1933, 241),
(11, 1958, 388),
(11, 1998, 141),
(11, 2034, 50),
(12, 3, 32),
(12, 20, 210),
(12, 36, 65),
(12, 46, 169),
(12, 53, 161),
(12, 54, 363),
(12, 86, 344),
(12, 97, 72),
(12, 102, 18),
(12, 112, 138),
(12, 116, 376),
(12, 125, 290),
(12, 137, 291),
(12, 165, 29),
(12, 166, 245),
(12, 184, 169),
(12, 202, 223),
(12, 218, 78),
(12, 223, 300),
(12, 225, 222),
(12, 242, 12),
(12, 243, 58),
(12, 245, 394),
(12, 253, 44),
(12, 264, 241),
(12, 285, 453),
(12, 287, 236),
(12, 290, 303),
(12, 320, 105),
(12, 341, 182),
(12, 382, 80),
(12, 406, 236),
(12, 433, 438),
(12, 442, 441),
(12, 454, 186),
(12, 473, 460),
(12, 479, 129),
(12, 531, 466),
(12, 566, 390),
(12, 609, 53),
(12, 613, 486),
(12, 617, 226),
(12, 647, 493),
(12, 659, 222),
(12, 663, 48),
(12, 664, 229),
(12, 727, 186),
(12, 749, 399),
(12, 751, 140),
(12, 778, 193),
(12, 835, 10),
(12, 840, 164),
(12, 854, 452),
(12, 863, 66),
(12, 864, 296),
(12, 892, 147),
(12, 924, 336),
(12, 947, 406),
(12, 951, 500),
(12, 958, 301),
(12, 960, 83),
(12, 991, 110),
(12, 993, 359),
(12, 996, 390),
(12, 1025, 83),
(12, 1102, 262),
(12, 1103, 425),
(12, 1116, 375),
(12, 1124, 174),
(12, 1159, 396),
(12, 1183, 103),
(12, 1191, 408),
(12, 1201, 36),
(12, 1213, 447),
(12, 1214, 212),
(12, 1238, 321),
(12, 1284, 249),
(12, 1309, 336),
(12, 1315, 389),
(12, 1340, 382),
(12, 1347, 211),
(12, 1351, 123),
(12, 1382, 344),
(12, 1405, 23),
(12, 1410, 247),
(12, 1411, 247),
(12, 1441, 234),
(12, 1463, 64),
(12, 1501, 21),
(12, 1529, 489),
(12, 1546, 13),
(12, 1555, 420),
(12, 1595, 249),
(12, 1598, 327),
(12, 1630, 253),
(12, 1633, 189),
(12, 1655, 428),
(12, 1659, 218),
(12, 1679, 65),
(12, 1706, 207),
(12, 1707, 479),
(12, 1715, 421),
(12, 1739, 232),
(12, 1745, 418),
(12, 1798, 66),
(12, 1800, 466),
(12, 1805, 186),
(12, 1838, 308),
(12, 1849, 174),
(12, 1867, 495),
(12, 1881, 61),
(12, 1888, 20),
(12, 1889, 119),
(12, 1892, 399),
(12, 1903, 43),
(12, 1913, 457),
(12, 1952, 257),
(12, 1959, 297),
(12, 1976, 380),
(12, 1980, 456),
(12, 1989, 53),
(12, 2013, 304),
(12, 2019, 365),
(13, 16, 141),
(13, 25, 295),
(13, 27, 392),
(13, 38, 168),
(13, 60, 286),
(13, 85, 147),
(13, 90, 455),
(13, 99, 444),
(13, 114, 430),
(13, 167, 34),
(13, 183, 160),
(13, 199, 415),
(13, 201, 15),
(13, 215, 463),
(13, 239, 75),
(13, 281, 140),
(13, 303, 187),
(13, 312, 214),
(13, 327, 476),
(13, 364, 144),
(13, 366, 410),
(13, 376, 388),
(13, 383, 424),
(13, 393, 254),
(13, 396, 379),
(13, 422, 185),
(13, 425, 318),
(13, 443, 365),
(13, 447, 255),
(13, 450, 46),
(13, 470, 162),
(13, 496, 337),
(13, 503, 85),
(13, 523, 371),
(13, 557, 330),
(13, 610, 394),
(13, 612, 196),
(13, 635, 269),
(13, 679, 432),
(13, 688, 99),
(13, 712, 50),
(13, 729, 249),
(13, 742, 391),
(13, 746, 475),
(13, 760, 244),
(13, 799, 69),
(13, 833, 204),
(13, 835, 37),
(13, 845, 383),
(13, 850, 316),
(13, 872, 215),
(13, 905, 177),
(13, 966, 444),
(13, 998, 217),
(13, 1013, 252),
(13, 1014, 278),
(13, 1039, 236),
(13, 1098, 143),
(13, 1126, 23),
(13, 1143, 109),
(13, 1155, 301),
(13, 1180, 439),
(13, 1184, 227),
(13, 1189, 175),
(13, 1227, 24),
(13, 1257, 286),
(13, 1261, 117),
(13, 1280, 357),
(13, 1313, 441),
(13, 1399, 425),
(13, 1409, 248),
(13, 1416, 263),
(13, 1434, 105),
(13, 1454, 299),
(13, 1457, 219),
(13, 1472, 41),
(13, 1490, 167),
(13, 1522, 82),
(13, 1524, 151),
(13, 1542, 182),
(13, 1571, 183),
(13, 1578, 71),
(13, 1580, 484),
(13, 1592, 184),
(13, 1648, 150),
(13, 1657, 482),
(13, 1658, 201),
(13, 1699, 252),
(13, 1751, 188),
(13, 1764, 431),
(13, 1769, 425),
(13, 1796, 58),
(13, 1807, 88),
(13, 1853, 409),
(13, 1875, 265),
(13, 1897, 289),
(13, 1920, 295),
(13, 1972, 415),
(13, 2012, 330),
(13, 2021, 488),
(13, 2030, 126),
(14, 41, 10),
(14, 66, 112),
(14, 77, 321),
(14, 85, 461),
(14, 87, 298),
(14, 88, 210),
(14, 103, 180),
(14, 110, 444),
(14, 115, 212),
(14, 121, 284),
(14, 151, 20),
(14, 238, 467),
(14, 277, 244),
(14, 282, 408),
(14, 292, 285),
(14, 301, 283),
(14, 323, 236),
(14, 332, 467),
(14, 335, 192),
(14, 354, 131),
(14, 357, 200),
(14, 361, 130),
(14, 374, 90),
(14, 379, 207),
(14, 399, 410),
(14, 407, 346),
(14, 409, 341),
(14, 415, 369),
(14, 436, 407),
(14, 491, 46),
(14, 510, 352),
(14, 512, 192),
(14, 533, 39),
(14, 534, 318),
(14, 573, 190),
(14, 589, 353),
(14, 598, 190),
(14, 601, 151),
(14, 609, 385),
(14, 636, 66),
(14, 671, 166),
(14, 674, 343),
(14, 686, 366),
(14, 694, 191),
(14, 698, 155),
(14, 708, 219),
(14, 747, 54),
(14, 762, 351),
(14, 771, 94),
(14, 860, 159),
(14, 879, 353),
(14, 905, 415),
(14, 915, 24),
(14, 926, 375),
(14, 955, 368),
(14, 989, 207),
(14, 1002, 477),
(14, 1053, 370),
(14, 1055, 144),
(14, 1073, 471),
(14, 1077, 481),
(14, 1134, 102),
(14, 1162, 201),
(14, 1181, 208),
(14, 1188, 47),
(14, 1207, 165),
(14, 1210, 204),
(14, 1222, 296),
(14, 1235, 38),
(14, 1239, 324),
(14, 1251, 289),
(14, 1270, 403),
(14, 1277, 436),
(14, 1285, 458),
(14, 1301, 194),
(14, 1306, 190),
(14, 1310, 373),
(14, 1344, 414),
(14, 1374, 412),
(14, 1381, 351),
(14, 1388, 21),
(14, 1413, 388),
(14, 1462, 67),
(14, 1470, 176),
(14, 1511, 381),
(14, 1547, 36),
(14, 1553, 369),
(14, 1573, 410),
(14, 1574, 407),
(14, 1581, 280),
(14, 1594, 384),
(14, 1612, 182),
(14, 1632, 258),
(14, 1637, 269),
(14, 1660, 198),
(14, 1662, 150),
(14, 1670, 11),
(14, 1673, 392),
(14, 1681, 376),
(14, 1703, 347),
(14, 1738, 189),
(14, 1770, 292),
(14, 1781, 360),
(14, 1783, 73),
(14, 1794, 227),
(14, 1823, 78),
(14, 1824, 417),
(14, 1827, 18),
(14, 1854, 473),
(14, 1866, 50),
(14, 1872, 386),
(14, 1890, 270),
(14, 1893, 202),
(14, 1895, 22),
(14, 1899, 76),
(14, 1914, 100),
(14, 1943, 56),
(14, 1950, 349),
(14, 1983, 331),
(14, 1996, 226),
(14, 2011, 97),
(14, 2042, 423),
(15, 8, 426),
(15, 15, 424),
(15, 44, 423),
(15, 51, 308),
(15, 71, 168),
(15, 75, 385),
(15, 79, 291),
(15, 81, 382),
(15, 112, 365),
(15, 128, 113),
(15, 129, 419),
(15, 134, 493),
(15, 154, 286),
(15, 156, 295),
(15, 190, 353),
(15, 192, 55),
(15, 207, 205),
(15, 231, 95),
(15, 233, 315),
(15, 248, 479),
(15, 250, 339),
(15, 267, 117),
(15, 271, 194),
(15, 275, 150),
(15, 303, 391),
(15, 319, 318),
(15, 325, 411),
(15, 352, 72),
(15, 388, 140),
(15, 390, 424),
(15, 421, 435),
(15, 434, 387),
(15, 440, 12),
(15, 445, 103),
(15, 493, 157),
(15, 603, 39),
(15, 627, 407),
(15, 640, 71),
(15, 646, 59),
(15, 648, 136),
(15, 661, 436),
(15, 676, 213),
(15, 685, 427),
(15, 695, 107),
(15, 737, 94),
(15, 763, 119),
(15, 770, 200),
(15, 784, 157),
(15, 791, 271),
(15, 794, 266),
(15, 803, 453),
(15, 810, 382),
(15, 841, 51),
(15, 849, 59),
(15, 876, 146),
(15, 916, 350),
(15, 920, 277),
(15, 936, 204),
(15, 945, 465),
(15, 950, 450),
(15, 959, 64),
(15, 978, 195),
(15, 1028, 56),
(15, 1033, 71),
(15, 1035, 380),
(15, 1112, 186),
(15, 1121, 414),
(15, 1150, 239),
(15, 1152, 289),
(15, 1170, 334),
(15, 1196, 403),
(15, 1231, 203),
(15, 1265, 171),
(15, 1278, 393),
(15, 1317, 195),
(15, 1342, 302),
(15, 1345, 419),
(15, 1390, 466),
(15, 1419, 493),
(15, 1427, 457),
(15, 1448, 392),
(15, 1502, 379),
(15, 1506, 309),
(15, 1508, 118),
(15, 1537, 98),
(15, 1582, 411),
(15, 1589, 299),
(15, 1626, 80),
(15, 1638, 131),
(15, 1640, 57),
(15, 1663, 135),
(15, 1684, 291),
(15, 1686, 83),
(15, 1688, 417),
(15, 1721, 249),
(15, 1788, 56),
(15, 1791, 198),
(15, 1835, 332),
(15, 1844, 177),
(15, 1903, 274),
(15, 1942, 295),
(15, 1945, 266),
(15, 1948, 21),
(15, 1955, 260),
(15, 1973, 470),
(15, 1978, 448),
(15, 1979, 29),
(15, 1991, 30),
(15, 1993, 336),
(15, 1999, 64),
(15, 2009, 45),
(15, 2044, 179),
(16, 9, 193),
(16, 29, 298),
(16, 39, 342),
(16, 98, 206),
(16, 120, 448),
(16, 136, 368),
(16, 138, 248),
(16, 139, 168),
(16, 196, 55),
(16, 273, 386),
(16, 370, 110),
(16, 377, 54),
(16, 418, 70),
(16, 427, 381),
(16, 477, 499),
(16, 490, 282),
(16, 508, 473),
(16, 543, 496),
(16, 549, 397),
(16, 585, 212),
(16, 611, 31),
(16, 620, 179),
(16, 630, 156),
(16, 631, 262),
(16, 705, 376),
(16, 709, 244),
(16, 740, 157),
(16, 752, 35),
(16, 766, 98),
(16, 788, 45),
(16, 790, 405),
(16, 807, 150),
(16, 813, 162),
(16, 823, 94),
(16, 824, 318),
(16, 847, 314),
(16, 858, 320),
(16, 861, 251),
(16, 868, 40),
(16, 870, 250),
(16, 884, 490),
(16, 897, 394),
(16, 901, 28),
(16, 908, 475),
(16, 918, 218),
(16, 919, 297),
(16, 935, 490),
(16, 941, 206),
(16, 977, 95),
(16, 1067, 32),
(16, 1068, 174),
(16, 1087, 83),
(16, 1104, 62),
(16, 1111, 491),
(16, 1122, 243),
(16, 1142, 249),
(16, 1174, 31),
(16, 1193, 462),
(16, 1204, 140),
(16, 1290, 455),
(16, 1348, 275),
(16, 1398, 18),
(16, 1417, 126),
(16, 1430, 148),
(16, 1445, 156),
(16, 1466, 481),
(16, 1469, 221),
(16, 1482, 246),
(16, 1499, 88),
(16, 1516, 19),
(16, 1517, 448),
(16, 1529, 266),
(16, 1535, 330),
(16, 1597, 109),
(16, 1606, 471),
(16, 1610, 441),
(16, 1646, 139),
(16, 1650, 310),
(16, 1687, 264),
(16, 1692, 453),
(16, 1705, 250),
(16, 1711, 380),
(16, 1722, 184),
(16, 1735, 16),
(16, 1744, 348),
(16, 1746, 167),
(16, 1782, 62),
(16, 1802, 128),
(16, 1842, 201),
(16, 1855, 470),
(16, 1859, 441),
(16, 1874, 457),
(16, 1931, 272),
(16, 1965, 290),
(16, 1974, 344),
(16, 2004, 205),
(16, 2033, 490),
(16, 2050, 22),
(17, 2, 398),
(17, 4, 317),
(17, 9, 419),
(17, 48, 307),
(17, 59, 25),
(17, 64, 435),
(17, 76, 403),
(17, 118, 431),
(17, 126, 448),
(17, 153, 77),
(17, 163, 495),
(17, 168, 377),
(17, 172, 57),
(17, 173, 55),
(17, 186, 26),
(17, 227, 141),
(17, 262, 405),
(17, 279, 481),
(17, 309, 252),
(17, 318, 492),
(17, 321, 189),
(17, 336, 251),
(17, 411, 11),
(17, 412, 180),
(17, 450, 46),
(17, 501, 363),
(17, 538, 391),
(17, 560, 168),
(17, 561, 472),
(17, 568, 175),
(17, 577, 294),
(17, 624, 89),
(17, 731, 24),
(17, 755, 302),
(17, 757, 138),
(17, 776, 462),
(17, 795, 183),
(17, 798, 412),
(17, 821, 323),
(17, 825, 38),
(17, 877, 156),
(17, 885, 296),
(17, 890, 212),
(17, 913, 297),
(17, 942, 387),
(17, 946, 77),
(17, 962, 228),
(17, 971, 61),
(17, 982, 140),
(17, 992, 79),
(17, 1030, 21),
(17, 1075, 392),
(17, 1116, 194),
(17, 1175, 201),
(17, 1186, 376),
(17, 1200, 371),
(17, 1236, 294),
(17, 1258, 142),
(17, 1270, 311),
(17, 1286, 283),
(17, 1311, 204),
(17, 1316, 384),
(17, 1328, 314),
(17, 1334, 381),
(17, 1353, 183),
(17, 1361, 19),
(17, 1364, 397),
(17, 1379, 27),
(17, 1380, 483),
(17, 1389, 222),
(17, 1393, 208),
(17, 1422, 310),
(17, 1431, 384),
(17, 1446, 331),
(17, 1450, 451),
(17, 1481, 75),
(17, 1527, 208),
(17, 1562, 59),
(17, 1583, 479),
(17, 1586, 279),
(17, 1588, 15),
(17, 1619, 277),
(17, 1627, 78),
(17, 1636, 413),
(17, 1642, 299),
(17, 1652, 239),
(17, 1654, 483),
(17, 1674, 220),
(17, 1678, 270),
(17, 1680, 433),
(17, 1709, 306),
(17, 1713, 182),
(17, 1748, 56),
(17, 1754, 474),
(17, 1773, 432),
(17, 1816, 258),
(17, 1826, 92),
(17, 1912, 281),
(17, 1939, 490),
(17, 1953, 93),
(17, 1967, 500),
(17, 2003, 274),
(17, 2006, 132),
(17, 2016, 491),
(18, 30, 144),
(18, 49, 86),
(18, 62, 243),
(18, 80, 475),
(18, 160, 228),
(18, 171, 330),
(18, 247, 428),
(18, 284, 213),
(18, 298, 59),
(18, 331, 162),
(18, 346, 178),
(18, 347, 101),
(18, 368, 488),
(18, 372, 469),
(18, 378, 457),
(18, 381, 209),
(18, 385, 379),
(18, 467, 319),
(18, 472, 209),
(18, 483, 317),
(18, 484, 352),
(18, 494, 276),
(18, 525, 279),
(18, 628, 212),
(18, 658, 165),
(18, 724, 450),
(18, 728, 92),
(18, 743, 396),
(18, 787, 380),
(18, 836, 255),
(18, 851, 401),
(18, 891, 93),
(18, 898, 129),
(18, 927, 268),
(18, 931, 56),
(18, 964, 248),
(18, 981, 228),
(18, 983, 271),
(18, 1007, 320),
(18, 1011, 63),
(18, 1012, 469),
(18, 1017, 95),
(18, 1022, 374),
(18, 1045, 213),
(18, 1047, 115),
(18, 1061, 137),
(18, 1074, 103),
(18, 1079, 489),
(18, 1097, 237),
(18, 1107, 362),
(18, 1110, 176),
(18, 1125, 219),
(18, 1128, 221),
(18, 1138, 370),
(18, 1154, 71),
(18, 1190, 323),
(18, 1212, 200),
(18, 1236, 17),
(18, 1252, 374),
(18, 1260, 319),
(18, 1265, 72),
(18, 1283, 362),
(18, 1299, 453),
(18, 1302, 333),
(18, 1363, 295),
(18, 1384, 382),
(18, 1387, 478),
(18, 1401, 180),
(18, 1439, 428),
(18, 1444, 474),
(18, 1455, 269),
(18, 1459, 176),
(18, 1473, 31),
(18, 1510, 476),
(18, 1525, 86),
(18, 1557, 281),
(18, 1569, 313),
(18, 1577, 440),
(18, 1613, 333),
(18, 1616, 307),
(18, 1631, 354),
(18, 1639, 496),
(18, 1691, 394),
(18, 1704, 317),
(18, 1731, 44),
(18, 1749, 315),
(18, 1755, 282),
(18, 1771, 129),
(18, 1774, 220),
(18, 1776, 117),
(18, 1806, 133),
(18, 1808, 271),
(18, 1809, 395),
(18, 1830, 119),
(18, 1837, 184),
(18, 1868, 338),
(18, 1880, 248),
(18, 1919, 11),
(18, 1988, 376),
(18, 1992, 372),
(18, 2002, 264),
(18, 2023, 157),
(18, 2045, 17),
(18, 2046, 53),
(18, 2049, 394),
(19, 55, 496),
(19, 74, 330),
(19, 104, 340),
(19, 146, 277),
(19, 158, 396),
(19, 161, 178),
(19, 193, 299),
(19, 204, 382),
(19, 230, 348),
(19, 252, 137),
(19, 259, 240),
(19, 263, 432),
(19, 268, 141),
(19, 269, 115),
(19, 276, 295),
(19, 302, 488),
(19, 308, 123),
(19, 315, 192),
(19, 328, 239),
(19, 348, 110),
(19, 362, 430),
(19, 363, 211),
(19, 375, 216),
(19, 420, 251),
(19, 444, 106),
(19, 452, 373),
(19, 457, 79),
(19, 460, 222),
(19, 481, 213),
(19, 488, 429),
(19, 520, 264),
(19, 545, 121),
(19, 559, 262),
(19, 579, 265),
(19, 584, 390),
(19, 595, 143),
(19, 599, 336),
(19, 600, 400),
(19, 615, 218),
(19, 622, 49),
(19, 654, 209),
(19, 667, 410),
(19, 703, 263),
(19, 790, 133),
(19, 796, 252),
(19, 819, 383),
(19, 843, 461),
(19, 855, 124),
(19, 857, 333),
(19, 871, 412),
(19, 938, 95),
(19, 943, 128),
(19, 967, 375),
(19, 986, 494),
(19, 1003, 58),
(19, 1005, 102),
(19, 1019, 38),
(19, 1031, 459),
(19, 1043, 52),
(19, 1044, 242),
(19, 1057, 266),
(19, 1080, 332),
(19, 1084, 16),
(19, 1089, 341),
(19, 1092, 105),
(19, 1157, 135),
(19, 1176, 146),
(19, 1185, 380),
(19, 1198, 465),
(19, 1205, 312),
(19, 1220, 116),
(19, 1225, 253),
(19, 1233, 496),
(19, 1263, 403),
(19, 1358, 411),
(19, 1373, 406),
(19, 1376, 47),
(19, 1402, 470),
(19, 1428, 96),
(19, 1434, 18),
(19, 1437, 396),
(19, 1449, 237),
(19, 1460, 316),
(19, 1474, 16),
(19, 1477, 195),
(19, 1533, 22),
(19, 1585, 349),
(19, 1593, 32),
(19, 1620, 325),
(19, 1621, 102),
(19, 1643, 435),
(19, 1667, 427),
(19, 1726, 110),
(19, 1728, 151),
(19, 1742, 219),
(19, 1778, 231),
(19, 1784, 265),
(19, 1787, 299),
(19, 1793, 350),
(19, 1810, 45),
(19, 1815, 405),
(19, 1911, 282),
(19, 1924, 84),
(19, 1925, 179),
(19, 1927, 170),
(19, 2027, 460),
(20, 14, 362),
(20, 73, 169),
(20, 91, 370),
(20, 109, 486),
(20, 140, 323),
(20, 141, 93),
(20, 188, 124),
(20, 222, 308),
(20, 224, 391),
(20, 237, 60),
(20, 246, 281),
(20, 288, 334),
(20, 294, 294),
(20, 314, 49),
(20, 344, 136),
(20, 350, 414),
(20, 365, 481),
(20, 398, 28),
(20, 402, 160),
(20, 411, 326),
(20, 413, 86),
(20, 419, 288),
(20, 429, 435),
(20, 435, 321),
(20, 462, 278),
(20, 465, 416),
(20, 469, 349),
(20, 474, 253),
(20, 478, 352),
(20, 486, 244),
(20, 498, 413),
(20, 499, 249),
(20, 516, 435),
(20, 529, 26),
(20, 541, 21),
(20, 550, 391),
(20, 586, 149),
(20, 604, 252),
(20, 606, 279),
(20, 621, 324),
(20, 675, 24),
(20, 678, 497),
(20, 682, 72),
(20, 706, 272),
(20, 718, 88),
(20, 797, 90),
(20, 802, 480),
(20, 812, 331),
(20, 838, 436),
(20, 873, 295),
(20, 903, 340),
(20, 914, 109),
(20, 929, 111),
(20, 937, 369),
(20, 954, 287),
(20, 969, 39),
(20, 970, 162),
(20, 1000, 441),
(20, 1001, 479),
(20, 1041, 291),
(20, 1069, 135),
(20, 1071, 329),
(20, 1093, 217),
(20, 1099, 308),
(20, 1105, 72),
(20, 1108, 208),
(20, 1120, 394),
(20, 1132, 447),
(20, 1163, 259),
(20, 1215, 425),
(20, 1217, 134),
(20, 1232, 207),
(20, 1274, 336),
(20, 1294, 174),
(20, 1312, 220),
(20, 1323, 409),
(20, 1325, 29),
(20, 1339, 181),
(20, 1355, 398),
(20, 1361, 423),
(20, 1375, 121),
(20, 1395, 217),
(20, 1461, 380),
(20, 1482, 12),
(20, 1485, 143),
(20, 1507, 55),
(20, 1559, 219),
(20, 1567, 269),
(20, 1594, 48),
(20, 1596, 277),
(20, 1599, 99),
(20, 1607, 87),
(20, 1608, 410),
(20, 1641, 492),
(20, 1647, 473),
(20, 1672, 24),
(20, 1676, 366),
(20, 1701, 354),
(20, 1710, 330),
(20, 1712, 358),
(20, 1750, 119),
(20, 1765, 289),
(20, 1775, 394),
(20, 1811, 309),
(20, 1819, 174),
(20, 1820, 201),
(20, 1836, 32),
(20, 1855, 187),
(20, 1858, 34),
(20, 1860, 114),
(20, 1876, 277),
(20, 1878, 195),
(20, 1879, 245),
(20, 1883, 388),
(20, 1903, 327),
(20, 1918, 343),
(20, 1956, 105),
(20, 1984, 419),
(20, 2015, 160),
(20, 2030, 168),
(20, 2035, 469),
(20, 2038, 58);

-- --------------------------------------------------------

--
-- Struktura tabeli dla tabeli `uzytkownik`
--

CREATE TABLE `uzytkownik` (
  `id_uzytkownika` int(7) NOT NULL,
  `email` varchar(50) NOT NULL,
  `imie` varchar(20) DEFAULT NULL,
  `nazwisko` varchar(30) DEFAULT NULL,
  `haslo` varchar(255) DEFAULT NULL,
  `telefon` varchar(20) DEFAULT NULL,
  `stanowisko` varchar(20) DEFAULT NULL,
  `nazwa_firmy` varchar(40) DEFAULT NULL,
  `pensja` float DEFAULT NULL,
  `czy_aktywny` tinyint(1) DEFAULT 1,
  `czy_pracownik` tinyint(1) DEFAULT 0,
  `czy_producent` tinyint(1) DEFAULT 0,
  `czy_klient_detaliczny` tinyint(1) DEFAULT 0,
  `czy_klient_hurtowy` tinyint(1) DEFAULT 0
) ENGINE=InnoDB DEFAULT CHARSET=utf8mb4 COLLATE=utf8mb4_general_ci;

--
-- Dumping data for table `uzytkownik`
--

INSERT INTO `uzytkownik` (`id_uzytkownika`, `email`, `imie`, `nazwisko`, `haslo`, `telefon`, `stanowisko`, `nazwa_firmy`, `pensja`, `czy_aktywny`, `czy_pracownik`, `czy_producent`, `czy_klient_detaliczny`, `czy_klient_hurtowy`) VALUES
(1, 'watrasleonard@example.com', NULL, NULL, 'Np9@HFXQlQ', '+48 22 939 49 32', NULL, 'Stowarzyszenie Maciuk Sp.j.', NULL, 1, 0, 1, 0, 0),
(2, 'bodzionydorota@example.org', NULL, NULL, 'Yx2^NJLtyewDzSxh', '666 592 987', NULL, 'Stowarzyszenie Moździerz Sp.k.', NULL, 1, 0, 1, 0, 0),
(3, 'bednarowiczjulita@example.com', NULL, NULL, 'Pp0+EHo', '720 243 625', NULL, 'Stowarzyszenie Procek Sp. z o.o. Sp.k.', NULL, 1, 0, 1, 0, 0),
(4, 'bartek04@example.org', NULL, NULL, 'Fe1{DfjbbWj', '+48 508 945 137', NULL, 'Spółdzielnia Milej i syn s.c.', NULL, 1, 0, 1, 0, 0),
(5, 'ksaweryaleksa@example.net', NULL, NULL, 'Fa5$TCHXwtaaD', '+48 570 946 668', NULL, 'Sadoch-Bodek Sp.j.', NULL, 1, 0, 1, 0, 0),
(6, 'ryszardciastek@example.net', NULL, NULL, 'Ls6%LPGfkzreBcQJHl', '537 768 538', NULL, 'Fundacja Wydmuch', NULL, 1, 0, 1, 0, 0),
(7, 'andrzejworonko@example.com', NULL, NULL, 'Bo5^Fon', '+48 514 059 308', NULL, 'Stowarzyszenie Przerwa S.A.', NULL, 1, 0, 1, 0, 0),
(8, 'aleksstelmasiak@example.net', NULL, NULL, 'Ry5+jxuPAUquxnWYRpC', '506 612 572', NULL, 'Majak-Szymanik Sp. z o.o. Sp.k.', NULL, 1, 0, 1, 0, 0),
(9, 'znestorowicz@example.net', NULL, NULL, 'Vy1>Irw', '+48 729 436 606', NULL, 'Grupa Wielgos', NULL, 1, 0, 1, 0, 0),
(10, 'jedrzej79@example.com', NULL, NULL, 'Gj3=sic', '+48 501 804 538', NULL, 'Fundacja Han-Zaczyk Sp.j.', NULL, 1, 0, 1, 0, 0),
(11, 'bobikprzemyslaw@example.net', 'Mikołaj', 'Dziarmaga', 'Pr6(feKKrXD', '+48 733 136 088', 'kierownik magazynu', NULL, 8000, 1, 1, 0, 0, 0),
(12, 'klaramalon@example.org', 'Cyprian', 'Jargieło', 'Ww1=ORPpwSccjSBBNg', '721 637 158', 'kierownik magazynu', NULL, 8000, 1, 1, 0, 0, 0),
(13, 'anitabracha@example.com', 'Karina', 'Kycia', 'Sd0!MRDkwtqvwJshlRQ', '882 264 842', 'kierownik magazynu', NULL, 8000, 1, 1, 0, 0, 0),
(14, 'qkubasiak@example.com', 'Kornelia', 'Lorenz', 'Co2#SdwGf', '22 457 50 94', 'magazynier', NULL, 4820, 1, 1, 0, 0, 0),
(15, 'nataniel85@example.com', 'Blanka', 'Gros', 'Xq5=uDwJEdtKwv', '694 976 931', 'magazynier', NULL, 4820, 1, 1, 0, 0, 0),
(16, 'wojtaszczykrozalia@example.net', 'Ida', 'Łusiak', 'Gk1-NeqNNBZzZT', '+48 22 973 23 60', 'magazynier', NULL, 4820, 1, 1, 0, 0, 0),
(17, 'justyna56@example.com', 'Wojciech', 'Bancerz', 'Sf9^dsednUkMm', '799 845 156', 'magazynier', NULL, 4820, 1, 1, 0, 0, 0),
(18, 'aciula@example.org', 'Aleks', 'Kotala', 'Ta6)iRwWFbwRboaT', '32 481 11 92', 'magazynier', NULL, 4820, 1, 1, 0, 0, 0),
(19, 'kaniola@example.net', 'Apolonia', 'Wilma', 'Zd7}ZVsCESHprcEXjzil', '+48 578 730 055', 'magazynier', NULL, 4820, 1, 1, 0, 0, 0),
(20, 'zdydo@example.com', 'Kalina', 'Boduch', 'Td2iWCDwYVD', '22 066 71 39', 'magazynier', NULL, 4820, 1, 1, 0, 0, 0),
(21, 'kszramka@example.org', 'Kamil', 'Pesta', 'Kl6;LIyMAKbwOSjieU', '+48 515 182 253', 'magazynier', NULL, 4820, 1, 1, 0, 0, 0),
(22, 'cczura@example.com', 'Maks', 'Gajownik', 'Gw1_PmUOa', '+48 792 959 481', 'magazynier', NULL, 4820, 1, 1, 0, 0, 0),
(23, 'iwo12@example.org', 'Fabian', 'Wiencek', 'Sf1!FoEXfOlKuzOz', '+48 736 900 547', 'magazynier', NULL, 4820, 1, 1, 0, 0, 0),
(24, 'karina65@example.org', 'Urszula', 'Koczy', 'Ar2{zmLaSGIvN', '604 623 663', 'magazynier', NULL, 4820, 1, 1, 0, 0, 0),
(25, 'elzbieta25@example.org', 'Jeremi', 'Macheta', 'Px6{WIdmGsjOao', '737 659 989', 'magazynier', NULL, 4820, 1, 1, 0, 0, 0),
(26, 'anastazjafranaszek@example.net', 'Kazimierz', 'Dziczek', 'Ir4>hfXODdcaUceSfCkZ', '516 679 201', 'magazynier', NULL, 4820, 1, 1, 0, 0, 0),
(27, 'gabriel68@example.com', 'Józef', 'Ciećko', 'Vp8zNAOhELG', '+48 531 908 446', 'magazynier', NULL, 4820, 1, 1, 0, 0, 0),
(28, 'jacek38@example.org', 'Aleksander', 'Matela', 'Qg5=kmUk', '+48 888 802 688', 'magazynier', NULL, 4820, 1, 1, 0, 0, 0),
(29, 'twesoly@example.net', 'Natan', 'Para', 'Bc9+guJBVFNHjMi', '574 633 530', 'kierowca', NULL, 5000, 1, 1, 0, 0, 0),
(30, 'marikapastula@example.net', 'Alan', 'Wisz', 'Dd3%ensT', '+48 666 280 953', 'kierowca', NULL, 5000, 1, 1, 0, 0, 0),
(31, 'kazimierz55@example.net', 'Elżbieta', 'Częścik', 'Ut1_jwKUSL', '692 606 615', 'kierowca', NULL, 5000, 1, 1, 0, 0, 0),
(32, 'yludwiniak@example.org', 'Kamil', 'Skonieczka', 'Ie7-JVJLPVmJMP', '+48 796 088 599', 'kierowca', NULL, 5000, 1, 1, 0, 0, 0),
(33, 'zielkekarol@example.org', 'Elżbieta', 'Symonowicz', 'Yu4*Ivuo', '+48 510 486 032', 'kierowca', NULL, 5000, 1, 1, 0, 0, 0),
(34, 'tomasz18@example.org', 'Jakub', 'Sutor', 'Pt1(ZpRaAgKrFIYeTS', '+48 738 416 557', 'kierowca', NULL, 5000, 1, 1, 0, 0, 0),
(35, 'szwiecryszard@example.org', 'Hubert', 'Hejna', 'Wu6=LCAueJYxnBTiRa', '+48 518 180 305', 'kierowca', NULL, 5000, 1, 1, 0, 0, 0),
(36, 'ewolczyk@example.org', 'Melania', 'Pacia', 'Pn0$CjlB', '880 477 633', 'kierowca', NULL, 5000, 1, 1, 0, 0, 0),
(37, 'styczka@example.net', 'Maciej', 'Słupek', 'Dd8>odAIL', '+48 504 186 958', 'kierowca', NULL, 5000, 1, 1, 0, 0, 0),
(38, 'julianna23@example.com', 'Bartek', 'Strzelczak', 'Zx1^raQrhcWqnhQb', '+48 796 788 230', 'kierowca', NULL, 5000, 1, 1, 0, 0, 0),
(39, 'elzbietaksiezak@example.net', 'Maksymilian', 'Zaborek', 'Dy7-RXIBlykej', '884 290 026', 'koordynator', NULL, 6200, 1, 1, 0, 0, 0),
(40, 'oliwier65@example.com', 'Grzegorz', 'Częścik', 'By4$EksUAIqSGjvSW', '690 193 056', 'koordynator', NULL, 6200, 1, 1, 0, 0, 0),
(41, 'majdakkazimierz@example.net', 'Robert', 'Szalast', 'Io8;qW', '+48 885 835 070', 'administrator', NULL, 9000, 1, 1, 0, 0, 0),
(42, 'elzbietajozwik@example.org', 'Krzysztof', 'Szkatuła', 'Bm3#FSzWbgP', '+48 609 837 784', NULL, NULL, NULL, 1, 0, 0, 1, 0),
(43, 'ziemkiewicznatasza@example.com', 'Maciej', 'Halik', 'Gt9{scjjeypZy', '782 013 902', NULL, NULL, NULL, 1, 0, 0, 1, 0),
(44, 'albertparada@example.com', 'Maks', 'Greszta', 'Gn5{rGA', '784 854 626', NULL, NULL, NULL, 1, 0, 0, 1, 0),
(45, 'trabiej@example.net', 'Antoni', 'Lulek', 'Dj7-PFaHOSQlMyYP', '+48 784 594 448', NULL, NULL, NULL, 1, 0, 0, 1, 0),
(46, 'imacias@example.com', 'Eryk', 'Sarota', 'Jd3)hGWauS', '606 706 015', NULL, NULL, NULL, 1, 0, 0, 1, 0),
(47, 'stanislaw18@example.net', 'Maurycy', 'Januchta', 'Ao0)VreBYsitQD', '+48 886 729 930', NULL, NULL, NULL, 1, 0, 0, 1, 0),
(48, 'kjanka@example.com', 'Mateusz', 'Gomuła', 'Xr9^tqNsyxpxuKz', '739 469 458', NULL, NULL, NULL, 1, 0, 0, 1, 0),
(49, 'wesolakacper@example.org', 'Alex', 'Parda', 'Pz8{JtkHaZVPdAd', '+48 728 678 035', NULL, NULL, NULL, 1, 0, 0, 1, 0),
(50, 'dagmara50@example.net', 'Kazimierz', 'Fogt', 'Fi5>mhVtAacD', '697 007 933', NULL, NULL, NULL, 1, 0, 0, 1, 0),
(51, 'tobiaszdrobot@example.net', 'Leonard', 'Megger', 'My0WhsqGSYJgMSEPLj', '782 570 372', NULL, NULL, NULL, 1, 0, 0, 1, 0),
(52, 'fabiandzialak@example.com', 'Albert', 'Usarek', 'Ny5~jfYsnmvRFDW', '512 543 141', NULL, NULL, NULL, 1, 0, 0, 1, 0),
(53, 'zaraskornelia@example.com', 'Fabian', 'Widuch', 'Xz1*TUr', '733 325 138', NULL, NULL, NULL, 1, 0, 0, 1, 0),
(54, 'leonduniec@example.net', 'Borys', 'Ryznar', 'Qh7=FroqhhFiadsrzBvU', '882 565 892', NULL, NULL, NULL, 1, 0, 0, 1, 0),
(55, 'oliwier01@example.com', 'Ada', 'Dywan', 'Hm1>yRLwQGAImDwsha', '+48 720 949 400', NULL, NULL, NULL, 1, 0, 0, 1, 0),
(56, 'ileszcz@example.com', 'Sonia', 'Nyc', 'Wq7<abyCRCJCmCMrC', '665 334 479', NULL, NULL, NULL, 1, 0, 0, 1, 0),
(57, 'stefan63@example.com', 'Daniel', 'Gal', 'Lg3)cayWdCrBGToonX', '+48 694 887 575', NULL, NULL, NULL, 1, 0, 0, 1, 0),
(58, 'omaksym@example.net', 'Janina', 'Gołofit', 'Lk1vzdqb', '+48 22 437 83 40', NULL, NULL, NULL, 1, 0, 0, 1, 0),
(59, 'emil06@example.org', 'Nikodem', 'Leszcz', 'Ek4@hwQMYYv', '513 584 262', NULL, NULL, NULL, 1, 0, 0, 1, 0),
(60, 'daniel26@example.net', 'Gabriel', 'Trąbka', 'Ib0%AIQlhmnGPmQhKf', '504 554 060', NULL, NULL, NULL, 1, 0, 0, 1, 0),
(61, 'jaszczyszynanastazja@example.org', 'Wojciech', 'Fedyk', 'Te2=pLM', '728 274 914', NULL, NULL, NULL, 1, 0, 0, 1, 0),
(62, 'ulosiak@example.net', 'Malwina', 'Wlizło', 'Cr8)SajFDGZDHmO', '+48 22 300 38 41', NULL, NULL, NULL, 1, 0, 0, 1, 0),
(63, 'kazimierzlenc@example.com', 'Karina', 'Mizia', 'Wd0*gKnSvKPKy', '+48 791 194 779', NULL, NULL, NULL, 1, 0, 0, 1, 0),
(64, 'rozalia29@example.org', 'Kalina', 'Morgała', 'Es0#Za', '+48 662 151 627', NULL, NULL, NULL, 1, 0, 0, 1, 0),
(65, 'mojsapatryk@example.net', 'Nela', 'Cudzich', 'El7;OGXIfWi', '691 323 697', NULL, NULL, NULL, 1, 0, 0, 1, 0),
(66, 'kczosnyka@example.org', 'Mikołaj', 'Stachów', 'Np9=RCslchFv', '+48 501 862 916', NULL, NULL, NULL, 1, 0, 0, 1, 0),
(67, 'nikodem71@example.net', 'Tola', 'Kozieja', 'Ck2!jR', '+48 884 656 749', NULL, NULL, NULL, 1, 0, 0, 1, 0),
(68, 'edorna@example.org', 'Kornelia', 'Smolorz', 'Ej4-gui', '+48 502 549 865', NULL, NULL, NULL, 1, 0, 0, 1, 0),
(69, 'imielaapolonia@example.org', 'Ida', 'Stanclik', 'Tg8!gWnXCMKnpy', '+48 667 770 010', NULL, NULL, NULL, 1, 0, 0, 1, 0),
(70, 'cdoroszuk@example.net', 'Dawid', 'Mitera', 'Aa0)cShfe', '+48 738 810 344', NULL, NULL, NULL, 1, 0, 0, 1, 0),
(71, 'krystianficner@example.org', 'Maks', 'Plaskota', 'Bt9~oQcinvfnaFZJ', '880 558 286', NULL, NULL, NULL, 1, 0, 0, 1, 0),
(72, 'rrzezniczak@example.org', 'Ewa', 'Wawszczyk', 'Xc2=IbRkMSCdG', '+48 606 574 914', NULL, NULL, NULL, 1, 0, 0, 1, 0),
(73, 'rkochanowicz@example.com', 'Jacek', 'Niesporek', 'Kn0{JxzIxyaCVFpbp', '535 093 343', NULL, NULL, NULL, 1, 0, 0, 1, 0),
(74, 'mularzmarianna@example.net', 'Monika', 'Ładziak', 'Mn2<mIvmXvtKFwa', '574 590 177', NULL, NULL, NULL, 1, 0, 0, 1, 0),
(75, 'iwo04@example.org', 'Robert', 'Imiela', 'Qu8^CGsGtXEVI', '+48 787 315 931', NULL, NULL, NULL, 1, 0, 0, 1, 0),
(76, 'ziolaszymon@example.com', 'Albert', 'Wawryniuk', 'Fl0>QmdSjjadhLKJxl', '+48 531 271 016', NULL, NULL, NULL, 1, 0, 0, 1, 0),
(77, 'natasza77@example.org', 'Alex', 'Kochel', 'Wn7$zcmRVWmGfYsEg', '+48 734 507 676', NULL, NULL, NULL, 1, 0, 0, 1, 0),
(78, 'przemyslawbekus@example.net', 'Nikodem', 'Malara', 'Mk1(BY', '664 704 987', NULL, NULL, NULL, 1, 0, 0, 1, 0),
(79, 'kurylowiczmalwina@example.com', 'Daniel', 'Bochnak', 'Qy5@WyPgL', '665 704 082', NULL, NULL, NULL, 1, 0, 0, 1, 0),
(80, 'elizawiewiorka@example.net', 'Robert', 'Narożny', 'Bp2@LkBeL', '+48 507 696 706', NULL, NULL, NULL, 1, 0, 0, 1, 0),
(81, 'wiktorroczniak@example.net', 'Konstanty', 'Makoś', 'Yk1!UdCOYajz', '+48 780 648 481', NULL, NULL, NULL, 1, 0, 0, 1, 0),
(82, 'przeklasakornelia@example.com', 'Janina', 'Marchlewicz', 'Nr5+UTkZfxZiqGHmqhrP', '+48 724 473 855', NULL, NULL, NULL, 1, 0, 0, 1, 0),
(83, 'monikawicha@example.com', 'Maurycy', 'Frelich', 'Eb1%gP', '786 684 336', NULL, NULL, NULL, 1, 0, 0, 1, 0),
(84, 'tadeusz84@example.net', 'Julian', 'Janczarek', 'Yq8$MoTBiLbvaFMrh', '783 821 292', NULL, NULL, NULL, 1, 0, 0, 1, 0),
(85, 'lidiafiedoruk@example.com', 'Sonia', 'Łyjak', 'Ba3(nmljeOFTr', '662 743 726', NULL, NULL, NULL, 1, 0, 0, 1, 0),
(86, 'oslizlojozef@example.com', 'Leon', 'Tabisz', 'Kr1#MSZ', '794 163 846', NULL, NULL, NULL, 1, 0, 0, 1, 0),
(87, 'dmalcher@example.net', 'Oliwier', 'Janic', 'Dd1@xCsfvhRcHvowLl', '799 365 373', NULL, NULL, NULL, 1, 0, 0, 1, 0),
(88, 'liwia51@example.org', 'Leon', 'Achtelik', 'Uu3@eHXaCTnMePFJxFS', '+48 32 702 38 72', NULL, NULL, NULL, 1, 0, 0, 1, 0),
(89, 'gajabladek@example.org', 'Albert', 'Sadownik', 'Ir2{WIP', '721 908 864', NULL, NULL, NULL, 1, 0, 0, 1, 0),
(90, 'julian76@example.net', 'Maurycy', 'Łuksza', 'Aw4~hFUjGHqVxcriM', '+48 720 077 734', NULL, NULL, NULL, 1, 0, 0, 1, 0),
(91, 'mjedruch@example.org', 'Filip', 'Mały', 'Fa9wkYWmROSYUlM', '783 573 922', NULL, NULL, NULL, 1, 0, 0, 1, 0),
(92, 'dwoloch@example.org', 'Andrzej', 'Bluszcz', 'Wl0%oEVvnxBKzN', '799 951 360', NULL, NULL, NULL, 1, 0, 0, 1, 0),
(93, 'blazejszeszko@example.net', 'Paweł', 'Wiertelak', 'Of2<wzIzrtjvAvtu', '+48 722 264 137', NULL, NULL, NULL, 1, 0, 0, 1, 0),
(94, 'kornel12@example.org', 'Blanka', 'Baka', 'Kx6#ymZ', '500 966 371', NULL, NULL, NULL, 1, 0, 0, 1, 0),
(95, 'isinkiewicz@example.net', 'Kaja', 'Pastor', 'Rc2%VssGpJHzFsJOphlH', '512 396 638', NULL, NULL, NULL, 1, 0, 0, 1, 0),
(96, 'alan68@example.com', 'Jerzy', 'Gawliczek', 'Ql1qfgqDKohFl', '889 831 634', NULL, NULL, NULL, 1, 0, 0, 1, 0),
(97, 'dyliksylwia@example.net', 'Alan', 'Potoczna', 'Lj6$IbUJkyzdAKdiaKm', '517 304 805', NULL, NULL, NULL, 1, 0, 0, 1, 0),
(98, 'stanaszekolga@example.net', 'Jacek', 'Rubin', 'Bg7#WBrJyCytOlhgg', '+48 793 405 612', NULL, NULL, NULL, 1, 0, 0, 1, 0),
(99, 'vmikita@example.org', 'Jan', 'Wiesiołek', 'Va6:GwTnHSzb', '578 050 307', NULL, NULL, NULL, 1, 0, 0, 1, 0),
(100, 'przemyslaw69@example.org', 'Nela', 'Oleksiewicz', 'Xg9(hoyAMXMjqorGmnXC', '+48 512 572 597', NULL, NULL, NULL, 1, 0, 0, 1, 0),
(101, 'kosowicztymoteusz@example.com', 'Natasza', 'Gietka', 'Xv2~lzkfDoeRwJxLHB', '+48 690 621 732', NULL, NULL, NULL, 1, 0, 0, 1, 0),
(102, 'mbialasik@example.com', 'Kamila', 'Fijoł', 'Vy0=kXLURRMmUbEWIAU', '+48 602 615 965', NULL, NULL, NULL, 1, 0, 0, 1, 0),
(103, 'antonikoniec@example.org', 'Eliza', 'Stachelek', 'Oh4#OUtaeKc', '782 589 075', NULL, NULL, NULL, 1, 0, 0, 1, 0),
(104, 'lukaszgalica@example.net', 'Kamil', 'Kaja', 'Vf7~OKlG', '+48 519 203 355', NULL, NULL, NULL, 1, 0, 0, 1, 0),
(105, 'naczkanita@example.org', 'Ksawery', 'Bakalarczyk', 'Ek1%HT', '880 020 484', NULL, NULL, NULL, 1, 0, 0, 1, 0),
(106, 'maciejmakosz@example.net', 'Konstanty', 'Kukuczka', 'Ji7=eujZXxyYN', '501 356 921', NULL, NULL, NULL, 1, 0, 0, 1, 0),
(107, 'wforysiak@example.net', 'Eryk', 'Gzyl', 'Hx0=Yrr', '883 863 093', NULL, NULL, NULL, 1, 0, 0, 1, 0),
(108, 'ksawery60@example.net', 'Mateusz', 'Piszcz', 'Tx3<bAJu', '539 970 114', NULL, NULL, NULL, 1, 0, 0, 1, 0),
(109, 'elzbieta84@example.com', 'Hubert', 'Geisler', 'Qp9$FoSsrAEfQ', '+48 510 569 837', NULL, NULL, NULL, 1, 0, 0, 1, 0),
(110, 'kocajmarcel@example.org', 'Wiktor', 'Jarczak', 'Iu8!AVx', '+48 539 268 560', NULL, NULL, NULL, 1, 0, 0, 1, 0),
(111, 'tymoteusz43@example.org', 'Sandra', 'Loba', 'Te8$WcItPuEphuT', '+48 663 692 305', NULL, NULL, NULL, 1, 0, 0, 1, 0),
(112, 'yfurgal@example.org', 'Klara', 'Miros', 'Rk5@tKnVjzdZhpSZd', '509 095 835', NULL, NULL, NULL, 1, 0, 0, 1, 0),
(113, 'maciej60@example.org', 'Malwina', 'Dziarmaga', 'Ds1~eecj', '+48 602 959 957', NULL, NULL, NULL, 1, 0, 0, 1, 0),
(114, 'orusnak@example.net', 'Robert', 'Wiencek', 'Hx4_iYiVzCjXUpnMNcd', '+48 792 435 612', NULL, NULL, NULL, 1, 0, 0, 1, 0),
(115, 'piotr32@example.org', 'Dariusz', 'Pałac', 'Re8#duUpoAag', '+48 799 065 366', NULL, NULL, NULL, 1, 0, 0, 1, 0),
(116, 'dziedzinaadrian@example.net', 'Witold', 'Bałazy', 'Pl5{ehCIHnzEcZO', '+48 698 591 108', NULL, NULL, NULL, 1, 0, 0, 1, 0),
(117, 'anastazja98@example.net', 'Marika', 'Surdyk', 'Wt9-qlqjNX', '+48 503 729 154', NULL, NULL, NULL, 1, 0, 0, 1, 0),
(118, 'ernest05@example.net', 'Gustaw', 'Kiepas', 'Av9{RuTMThXdfa', '886 075 938', NULL, NULL, NULL, 1, 0, 0, 1, 0),
(119, 'lidia27@example.org', 'Dagmara', 'Gołas', 'Bu5-qxvPlvDaMdHiRjp', '505 580 539', NULL, NULL, NULL, 1, 0, 0, 1, 0),
(120, 'jozefjanasik@example.com', 'Maciej', 'Aleksa', 'Du0+MMVX', '789 666 203', NULL, NULL, NULL, 1, 0, 0, 1, 0),
(121, 'bryczekjeremi@example.net', 'Natan', 'Duras', 'Gk3$dKRBkKX', '+48 22 055 70 95', NULL, NULL, NULL, 1, 0, 0, 1, 0),
(122, 'broter@example.com', 'Kalina', 'Żymełka', 'Et7{RflqydJLMCBzSO', '535 977 619', NULL, NULL, NULL, 1, 0, 0, 1, 0),
(123, 'ngrzelec@example.com', 'Sonia', 'Truchan', 'Oq7+bGtx', '+48 502 651 795', NULL, NULL, NULL, 1, 0, 0, 1, 0),
(124, 'przemyslaw70@example.net', 'Nikodem', 'Moroń', 'Wx7^Bl', '+48 885 955 390', NULL, NULL, NULL, 1, 0, 0, 1, 0),
(125, 'tadeuszsiemek@example.net', 'Klara', 'Andrys', 'Gp5=NGqKmAhrYSHHDwT', '517 223 983', NULL, NULL, NULL, 1, 0, 0, 1, 0),
(126, 'ojalowiec@example.org', 'Róża', 'Wowra', 'Tp3_mjVe', '579 144 093', NULL, NULL, NULL, 1, 0, 0, 1, 0),
(127, 'gpieszak@example.com', 'Damian', 'Konieczek', 'La5$gKr', '885 181 827', NULL, NULL, NULL, 1, 0, 0, 1, 0),
(128, 'maksymilian22@example.org', 'Fryderyk', 'Sabak', 'Vq0(IpuESQYBw', '+48 797 077 016', NULL, NULL, NULL, 1, 0, 0, 1, 0),
(129, 'yduczek@example.org', 'Emil', 'Szczypiór', 'Kp3%bxDGeXGRbFXRujX', '+48 881 180 715', NULL, NULL, NULL, 1, 0, 0, 1, 0),
(130, 'korneliastarostka@example.org', 'Mariusz', 'Stanaszek', 'Gw0=CVrwSX', '+48 695 089 333', NULL, NULL, NULL, 1, 0, 0, 1, 0),
(131, 'rozagosek@example.com', 'Przemysław', 'Dzwonnik', 'Le6$VhyWgut', '32 818 35 30', NULL, NULL, NULL, 1, 0, 0, 1, 0),
(132, 'mjanasz@example.org', 'Rozalia', 'Kleina', 'Hx3>ZWYLFxEM', '+48 574 553 897', NULL, NULL, NULL, 1, 0, 0, 1, 0),
(133, 'karolnastaly@example.org', 'Rozalia', 'Michnowicz', 'Gp9@An', '22 242 76 34', NULL, NULL, NULL, 1, 0, 0, 1, 0),
(134, 'szlachciclidia@example.net', 'Kornelia', 'Miotke', 'Bl0(Rs', '22 008 49 08', NULL, NULL, NULL, 1, 0, 0, 1, 0),
(135, 'dimiolczyk@example.com', 'Jacek', 'Wojtoń', 'Qb6}IyqHspdwky', '+48 889 326 340', NULL, NULL, NULL, 1, 0, 0, 1, 0),
(136, 'patryk37@example.org', 'Alan', 'Szpyrka', 'Yp5=FcVfLgYqaLzCS', '663 464 130', NULL, NULL, NULL, 1, 0, 0, 1, 0),
(137, 'paniczada@example.net', 'Andrzej', 'Kenig', 'Ba6{TRxYfbUTCoMWEKXD', '32 354 54 05', NULL, NULL, NULL, 1, 0, 0, 1, 0),
(138, 'karolstrojna@example.net', 'Mateusz', 'Strzępek', 'Fj0_lj', '603 983 872', NULL, NULL, NULL, 1, 0, 0, 1, 0),
(139, 'hlizurej@example.com', 'Kazimierz', 'Litwa', 'Uo7-fUkQokSKskCQMcD', '+48 571 438 911', NULL, NULL, NULL, 1, 0, 0, 1, 0),
(140, 'migdamikolaj@example.com', 'Witold', 'Radke', 'Ea7^MzVhyQ', '609 374 124', NULL, NULL, NULL, 1, 0, 0, 1, 0),
(141, 'tymoteuszpodpora@example.com', 'Sylwia', 'Andrejczuk', 'Hj4_WTzTBry', '+48 725 830 874', NULL, NULL, NULL, 1, 0, 0, 1, 0),
(142, 'emilmajorczyk@example.com', 'Melania', 'Zander', 'He1+IuAPnDDcqdej', '784 494 279', NULL, NULL, NULL, 1, 0, 0, 1, 0),
(143, 'wojtanowiczkornelia@example.com', 'Dawid', 'Macias', 'Ui8@rZiZK', '794 994 456', NULL, NULL, NULL, 1, 0, 0, 1, 0),
(144, 'tadeuszherba@example.net', 'Artur', 'Łabaj', 'Gn6+oBJJPSBrvrRZaz', '+48 607 690 503', NULL, NULL, NULL, 1, 0, 0, 1, 0),
(145, 'apolonia83@example.net', 'Anna Maria', 'Myrcik', 'Kc9>QqiJUqRLLVDwV', '+48 517 428 305', NULL, NULL, NULL, 1, 0, 0, 1, 0),
(146, 'leszczakarkadiusz@example.org', 'Alex', 'Świstek', 'Qd0;YQjzlyHzHao', '515 078 086', NULL, NULL, NULL, 1, 0, 0, 1, 0),
(147, 'jgrund@example.org', 'Liwia', 'Zamora', 'Yy3(qyZTduAe', '+48 32 932 05 75', NULL, NULL, NULL, 1, 0, 0, 1, 0),
(148, 'nkrecichwost@example.org', 'Paweł', 'Gwizdek', 'Jj4:wR', '723 379 061', NULL, NULL, NULL, 1, 0, 0, 1, 0),
(149, 'natanmich@example.net', 'Liwia', 'Flasza', 'Ff3@Py', '535 341 851', NULL, NULL, NULL, 1, 0, 0, 1, 0),
(150, 'lorenscezary@example.org', 'Nataniel', 'Kut', 'Ly0!oUkmGjyT', '533 158 544', NULL, NULL, NULL, 1, 0, 0, 1, 0),
(151, 'alan83@example.org', 'Bianka', 'Nastały', 'Br6!BwFm', '+48 502 023 332', NULL, NULL, NULL, 1, 0, 0, 1, 0),
(152, 'krystynaspolnik@example.org', 'Nicole', 'Nazar', 'Fw6}DPhBnuRfl', '513 277 459', NULL, NULL, NULL, 1, 0, 0, 1, 0),
(153, 'lbrzek@example.org', 'Kacper', 'Groth', 'Ia5:XpgponOiUQaGdKg', '+48 799 237 045', NULL, NULL, NULL, 1, 0, 0, 1, 0),
(154, 'wochnadorota@example.net', 'Damian', 'Godzisz', 'Hr0%zK', '792 979 616', NULL, NULL, NULL, 1, 0, 0, 1, 0),
(155, 'ihelak@example.com', 'Dominik', 'Cisoń', 'Be7^SxHRH', '32 395 07 10', NULL, NULL, NULL, 1, 0, 0, 1, 0),
(156, 'bstanislawczyk@example.net', 'Justyna', 'Kopij', 'Qe2(lR', '+48 787 534 856', NULL, NULL, NULL, 1, 0, 0, 1, 0),
(157, 'gpieczarka@example.org', 'Karol', 'Gorgol', 'Gq0<jCtDbFxdeuyvd', '884 190 966', NULL, NULL, NULL, 1, 0, 0, 1, 0),
(158, 'leonard66@example.net', 'Tymon', 'Ryndak', 'Zt5zMJAuFYpYi', '+48 22 851 55 98', NULL, NULL, NULL, 1, 0, 0, 1, 0),
(159, 'wezykmichal@example.org', 'Maksymilian', 'Molka', 'Wy1JQJTFJwFdeMdWGy', '+48 32 561 57 25', NULL, NULL, NULL, 1, 0, 0, 1, 0),
(160, 'hsteinke@example.org', 'Aleksander', 'Stoltmann', 'Mi3$WHftnm', '+48 795 149 721', NULL, NULL, NULL, 1, 0, 0, 1, 0),
(161, 'lbregula@example.net', 'Józef', 'Malka', 'Ys1@JpkQDMoHJyRPzY', '+48 787 170 743', NULL, NULL, NULL, 1, 0, 0, 1, 0),
(162, 'patryksmela@example.com', 'Bianka', 'Kretek', 'Yn4~baenshn', '537 286 736', NULL, NULL, NULL, 1, 0, 0, 1, 0),
(163, 'krzysztof98@example.net', 'Tola', 'Zapora', 'Lc2*JCgDtVNfs', '+48 574 305 520', NULL, NULL, NULL, 1, 0, 0, 1, 0),
(164, 'oliwierpowazka@example.com', 'Urszula', 'Mandrysz', 'Xc2*DBOq', '885 717 910', NULL, NULL, NULL, 1, 0, 0, 1, 0),
(165, 'wylegalaaleks@example.com', 'Miłosz', 'Smolorz', 'Yh5}UCo', '669 692 152', NULL, NULL, NULL, 1, 0, 0, 1, 0),
(166, 'elizawojtalik@example.org', 'Julian', 'Kurpanik', 'Pu5(XEUFazup', '+48 604 683 625', NULL, NULL, NULL, 1, 0, 0, 1, 0),
(167, 'kurczakoskar@example.org', 'Elżbieta', 'Żero', 'Ub5}MAs', '+48 888 611 114', NULL, NULL, NULL, 1, 0, 0, 1, 0),
(168, 'szymon69@example.org', 'Marek', 'Tylek', 'Rr7}fdngCx', '604 862 771', NULL, NULL, NULL, 1, 0, 0, 1, 0),
(169, 'xdynia@example.net', 'Filip', 'Duchnik', 'Rh3:YTdZpJEtmOLwBVBq', '+48 661 904 132', NULL, NULL, NULL, 1, 0, 0, 1, 0),
(170, 'cyprian48@example.net', 'Arkadiusz', 'Kiełek', 'Ww8@MaCBHPcgplNVPS', '886 952 507', NULL, NULL, NULL, 1, 0, 0, 1, 0),
(171, 'wichasylwia@example.com', 'Tomasz', 'Kuczaj', 'Ps6-tChizNkSDd', '22 718 98 54', NULL, NULL, NULL, 1, 0, 0, 1, 0),
(172, 'wojtynaadam@example.org', 'Kajetan', 'Zmyślony', 'Pr9@oTeP', '+48 22 723 29 74', NULL, NULL, NULL, 1, 0, 0, 1, 0),
(173, 'hubertlosiak@example.com', 'Lidia', 'Łaszcz', 'No8}BDUOnj', '605 749 220', NULL, NULL, NULL, 1, 0, 0, 1, 0),
(174, 'ksawery10@example.com', 'Dominik', 'Stosik', 'Nq7=zTZtuyUis', '501 633 929', NULL, NULL, NULL, 1, 0, 0, 1, 0),
(175, 'iklinkosz@example.org', 'Tymoteusz', 'Ćmiel', 'Va5$exi', '783 539 849', NULL, NULL, NULL, 1, 0, 0, 1, 0),
(176, 'szarpaknikodem@example.com', 'Witold', 'Podpora', 'Vs6~NYMyR', '+48 780 704 500', NULL, NULL, NULL, 1, 0, 0, 1, 0),
(177, 'mareksosniak@example.com', 'Ignacy', 'Pawliczek', 'Xs4+ZlBtvM', '+48 532 189 401', NULL, NULL, NULL, 1, 0, 0, 1, 0),
(178, 'wasaznikprzemyslaw@example.org', 'Dagmara', 'Lewko', 'Bl0<zxXjM', '661 430 472', NULL, NULL, NULL, 1, 0, 0, 1, 0),
(179, 'yprucnal@example.com', 'Fabian', 'Andrejczuk', 'Ec4~nMWrIN', '22 215 87 66', NULL, NULL, NULL, 1, 0, 0, 1, 0),
(180, 'sadyalex@example.com', 'Albert', 'Grodek', 'Hc3~VMzjIsjUzJxw', '519 266 547', NULL, NULL, NULL, 1, 0, 0, 1, 0),
(181, 'witold64@example.net', 'Radosław', 'Banyś', 'Fo2<JrmexdnXWEhfj', '+48 575 253 560', NULL, NULL, NULL, 1, 0, 0, 1, 0),
(182, 'wslebioda@example.org', 'Konrad', 'Osipiuk', 'Pt1$xCRWfrdzQZxn', '+48 519 669 824', NULL, NULL, NULL, 1, 0, 0, 1, 0),
(183, 'btrojanek@example.org', 'Mariusz', 'Ignatiuk', 'Po7$Yvsw', '32 449 97 83', NULL, NULL, NULL, 1, 0, 0, 1, 0),
(184, 'olafchomiak@example.org', 'Łukasz', 'Prawdzik', 'Py7@PPLk', '794 372 555', NULL, NULL, NULL, 1, 0, 0, 1, 0),
(185, 'blazej83@example.net', 'Olga', 'Tomaszuk', 'Ou6;UflsaLJPnJ', '+48 723 554 994', NULL, NULL, NULL, 1, 0, 0, 1, 0),
(186, 'marek26@example.org', 'Radosław', 'Gal', 'Iq4@YsUyJy', '518 238 506', NULL, NULL, NULL, 1, 0, 0, 1, 0),
(187, 'alekskolendo@example.com', 'Borys', 'Horbacz', 'Tw8(ChGpWthRNAMC', '+48 692 786 412', NULL, NULL, NULL, 1, 0, 0, 1, 0),
(188, 'boryslempart@example.org', 'Andrzej', 'Maciejko', 'Qp5:DdUSQUzz', '576 846 319', NULL, NULL, NULL, 1, 0, 0, 1, 0),
(189, 'iwidlak@example.org', 'Patryk', 'Cieciura', 'Gk8-kYnJ', '+48 32 270 19 96', NULL, NULL, NULL, 1, 0, 0, 1, 0),
(190, 'haremzaadam@example.org', 'Ewa', 'Woronko', 'Jz0*dec', '+48 795 432 694', NULL, NULL, NULL, 1, 0, 0, 1, 0),
(191, 'janwrochna@example.com', 'Stanisław', 'Imiela', 'Gc9(LcdEDthChPbUQ', '794 520 956', NULL, NULL, NULL, 1, 0, 0, 1, 0),
(192, 'broszkiewicznatasza@example.org', 'Marika', 'Dziób', 'Ou4~gqijtazHkTYT', '883 693 866', NULL, NULL, NULL, 1, 0, 0, 1, 0),
(193, 'kornelia79@example.net', 'Gustaw', 'Szczypek', 'Oq5}HSCLXmsMF', '+48 783 548 843', NULL, NULL, NULL, 1, 0, 0, 1, 0),
(194, 'fitrzykroksana@example.net', 'Józef', 'Godzisz', 'Dc0+JclPy', '799 844 353', NULL, NULL, NULL, 1, 0, 0, 1, 0),
(195, 'olaf17@example.com', 'Julian', 'Szklarek', 'Kq1:BQmQBZwgj', '+48 32 474 42 61', NULL, NULL, NULL, 1, 0, 0, 1, 0),
(196, 'aleksanderstachelek@example.net', 'Albert', 'Drost', 'Uh8@ewTchDcEjUHmhKs', '885 527 450', NULL, NULL, NULL, 1, 0, 0, 1, 0),
(197, 'jerzy35@example.net', 'Alex', 'Księżak', 'Rk4<bvYzznqjS', '+48 514 307 357', NULL, NULL, NULL, 1, 0, 0, 1, 0),
(198, 'amordal@example.net', 'Maks', 'Grzech', 'Pt0~DXGWhkLsArXXDUk', '+48 22 929 81 35', NULL, NULL, NULL, 1, 0, 0, 1, 0),
(199, 'kiciakdominik@example.org', 'Ewa', 'Listwan', 'La3@HjXR', '781 786 808', NULL, NULL, NULL, 1, 0, 0, 1, 0),
(200, 'nesterowiczjulita@example.org', 'Marcel', 'Kosak', 'Tk9*bZqYCvj', '601 412 266', NULL, NULL, NULL, 1, 0, 0, 1, 0),
(201, 'janmatraszek@example.net', 'Konrad', 'Bugno', 'Rq0*lFHIrtulxmZjG', '504 257 578', NULL, NULL, NULL, 1, 0, 0, 1, 0),
(202, 'kawulajanina@example.org', 'Wiktor', 'Strawa', 'Aq5<LEfEoVOyMHHLVctY', '+48 728 208 169', NULL, NULL, NULL, 1, 0, 0, 1, 0),
(203, 'pieczyrakapolonia@example.org', 'Alan', 'Wójs', 'Vn2>rXnrK', '783 524 632', NULL, NULL, NULL, 1, 0, 0, 1, 0),
(204, 'drobikalbert@example.net', 'Jakub', 'Wydrych', 'Vi7}HEHAZL', '+48 22 745 13 49', NULL, NULL, NULL, 1, 0, 0, 1, 0),
(205, 'mieszko36@example.org', 'Mieszko', 'Baś', 'Vb5>wwf', '510 258 620', NULL, NULL, NULL, 1, 0, 0, 1, 0),
(206, 'jacektadla@example.org', 'Konstanty', 'Burnat', 'Qr4{DxxvyGHQuHr', '691 619 964', NULL, NULL, NULL, 1, 0, 0, 1, 0),
(207, 'jacekkuza@example.com', 'Nataniel', 'Mizgała', 'Qj1:yeetSoVMQsGJO', '793 805 195', NULL, NULL, NULL, 1, 0, 0, 1, 0),
(208, 'galtymoteusz@example.net', 'Natan', 'Pierzak', 'Tj1*ArlrnYAynEwCp', '22 456 10 22', NULL, NULL, NULL, 1, 0, 0, 1, 0),
(209, 'fdomon@example.com', 'Kacper', 'Nieradko', 'Wq6~yiDVBlyaWwG', '+48 500 283 118', NULL, NULL, NULL, 1, 0, 0, 1, 0),
(210, 'arkadiuszstawowczyk@example.net', 'Kornelia', 'Prokopiak', 'Fe6@KQTYp', '574 467 893', NULL, NULL, NULL, 1, 0, 0, 1, 0),
(211, 'mateuszszalas@example.org', 'Anita', 'Kondej', 'Ds8=AUJgehdbm', '+48 723 846 756', NULL, NULL, NULL, 1, 0, 0, 1, 0),
(212, 'wislawiktor@example.net', 'Anastazja', 'Bok', 'Dv2*fGHiTIivuiwZkDCK', '693 564 838', NULL, NULL, NULL, 1, 0, 0, 1, 0),
(213, 'zaraseliza@example.net', 'Gaja', 'Siembab', 'Tg8;ufNozvac', '571 285 730', NULL, NULL, NULL, 1, 0, 0, 1, 0),
(214, 'jeremidrobek@example.com', 'Jacek', 'Orpel', 'Lu4;fD', '605 360 150', NULL, NULL, NULL, 1, 0, 0, 1, 0),
(215, 'holubowiczmichal@example.com', 'Adrian', 'Goj', 'Dm1>RvWNrOgETeB', '738 744 359', NULL, NULL, NULL, 1, 0, 0, 1, 0),
(216, 'okraskaapolonia@example.com', 'Aleksander', 'Cich', 'Km1~vTbBavG', '880 987 456', NULL, NULL, NULL, 1, 0, 0, 1, 0),
(217, 'bialasikanastazja@example.org', 'Gabriel', 'Borysiuk', 'Zn0tXbjcUrbLY', '513 348 824', NULL, NULL, NULL, 1, 0, 0, 1, 0),
(218, 'elizawelc@example.org', 'Oliwier', 'Albin', 'Dl0(fd', '885 024 708', NULL, NULL, NULL, 1, 0, 0, 1, 0),
(219, 'obarankiewicz@example.net', 'Justyna', 'Mesjasz', 'Nn3)bPbTeeOWpU', '+48 608 889 129', NULL, NULL, NULL, 1, 0, 0, 1, 0),
(220, 'macharobert@example.org', 'Maksymilian', 'Patoła', 'Tv8$drUjknc', '+48 661 147 398', NULL, NULL, NULL, 1, 0, 0, 1, 0),
(221, 'oczupryna@example.org', 'Dagmara', 'Wyciszkiewicz', 'Tg1*LbWOYmSVbNZey', '666 684 752', NULL, NULL, NULL, 1, 0, 0, 1, 0),
(222, 'wnagel@example.org', 'Jeremi', 'Para', 'Kw7(TAhpagJqrrwHYkK', '605 292 585', NULL, NULL, NULL, 1, 0, 0, 1, 0),
(223, 'zwawrzynowicz@example.org', 'Błażej', 'Spychaj', 'Me0)HUFqfXXnbasFvqLz', '+48 735 075 316', NULL, NULL, NULL, 1, 0, 0, 1, 0),
(224, 'wiakewa@example.org', 'Justyna', 'Kiepas', 'It2%Zf', '+48 572 756 895', NULL, NULL, NULL, 1, 0, 0, 1, 0),
(225, 'ciubatola@example.net', 'Błażej', 'Kubek', 'Fn3!RUlkZtIhxfBDRjp', '32 554 80 00', NULL, NULL, NULL, 1, 0, 0, 1, 0),
(226, 'marianna08@example.com', 'Tobiasz', 'Niećko', 'Gr6@lUSJateJDdaVlB', '+48 32 950 12 32', NULL, NULL, NULL, 1, 0, 0, 1, 0),
(227, 'kubasiaksonia@example.com', 'Tymoteusz', 'Karkut', 'Iy6=cKkvJMkXtR', '+48 514 317 022', NULL, NULL, NULL, 1, 0, 0, 1, 0),
(228, 'vpazera@example.com', 'Marcel', 'Franc', 'Hp3(ZGoqB', '+48 505 652 959', NULL, NULL, NULL, 1, 0, 0, 1, 0),
(229, 'mfront@example.net', 'Gaja', 'Kadela', 'Ye1_PyiDClz', '785 109 434', NULL, NULL, NULL, 1, 0, 0, 1, 0),
(230, 'witold00@example.org', 'Konrad', 'Nieścioruk', 'Kb6;eZCQiZE', '+48 730 482 389', NULL, NULL, NULL, 1, 0, 0, 1, 0),
(231, 'justynazacharek@example.org', 'Ernest', 'Rosołek', 'Zw6~yyCQxLd', '788 673 740', NULL, NULL, NULL, 1, 0, 0, 1, 0),
(232, 'ewelinamorka@example.org', 'Marcel', 'Jędryczka', 'Dr3(OAgqTXfxNL', '+48 782 266 018', NULL, NULL, NULL, 1, 0, 0, 1, 0),
(233, 'gajachomik@example.net', 'Sylwia', 'Mosiołek', 'As2=eLKT', '+48 519 156 270', NULL, NULL, NULL, 1, 0, 0, 1, 0),
(234, 'nataniel44@example.net', 'Janina', 'Hetmańczyk', 'In7;mIQwGHIpOT', '511 884 309', NULL, NULL, NULL, 1, 0, 0, 1, 0),
(235, 'apolonia56@example.com', 'Franciszek', 'Pospiech', 'Va9>HwxGuB', '575 476 814', NULL, NULL, NULL, 1, 0, 0, 1, 0),
(236, 'dawid56@example.org', 'Marcelina', 'Stuglik', 'Ep5>VUv', '32 479 58 78', NULL, NULL, NULL, 1, 0, 0, 1, 0),
(237, 'adrianrejniak@example.org', 'Anastazja', 'Seta', 'Oi3!cJNMUAEVh', '22 930 12 96', NULL, NULL, NULL, 1, 0, 0, 1, 0),
(238, 'karinakaczmarkiewicz@example.net', 'Inga', 'Larysz', 'Cr2{jUcCpCuTzAC', '+48 32 224 93 90', NULL, NULL, NULL, 1, 0, 0, 1, 0),
(239, 'krencklara@example.org', 'Natasza', 'Frydrychowicz', 'Tj4+phWWaaxsvMNIDfc', '22 805 05 03', NULL, NULL, NULL, 1, 0, 0, 1, 0),
(240, 'chaberekrafal@example.net', 'Patryk', 'Getka', 'Hd4+HjT', '+48 795 922 592', NULL, NULL, NULL, 1, 0, 0, 1, 0),
(241, 'nlesny@example.org', 'Apolonia', 'Gryka', 'Gz3$UNJMmLSBbeFNjxV', '+48 791 246 444', NULL, NULL, NULL, 1, 0, 0, 1, 0),
(242, 'czuryloblazej@example.net', 'Eliza', 'Sommer', 'Km5~qsymfOTxNIh', '693 773 677', NULL, NULL, NULL, 1, 0, 0, 1, 0),
(243, 'osiewiera@example.net', 'Liwia', 'Jakubaszek', 'Sf8@Uh', '730 627 262', NULL, NULL, NULL, 1, 0, 0, 1, 0),
(244, 'skonieczkajulianna@example.net', 'Jacek', 'Warwas', 'Ay0)nxJTdHlQmugb', '+48 508 352 901', NULL, NULL, NULL, 1, 0, 0, 1, 0),
(245, 'neskaklara@example.com', 'Sebastian', 'Drobny', 'Ml7)OsmnxjU', '+48 668 841 330', NULL, NULL, NULL, 1, 0, 0, 1, 0),
(246, 'ingakukier@example.org', 'Mariusz', 'Kościuszko', 'Kr8{CjxKuMlfW', '883 124 129', NULL, NULL, NULL, 1, 0, 0, 1, 0),
(247, 'chomikeliza@example.org', 'Kacper', 'Boba', 'Je6:aUMGh', '502 384 784', NULL, NULL, NULL, 1, 0, 0, 1, 0),
(248, 'tdabrowka@example.com', 'Aurelia', 'Mirga', 'Ql5pZLFaCbRUlWjQbzcB', '+48 785 150 891', NULL, NULL, NULL, 1, 0, 0, 1, 0),
(249, 'justynamartyn@example.net', 'Mateusz', 'Rudzik', 'Aw6(nrVyjkurwQTevARX', '+48 729 599 339', NULL, NULL, NULL, 1, 0, 0, 1, 0),
(250, 'dchatys@example.org', 'Nikodem', 'Strzała', 'Fk2bbspkoufEhpDBodNn', '+48 721 200 652', NULL, NULL, NULL, 1, 0, 0, 1, 0),
(251, 'anitaoleszko@example.org', 'Mieszko', 'Kujda', 'Vx7#Ctlka', '786 385 179', NULL, NULL, NULL, 1, 0, 0, 1, 0),
(252, 'urszulaiwanow@example.org', 'Mateusz', 'Dudkowiak', 'Hu1)zF', '+48 793 742 745', NULL, NULL, NULL, 1, 0, 0, 1, 0),
(253, 'wojciech06@example.org', 'Tymoteusz', 'Kraszkiewicz', 'Hi8:wiCXnlhrzufG', '+48 500 085 047', NULL, NULL, NULL, 1, 0, 0, 1, 0),
(254, 'olgierdplewnia@example.com', 'Leonard', 'Cholewka', 'Ts0_zN', '+48 660 393 696', NULL, NULL, NULL, 1, 0, 0, 1, 0),
(255, 'olga86@example.org', 'Adrian', 'Oleszczak', 'Hj3{yQBG', '+48 572 623 137', NULL, NULL, NULL, 1, 0, 0, 1, 0),
(256, 'bilikgustaw@example.org', 'Jeremi', 'Ludwiniak', 'Hb7<BwWpBdaVYMQ', '+48 661 787 948', NULL, NULL, NULL, 1, 0, 0, 1, 0),
(257, 'olafdrobik@example.com', 'Natan', 'Dąbkiewicz', 'Ni1#gNZiOfScnFNbK', '609 936 542', NULL, NULL, NULL, 1, 0, 0, 1, 0),
(258, 'mojkonstanty@example.org', 'Jakub', 'Kwak', 'Eg3^WWIuvwNHpttn', '+48 608 573 594', NULL, NULL, NULL, 1, 0, 0, 1, 0),
(259, 'gabrielherda@example.net', 'Marcelina', 'Łakota', 'Ms6>tlAZSNjFSX', '518 814 864', NULL, NULL, NULL, 1, 0, 0, 1, 0),
(260, 'kalina30@example.org', 'Arkadiusz', 'Makosz', 'Wh9*HdBrAUMJCt', '+48 32 481 59 41', NULL, NULL, NULL, 1, 0, 0, 1, 0),
(261, 'rafal94@example.net', 'Paweł', 'Rajczyk', 'Yn3#KifD', '729 323 697', NULL, NULL, NULL, 1, 0, 0, 1, 0),
(262, 'dnowotka@example.net', 'Sebastian', 'Choroś', 'Hu7$gEoHGT', '32 259 06 40', NULL, NULL, NULL, 1, 0, 0, 1, 0),
(263, 'dagmarakozlak@example.org', 'Monika', 'Grupa', 'Md1:BMplOhkY', '+48 885 366 135', NULL, NULL, NULL, 1, 0, 0, 1, 0),
(264, 'franciszekchoina@example.com', 'Maciej', 'Klin', 'Bp6HbHNBHTinRGDq', '+48 787 722 648', NULL, NULL, NULL, 1, 0, 0, 1, 0),
(265, 'ysadlik@example.com', 'Cyprian', 'Gabryszak', 'Sa9*LndecCCn', '797 154 246', NULL, NULL, NULL, 1, 0, 0, 1, 0),
(266, 'marcin72@example.com', 'Angelika', 'Krauz', 'Ii3+trvzAZOKkIQbFBMZ', '+48 883 521 197', NULL, NULL, NULL, 1, 0, 0, 1, 0),
(267, 'wasaznikelzbieta@example.com', 'Urszula', 'Zaniewicz', 'Tb6*EzMVeRCNWFRXW', '536 505 945', NULL, NULL, NULL, 1, 0, 0, 1, 0),
(268, 'karpetasonia@example.org', 'Marika', 'Handzel', 'Qg6OLAR', '+48 696 326 867', NULL, NULL, NULL, 1, 0, 0, 1, 0),
(269, 'krystianwenda@example.net', 'Patryk', 'Andreasik', 'Ql9:PEk', '+48 738 906 612', NULL, NULL, NULL, 1, 0, 0, 1, 0),
(270, 'marekbartus@example.net', 'Ernest', 'Maksym', 'Rv9#AhuVJOF', '32 237 52 07', NULL, NULL, NULL, 1, 0, 0, 1, 0),
(271, 'dkapuscik@example.com', 'Maks', 'Fraszczyk', 'Qa7@jx', '+48 692 480 967', NULL, NULL, NULL, 1, 0, 0, 1, 0),
(272, 'bianka66@example.org', 'Kamila', 'Piekacz', 'Sr6-bUwLlPiXAyNnn', '664 151 189', NULL, NULL, NULL, 1, 0, 0, 1, 0),
(273, 'hgumula@example.com', 'Ernest', 'Gmur', 'Jt8{KNvmETcemEdnpB', '+48 696 817 290', NULL, NULL, NULL, 1, 0, 0, 1, 0),
(274, 'cyprianpaliga@example.com', 'Julita', 'Szyca', 'Ti7;tRKEWPapPYin', '789 810 140', NULL, NULL, NULL, 1, 0, 0, 1, 0),
(275, 'gbalas@example.org', 'Andrzej', 'Mądro', 'Aj3:KWQO', '+48 735 288 287', NULL, NULL, NULL, 1, 0, 0, 1, 0),
(276, 'jmarkiel@example.com', 'Kajetan', 'Maciejuk', 'Xz8:kScJgA', '+48 885 687 994', NULL, NULL, NULL, 1, 0, 0, 1, 0),
(277, 'jacek20@example.com', 'Krystyna', 'Fita', 'El6<jJfTZWA', '883 709 751', NULL, NULL, NULL, 1, 0, 0, 1, 0),
(278, 'marcelkroczak@example.com', 'Norbert', 'Dyjas', 'Mo1-UjOcWENImi', '+48 669 487 541', NULL, NULL, NULL, 1, 0, 0, 1, 0),
(279, 'aleksander77@example.com', 'Mateusz', 'Szałaj', 'Mx4@rXRUbeWNc', '+48 601 780 276', NULL, NULL, NULL, 1, 0, 0, 1, 0),
(280, 'makaradrian@example.org', 'Kornel', 'Świt', 'Vs7_pyZDcfcyrgpcrqeO', '+48 576 329 816', NULL, NULL, NULL, 1, 0, 0, 1, 0),
(281, 'mokwasonia@example.com', 'Marika', 'Wojtach', 'Uv9-VWLr', '693 435 170', NULL, NULL, NULL, 1, 0, 0, 1, 0),
(282, 'tobiasz53@example.org', 'Hubert', 'Pacia', 'Ky2(mCoAkpTqoj', '578 050 125', NULL, NULL, NULL, 1, 0, 0, 1, 0),
(283, 'natanmurat@example.org', 'Kalina', 'Mol', 'It9{RzhRATzCOKHQIo', '+48 504 587 309', NULL, NULL, NULL, 1, 0, 0, 1, 0),
(284, 'sbluszcz@example.com', 'Bianka', 'Suchojad', 'Rf8=JhscWxR', '536 541 523', NULL, NULL, NULL, 1, 0, 0, 1, 0),
(285, 'maurycy16@example.org', 'Leon', 'Perka', 'Jm9)AmLmwMwTWi', '+48 732 620 684', NULL, NULL, NULL, 1, 0, 0, 1, 0),
(286, 'xkunc@example.net', 'Stanisław', 'Mokwa', 'Zd3<MGHlk', '579 535 133', NULL, NULL, NULL, 1, 0, 0, 1, 0),
(287, 'boknatan@example.org', 'Aniela', 'Hajdas', 'Pg4*Pke', '22 805 79 75', NULL, NULL, NULL, 1, 0, 0, 1, 0),
(288, 'alexpenar@example.org', 'Krzysztof', 'Kmak', 'Dh9-vRrtRibnaW', '32 582 50 63', NULL, NULL, NULL, 1, 0, 0, 1, 0),
(289, 'tobiaszkwoka@example.com', 'Krzysztof', 'Fijak', 'Ty3<uOVCrcxzUYmlw', '+48 22 442 21 44', NULL, NULL, NULL, 1, 0, 0, 1, 0),
(290, 'stanislawekksawery@example.org', 'Anastazja', 'Przewoźniak', 'Ae4ReRYxnsegyaKWB', '790 312 312', NULL, NULL, NULL, 1, 0, 0, 1, 0),
(291, 'maurycy52@example.net', 'Borys', 'Szymaniuk', 'Gz1fAWGYwVBbRRO', '579 421 766', NULL, NULL, NULL, 1, 0, 0, 1, 0),
(292, 'dwindak@example.org', 'Bruno', 'Adamaszek', 'Xb4=tEtEZxkXr', '+48 784 816 095', NULL, NULL, NULL, 1, 0, 0, 1, 0),
(293, 'buzajulita@example.org', 'Antoni', 'Amanowicz', 'Uq9~OfwpR', '788 856 173', NULL, NULL, NULL, 1, 0, 0, 1, 0),
(294, 'ciesielczykkrystian@example.net', 'Olgierd', 'Gajowiak', 'Nh2^VyzfrcVGvctJhMbU', '573 865 009', NULL, NULL, NULL, 1, 0, 0, 1, 0),
(295, 'sudajeremi@example.com', 'Gaja', 'Goliszek', 'Ul9:AGhKp', '576 535 873', NULL, NULL, NULL, 1, 0, 0, 1, 0),
(296, 'witold64@example.net', 'Gabriel', 'Jamroz', 'Jh8%cXNgE', '667 436 657', NULL, NULL, NULL, 1, 0, 0, 1, 0),
(297, 'sebastianwalesa@example.com', 'Klara', 'Czopik', 'Io5^TNKF', '+48 884 167 808', NULL, NULL, NULL, 1, 0, 0, 1, 0),
(298, 'jerzy70@example.com', 'Konstanty', 'Zbroja', 'Ny6_vNaChzFAbZnhZQ', '+48 663 018 666', NULL, NULL, NULL, 1, 0, 0, 1, 0),
(299, 'duczekblazej@example.org', 'Krystian', 'Matejczuk', 'Hb3_EGgEAsQHgptunUzO', '604 457 894', NULL, NULL, NULL, 1, 0, 0, 1, 0),
(300, 'przemyslawarendarczyk@example.org', 'Szymon', 'Żelazek', 'Zd5+uNEhVww', '600 436 784', NULL, NULL, NULL, 1, 0, 0, 1, 0),
(301, 'zkapciak@example.net', 'Stanisław', 'Hanc', 'Bz5)KMaAHVDJ', '+48 513 034 027', NULL, NULL, NULL, 1, 0, 0, 1, 0),
(302, 'knieciwo@example.net', 'Mateusz', 'Laskus', 'Ey2!mPGFHwSlfizQ', '+48 720 709 497', NULL, NULL, NULL, 1, 0, 0, 1, 0),
(303, 'zawiasagaja@example.com', 'Cyprian', 'Frydel', 'Nx2(bRaH', '+48 513 813 479', NULL, NULL, NULL, 1, 0, 0, 1, 0),
(304, 'gajadomka@example.org', 'Witold', 'Fogel', 'Oh3^CydLV', '+48 507 516 022', NULL, NULL, NULL, 1, 0, 0, 1, 0),
(305, 'kacper54@example.org', 'Kamil', 'Sudak', 'Mi6_ooSAvnPokkDQ', '736 941 511', NULL, NULL, NULL, 1, 0, 0, 1, 0),
(306, 'kajetanpieczyrak@example.net', 'Tola', 'Sadlik', 'Da9}RKR', '889 882 572', NULL, NULL, NULL, 1, 0, 0, 1, 0),
(307, 'szymon64@example.org', 'Witold', 'Szulist', 'Ib2:ohvk', '+48 32 321 18 27', NULL, NULL, NULL, 1, 0, 0, 1, 0),
(308, 'gaszczakkarina@example.org', 'Nataniel', 'Zinkiewicz', 'Ep0=evxXxM', '+48 515 575 400', NULL, NULL, NULL, 1, 0, 0, 1, 0),
(309, 'rokmilosz@example.net', 'Bartek', 'Futyma', 'Op9^tbHwPsovZB', '+48 500 581 648', NULL, NULL, NULL, 1, 0, 0, 1, 0),
(310, 'nszywala@example.com', 'Patryk', 'Łudzik', 'Ml1{RhhDhhFFygxcLs', '728 813 051', NULL, NULL, NULL, 1, 0, 0, 1, 0),
(311, 'melaniabaranowicz@example.net', 'Tymon', 'Pesta', 'To3;fMbLOnXiKxToaxpt', '518 968 177', NULL, NULL, NULL, 1, 0, 0, 1, 0),
(312, 'wiktorgajowiak@example.com', 'Tymoteusz', 'Łuszczak', 'Na1;fHHmCigUl', '+48 606 268 487', NULL, NULL, NULL, 1, 0, 0, 1, 0),
(313, 'krzystektymoteusz@example.net', 'Ida', 'Witan', 'Zh9@ckXhrrSHSknCE', '882 244 122', NULL, NULL, NULL, 1, 0, 0, 1, 0),
(314, 'rwyrwal@example.org', 'Marcin', 'Mendyka', 'Ki0$vOBvwZjSMBqeb', '605 522 071', NULL, NULL, NULL, 1, 0, 0, 1, 0),
(315, 'adamnazimek@example.org', 'Dariusz', 'Żółtek', 'Ny9}xuTTkCxyTWhYq', '512 996 348', NULL, NULL, NULL, 1, 0, 0, 1, 0),
(316, 'gmuradrian@example.net', 'Marcel', 'Guźniczak', 'By5+uHmyPS', '783 055 826', NULL, NULL, NULL, 1, 0, 0, 1, 0),
(317, 'nikodemtomaszczyk@example.org', 'Aurelia', 'Baumgart', 'Mq8-EXnGGhXoXjRcCFiW', '+48 663 157 389', NULL, NULL, NULL, 1, 0, 0, 1, 0),
(318, 'kleinschmidtapolonia@example.org', 'Juliusz', 'Zaguła', 'Ni7-txjSiNi', '32 044 50 23', NULL, NULL, NULL, 1, 0, 0, 1, 0),
(319, 'julianna33@example.org', 'Emil', 'Gołofit', 'Qv8@RcmehhwBiDpK', '+48 732 744 050', NULL, NULL, NULL, 1, 0, 0, 1, 0),
(320, 'filipgierak@example.org', 'Anastazja', 'Szyja', 'Nu7+vnna', '+48 608 471 828', NULL, NULL, NULL, 1, 0, 0, 1, 0),
(321, 'brunofigat@example.net', 'Jerzy', 'Brzęk', 'Ui0(TCCTVkkgvyVI', '+48 725 914 527', NULL, NULL, NULL, 1, 0, 0, 1, 0),
(322, 'lprejs@example.com', 'Kacper', 'Kukuczka', 'Mb4+xkJCnWkaUDtTyo', '+48 738 191 154', NULL, NULL, NULL, 1, 0, 0, 1, 0),
(323, 'czubaszekhubert@example.net', 'Lidia', 'Hajdasz', 'Nm3;xVIEYfnzCqKoaE', '+48 666 164 436', NULL, NULL, NULL, 1, 0, 0, 1, 0),
(324, 'oskarwojtak@example.net', 'Maksymilian', 'Pietraś', 'Zs4_zKQgS', '+48 692 256 699', NULL, NULL, NULL, 1, 0, 0, 1, 0),
(325, 'krzysztofpara@example.com', 'Rozalia', 'Barteczko', 'Lj1^mLXPwETm', '+48 32 087 32 95', NULL, NULL, NULL, 1, 0, 0, 1, 0),
(326, 'goszkamila@example.org', 'Natasza', 'Grzywnowicz', 'Nt7_tBXjhMjAU', '736 625 496', NULL, NULL, NULL, 1, 0, 0, 1, 0),
(327, 'klara93@example.org', 'Dariusz', 'Gogacz', 'Al6$pfZAcDmEegJRJLIF', '518 528 729', NULL, NULL, NULL, 1, 0, 0, 1, 0),
(328, 'angelika99@example.org', 'Aniela', 'Sadura', 'Nv1_ATfTMmpJtp', '+48 32 985 14 07', NULL, NULL, NULL, 1, 0, 0, 1, 0),
(329, 'konstanty19@example.net', 'Dariusz', 'Petryk', 'Dp0:hGiHvtJjXOzbG', '795 135 148', NULL, NULL, NULL, 1, 0, 0, 1, 0),
(330, 'hjakiel@example.org', 'Julian', 'Miara', 'Hz4}pboPVj', '+48 578 515 554', NULL, NULL, NULL, 1, 0, 0, 1, 0),
(331, 'wrduch@example.com', 'Oliwier', 'Wojtyna', 'Qd4_McnPcZDKFatn', '786 485 540', NULL, NULL, NULL, 1, 0, 0, 1, 0),
(332, 'olgierdcwirko@example.org', 'Aleks', 'Szmajda', 'Sv4-RZQOMroNCL', '889 488 546', NULL, NULL, NULL, 1, 0, 0, 1, 0),
(333, 'sadamiuk@example.com', 'Kacper', 'Parus', 'Rf0:YTBAxhOoSmYT', '+48 880 928 058', NULL, NULL, NULL, 1, 0, 0, 1, 0),
(334, 'szarpakdariusz@example.net', 'Julian', 'Olko', 'Oo4(DEgrvFUlplSD', '571 857 754', NULL, NULL, NULL, 1, 0, 0, 1, 0),
(335, 'ryszardmalesza@example.org', 'Oliwier', 'Świątkiewicz', 'Tn9(ogpEewx', '508 653 173', NULL, NULL, NULL, 1, 0, 0, 1, 0),
(336, 'sonia65@example.com', 'Róża', 'Wałęsa', 'Mk0PGkkpNHPJtFDm', '+48 32 192 71 80', NULL, NULL, NULL, 1, 0, 0, 1, 0),
(337, 'michal35@example.com', 'Jacek', 'Staniczek', 'Qg2etXPmrtIIrOyVYcDN', '+48 532 723 227', NULL, NULL, NULL, 1, 0, 0, 1, 0),
(338, 'rozaliabzdziuch@example.org', 'Anita', 'Dorobisz', 'Fp1#YVCehYljuVEz', '510 494 713', NULL, NULL, NULL, 1, 0, 0, 1, 0),
(339, 'jsromek@example.net', 'Kalina', 'Parus', 'Oo6$hhLHIw', '738 309 578', NULL, NULL, NULL, 1, 0, 0, 1, 0),
(340, 'skleinschmidt@example.com', 'Sonia', 'Sroga', 'Oh5{klVT', '+48 511 321 288', NULL, NULL, NULL, 1, 0, 0, 1, 0),
(341, 'pietrusiewiczaniela@example.com', 'Sara', 'Żymełka', 'Fc5-mjlxaDgfxWuffoo', '+48 22 559 19 01', NULL, NULL, NULL, 1, 0, 0, 1, 0),
(342, 'eszczerbiak@example.net', 'Róża', 'Kabala', 'Rk8$LVNq', '+48 609 081 205', NULL, NULL, NULL, 1, 0, 0, 1, 0),
(343, 'marcel36@example.org', 'Jacek', 'Mak', 'Pk5+MOijSctAYpaOaOR', '696 327 654', NULL, NULL, NULL, 1, 0, 0, 1, 0),
(344, 'sebastian58@example.com', 'Gaja', 'Jakoniuk', 'Qf8+XbfaIUJFVLRXNiCJ', '+48 797 212 455', NULL, NULL, NULL, 1, 0, 0, 1, 0),
(345, 'alan20@example.com', 'Kaja', 'Kurp', 'Fe0%jMdOkzFp', '+48 788 888 002', NULL, NULL, NULL, 1, 0, 0, 1, 0),
(346, 'juliannasommerfeld@example.org', 'Wiktor', 'Golonko', 'Mc9(HidZcEYZueSdjLBb', '+48 603 930 982', NULL, NULL, NULL, 1, 0, 0, 1, 0),
(347, 'wojciechlewko@example.com', 'Gustaw', 'Dzwonnik', 'Tm8}MXrWZeoIsMQythAM', '+48 698 975 615', NULL, NULL, NULL, 1, 0, 0, 1, 0),
(348, 'marcin29@example.org', 'Nela', 'Chowaniak', 'Uz2:JZGG', '889 433 524', NULL, NULL, NULL, 1, 0, 0, 1, 0),
(349, 'drygasgaja@example.org', 'Monika', 'Ropiak', 'Ge1-RJltMfD', '+48 728 164 105', NULL, NULL, NULL, 1, 0, 0, 1, 0),
(350, 'roza45@example.net', 'Józef', 'Kolanko', 'Ft2-PnoBZqMM', '22 822 14 57', NULL, NULL, NULL, 1, 0, 0, 1, 0),
(351, 'gdrozdziel@example.net', 'Jakub', 'Rode', 'Tz7+FSamPvdhtTcoG', '+48 696 918 744', NULL, NULL, NULL, 1, 0, 0, 1, 0),
(352, 'marcel34@example.com', 'Tomasz', 'Juszczuk', 'Aj7_baTBVQDsFUJPHuYj', '32 360 95 91', NULL, NULL, NULL, 1, 0, 0, 1, 0),
(353, 'koperekprzemyslaw@example.net', 'Józef', 'Dyda', 'Ln3;SXGjzEGSQZG', '+48 603 187 921', NULL, NULL, NULL, 1, 0, 0, 1, 0),
(354, 'damian48@example.org', 'Leon', 'Szymonik', 'Na4VTtEKLrQSXOZg', '694 501 011', NULL, NULL, NULL, 1, 0, 0, 1, 0),
(355, 'milosz39@example.com', 'Ewelina', 'Kwapień', 'Im6:vuikkMwCXjqf', '501 679 067', NULL, NULL, NULL, 1, 0, 0, 1, 0),
(356, 'szybajulita@example.org', 'Jerzy', 'Czuj', 'Bp7#PLEYKFFvSGHXVd', '+48 782 375 734', NULL, NULL, NULL, 1, 0, 0, 1, 0),
(357, 'bilikborys@example.org', 'Wojciech', 'Wójcikiewicz', 'Lq3#XCi', '+48 32 054 59 43', NULL, NULL, NULL, 1, 0, 0, 1, 0),
(358, 'ibogaczyk@example.com', 'Mieszko', 'Kopiczko', 'Te0laOwSQva', '+48 32 236 44 13', NULL, NULL, NULL, 1, 0, 0, 1, 0),
(359, 'jan31@example.net', 'Kaja', 'Sumera', 'Gv0(CxPLbvvuKINfoyLk', '32 090 98 87', NULL, NULL, NULL, 1, 0, 0, 1, 0),
(360, 'marika12@example.com', 'Emil', 'Cibor', 'Ue0-Tz', '+48 697 632 974', NULL, NULL, NULL, 1, 0, 0, 1, 0),
(361, 'dmolka@example.com', 'Apolonia', 'Piekacz', 'Tk4)ZFxquiFChEDOyY', '+48 32 085 32 15', NULL, NULL, NULL, 1, 0, 0, 1, 0),
(362, 'olga47@example.net', 'Stefan', 'Budzyń', 'Ko1)ZUwZ', '+48 697 371 645', NULL, NULL, NULL, 1, 0, 0, 1, 0),
(363, 'ffraniak@example.com', 'Filip', 'Rurka', 'Ed2*eIKYFIRBiIAdS', '722 253 909', NULL, NULL, NULL, 1, 0, 0, 1, 0),
(364, 'ugierat@example.com', 'Anastazja', 'Blaut', 'Rr1=BJfWZW', '+48 737 296 348', NULL, NULL, NULL, 1, 0, 0, 1, 0),
(365, 'kamilasiudek@example.org', 'Przemysław', 'Słomiany', 'Xk7@OjFNzuyc', '538 214 626', NULL, NULL, NULL, 1, 0, 0, 1, 0),
(366, 'bartek98@example.com', 'Robert', 'Roch', 'Ra1<sqHMLxJJz', '661 254 223', NULL, NULL, NULL, 1, 0, 0, 1, 0),
(367, 'zaranekanita@example.org', 'Wiktor', 'Małycha', 'Bd0!IBnFpSaanbv', '+48 514 000 679', NULL, NULL, NULL, 1, 0, 0, 1, 0),
(368, 'klaramiklaszewicz@example.net', 'Marcin', 'Barteczko', 'Tt8DgWSRJl', '32 326 26 66', NULL, NULL, NULL, 1, 0, 0, 1, 0),
(369, 'antonidziczek@example.net', 'Alan', 'Mamcarz', 'Hu7(byzB', '+48 22 330 70 45', NULL, NULL, NULL, 1, 0, 0, 1, 0),
(370, 'monikaplizga@example.com', 'Robert', 'Szwiec', 'If9+LLIqKUpD', '794 586 127', NULL, NULL, NULL, 1, 0, 0, 1, 0),
(371, 'afilas@example.com', 'Arkadiusz', 'Olewniczak', 'Or9<bBgTofQloS', '+48 537 687 698', NULL, NULL, NULL, 1, 0, 0, 1, 0),
(372, 'inga68@example.net', 'Ada', 'Lepianka', 'We3;lSbpIzGtTUqA', '+48 32 110 46 96', NULL, NULL, NULL, 1, 0, 0, 1, 0),
(373, 'nkrzosek@example.net', 'Franciszek', 'Stempel', 'Ug2$tcrvFZDMu', '571 449 655', NULL, NULL, NULL, 1, 0, 0, 1, 0),
(374, 'iwitka@example.net', 'Cyprian', 'Wojczuk', 'Rc4-JxjASkajDPOD', '+48 32 328 23 42', NULL, NULL, NULL, 1, 0, 0, 1, 0),
(375, 'gustawszymanczak@example.org', 'Krystyna', 'Wyrwał', 'Mc9$YLlOHRIu', '+48 665 952 796', NULL, NULL, NULL, 1, 0, 0, 1, 0),
(376, 'albert22@example.com', 'Adrianna', 'Czylok', 'Eb8=RHXxzIbYY', '+48 888 420 290', NULL, NULL, NULL, 1, 0, 0, 1, 0),
(377, 'szylarandrzej@example.net', 'Ignacy', 'Hein', 'Oz7$RATLD', '788 805 743', NULL, NULL, NULL, 1, 0, 0, 1, 0),
(378, 'nsalwin@example.net', 'Rafał', 'Urynowicz', 'De3~RgB', '503 799 471', NULL, NULL, NULL, 1, 0, 0, 1, 0),
(379, 'nataszaluberda@example.com', 'Grzegorz', 'Geisler', 'Qx4:HZsSyEQnKStDQN', '+48 32 018 52 77', NULL, NULL, NULL, 1, 0, 0, 1, 0),
(380, 'mrejmak@example.net', 'Elżbieta', 'Bilik', 'Yo2;cmgfrcyfR', '505 387 386', NULL, NULL, NULL, 1, 0, 0, 1, 0),
(381, 'wberus@example.com', 'Bruno', 'Tyma', 'Ym1:iejzNTqT', '+48 500 124 022', NULL, NULL, NULL, 1, 0, 0, 1, 0),
(382, 'zhalat@example.org', 'Alex', 'Brodowicz', 'Aq9*uQ', '797 954 607', NULL, NULL, NULL, 1, 0, 0, 1, 0),
(383, 'damiankiciak@example.com', 'Kamil', 'Jeka', 'Oq1^kHgzImclsRVoynPb', '22 608 29 21', NULL, NULL, NULL, 1, 0, 0, 1, 0),
(384, 'jczajor@example.net', 'Dawid', 'Sanetra', 'Ql8@fmYZoJmCEkJVeLH', '669 298 724', NULL, NULL, NULL, 1, 0, 0, 1, 0),
(385, 'setapiotr@example.org', 'Klara', 'Niewiara', 'Jh3POSFEci', '600 185 097', NULL, NULL, NULL, 1, 0, 0, 1, 0),
(386, 'iandryszczyk@example.net', 'Ada', 'Bystrek', 'Wg1(KCJMFgBpyt', '513 350 198', NULL, NULL, NULL, 1, 0, 0, 1, 0),
(387, 'kornelszczepan@example.org', 'Gaja', 'Dylik', 'Mc3@QeTZdaQm', '+48 516 505 144', NULL, NULL, NULL, 1, 0, 0, 1, 0),
(388, 'hbojarczuk@example.com', 'Paweł', 'Dyczko', 'Bw3_NWBBLyDAfe', '736 276 391', NULL, NULL, NULL, 1, 0, 0, 1, 0),
(389, 'tbudkiewicz@example.org', 'Urszula', 'Rejmak', 'Hd8)DSVwLik', '32 995 39 09', NULL, NULL, NULL, 1, 0, 0, 1, 0),
(390, 'kolarzleon@example.net', 'Jerzy', 'Maraszek', 'Rz9kzrXKQWZfRaw', '738 437 176', NULL, NULL, NULL, 1, 0, 0, 1, 0),
(391, 'farynakajetan@example.org', 'Julian', 'Nicewicz', 'Sz5$dpVAYkCbli', '506 966 496', NULL, NULL, NULL, 1, 0, 0, 1, 0),
(392, 'ryszardgozdur@example.com', 'Grzegorz', 'Mućka', 'Hs5^mfBPpAdQdTr', '+48 510 663 707', NULL, NULL, NULL, 1, 0, 0, 1, 0),
(393, 'dmajorczyk@example.org', 'Mateusz', 'Woronko', 'Du9;oCqwdMWvJfZMYy', '539 182 484', NULL, NULL, NULL, 1, 0, 0, 1, 0),
(394, 'kubiszjeremi@example.org', 'Adrian', 'Woszczak', 'Ur9^osqbVoY', '538 292 706', NULL, NULL, NULL, 1, 0, 0, 1, 0),
(395, 'skiepkoksawery@example.com', 'Oliwier', 'Guziak', 'Fn3(xujMdseYR', '32 451 48 70', NULL, NULL, NULL, 1, 0, 0, 1, 0),
(396, 'anna-mariaguzdek@example.net', 'Damian', 'Łuc', 'Cn3{oZnntnflISEQ', '699 919 874', NULL, NULL, NULL, 1, 0, 0, 1, 0),
(397, 'bfolta@example.com', 'Franciszek', 'Parkitna', 'Sw1)GhnHMOtFzmjhhpIq', '32 304 72 90', NULL, NULL, NULL, 1, 0, 0, 1, 0),
(398, 'pstoj@example.net', 'Olaf', 'Wenzel', 'Lj7#fiWVPO', '+48 691 945 729', NULL, NULL, NULL, 1, 0, 0, 1, 0),
(399, 'norbertszulczyk@example.com', 'Łukasz', 'Humeniuk', 'Vj9@IDXiVpqQixHi', '579 177 375', NULL, NULL, NULL, 1, 0, 0, 1, 0),
(400, 'mytnikdawid@example.net', 'Patryk', 'Fita', 'Fl7}zlxOjKGdCK', '+48 661 543 024', NULL, NULL, NULL, 1, 0, 0, 1, 0),
(401, 'ewelinabrygola@example.com', 'Aleks', 'Marchlewicz', 'Ay3)HsJ', '+48 721 775 166', NULL, NULL, NULL, 1, 0, 0, 1, 0),
(402, 'ewelinajanuszko@example.net', 'Tymoteusz', 'Jędraszek', 'De3$wIGuIM', '+48 22 326 02 62', NULL, NULL, NULL, 1, 0, 0, 1, 0),
(403, 'strozmelania@example.com', 'Tadeusz', 'Żołądź', 'Dt7;ouWGd', '534 657 284', NULL, NULL, NULL, 1, 0, 0, 1, 0),
(404, 'bartekberg@example.org', 'Kamila', 'Heleniak', 'Qi7FzwIacGPirbKUxPI', '508 392 316', NULL, NULL, NULL, 1, 0, 0, 1, 0),
(405, 'igormusiala@example.com', 'Tola', 'Patoła', 'Lx0+yLnDHBVKID', '+48 505 758 403', NULL, NULL, NULL, 1, 0, 0, 1, 0),
(406, 'sarastyn@example.net', 'Gabriel', 'Maciuk', 'Ds0@GtxeWVxrpZSRI', '+48 534 502 433', NULL, NULL, NULL, 1, 0, 0, 1, 0),
(407, 'karinasuch@example.org', 'Dagmara', 'Feret', 'Bd7@uDUouSoXYfFGPkGz', '+48 22 659 80 94', NULL, NULL, NULL, 1, 0, 0, 1, 0),
(408, 'obialamichal@example.org', 'Kajetan', 'Rajch', 'Wj5@ZsJYHRdzvNIYhRuS', '737 502 345', NULL, NULL, NULL, 1, 0, 0, 1, 0),
(409, 'leonardgoliszek@example.org', 'Jędrzej', 'Blaut', 'Xe6;ZJmU', '+48 508 639 220', NULL, NULL, NULL, 1, 0, 0, 1, 0),
(410, 'nicolesupernak@example.org', 'Aurelia', 'Graś', 'Rl2@qqd', '+48 661 212 950', NULL, NULL, NULL, 1, 0, 0, 1, 0),
(411, 'przemyslaw23@example.com', 'Olgierd', 'Rajczyk', 'Be7@JbhoeNUPCcLmmye', '699 024 627', NULL, NULL, NULL, 1, 0, 0, 1, 0),
(412, 'rozakosciesza@example.net', 'Angelika', 'Kostorz', 'Zg1<YBniT', '+48 693 035 643', NULL, NULL, NULL, 1, 0, 0, 1, 0),
(413, 'iwo36@example.com', 'Marianna', 'Trzyna', 'Fb5bGxWoWrGrYLCdU', '+48 32 169 08 06', NULL, NULL, NULL, 1, 0, 0, 1, 0);
INSERT INTO `uzytkownik` (`id_uzytkownika`, `email`, `imie`, `nazwisko`, `haslo`, `telefon`, `stanowisko`, `nazwa_firmy`, `pensja`, `czy_aktywny`, `czy_pracownik`, `czy_producent`, `czy_klient_detaliczny`, `czy_klient_hurtowy`) VALUES
(414, 'mszafarz@example.net', 'Alan', 'Hanke', 'Rs1*EXtPyfrYLb', '+48 728 569 021', NULL, NULL, NULL, 1, 0, 0, 1, 0),
(415, 'ida15@example.org', 'Jerzy', 'Szara', 'Ch5=EeXENLpdkaGj', '+48 530 993 455', NULL, NULL, NULL, 1, 0, 0, 1, 0),
(416, 'bogutakaja@example.net', 'Przemysław', 'Kamyk', 'El9{NRWd', '537 693 864', NULL, NULL, NULL, 1, 0, 0, 1, 0),
(417, 'stanislawfijalek@example.org', 'Tadeusz', 'Pakosz', 'Dl7}gI', '691 711 961', NULL, NULL, NULL, 1, 0, 0, 1, 0),
(418, 'arkadiusz11@example.org', 'Krystyna', 'Furga', 'Tu3;ekuSnXEyrywtf', '668 952 436', NULL, NULL, NULL, 1, 0, 0, 1, 0),
(419, 'natanszpyt@example.org', 'Cyprian', 'Kuster', 'Gh7%oAziOqNNKuXyJS', '785 833 684', NULL, NULL, NULL, 1, 0, 0, 1, 0),
(420, 'wbajko@example.org', 'Elżbieta', 'Lichoń', 'Tu1)pMFmFhzMl', '579 034 531', NULL, NULL, NULL, 1, 0, 0, 1, 0),
(421, 'anastazja00@example.org', 'Karol', 'Fedak', 'Cy0*DZ', '32 162 50 36', NULL, NULL, NULL, 1, 0, 0, 1, 0),
(422, 'filipelwart@example.net', 'Anastazja', 'Lewicz', 'Df9$VyecbdEwDUa', '+48 693 236 876', NULL, NULL, NULL, 1, 0, 0, 1, 0),
(423, 'jagielkanataniel@example.net', 'Tadeusz', 'Gromala', 'Ma5{MX', '695 870 703', NULL, NULL, NULL, 1, 0, 0, 1, 0),
(424, 'michalmakosz@example.net', 'Maks', 'Łyczek', 'Cl3>tXnnPv', '32 460 79 96', NULL, NULL, NULL, 1, 0, 0, 1, 0),
(425, 'zabiereknicole@example.com', 'Urszula', 'Pałyga', 'Hk0(fJUveECZKSkHoS', '+48 883 312 960', NULL, NULL, NULL, 1, 0, 0, 1, 0),
(426, 'igrymuza@example.net', 'Natan', 'Dobroń', 'My3_tBLwHhGokX', '574 372 399', NULL, NULL, NULL, 1, 0, 0, 1, 0),
(427, 'hwyderka@example.org', 'Marcelina', 'Kłosowicz', 'Iw6^NhsqoUeagRQmIe', '538 497 155', NULL, NULL, NULL, 1, 0, 0, 1, 0),
(428, 'zymelkaigor@example.net', 'Marcin', 'Pieczarka', 'Iv2=DBYeZEeQrbaNPj', '732 066 696', NULL, NULL, NULL, 1, 0, 0, 1, 0),
(429, 'lakotajakub@example.org', 'Anna Maria', 'Brzeźniak', 'Tl9#UZHXuGXSYN', '22 491 86 46', NULL, NULL, NULL, 1, 0, 0, 1, 0),
(430, 'oziebloradoslaw@example.com', 'Elżbieta', 'Zioła', 'Ev0%Qh', '609 773 900', NULL, NULL, NULL, 1, 0, 0, 1, 0),
(431, 'eryk32@example.org', 'Rafał', 'Burzec', 'Ci8~pJUoHLaZVbyY', '+48 532 217 175', NULL, NULL, NULL, 1, 0, 0, 1, 0),
(432, 'dorotamaron@example.com', 'Ernest', 'Roter', 'Gv0-fhhrKE', '+48 661 573 989', NULL, NULL, NULL, 1, 0, 0, 1, 0),
(433, 'djama@example.net', 'Ignacy', 'Suda', 'Uu1$myhyEZiHVFSjc', '508 246 745', NULL, NULL, NULL, 1, 0, 0, 1, 0),
(434, 'alexjonczyk@example.com', 'Fabian', 'Kozubal', 'Ts7%WFn', '572 789 731', NULL, NULL, NULL, 1, 0, 0, 1, 0),
(435, 'mjuras@example.net', 'Adrianna', 'Hampel', 'Bq8@PPPx', '508 607 649', NULL, NULL, NULL, 1, 0, 0, 1, 0),
(436, 'oskokamil@example.com', 'Maks', 'Kapustka', 'Xa9)QETANmVS', '+48 22 216 06 63', NULL, NULL, NULL, 1, 0, 0, 1, 0),
(437, 'vczerniakiewicz@example.org', 'Inga', 'Wasil', 'Ct7_opPosZDIWSdkIa', '+48 22 415 71 39', NULL, NULL, NULL, 1, 0, 0, 1, 0),
(438, 'fsmolka@example.org', 'Borys', 'Botor', 'Gb2=jPCBYGeDbEX', '+48 735 519 402', NULL, NULL, NULL, 1, 0, 0, 1, 0),
(439, 'mikolaj06@example.org', 'Daniel', 'Żbik', 'Vv9!kmJZfF', '794 758 452', NULL, NULL, NULL, 1, 0, 0, 1, 0),
(440, 'piotr71@example.net', 'Robert', 'Wincenciak', 'Bn6}IidJBVsGtsLh', '789 716 536', NULL, NULL, NULL, 1, 0, 0, 1, 0),
(441, 'kpiekara@example.org', 'Borys', 'Kuder', 'Mi3*Et', '+48 608 860 644', NULL, NULL, NULL, 1, 0, 0, 1, 0),
(442, 'rafalsado@example.com', 'Ignacy', 'Boguś', 'Wn9$JXZtqHYCym', '+48 665 783 654', NULL, NULL, NULL, 1, 0, 0, 1, 0),
(443, 'vszkaradek@example.net', 'Sonia', 'Ośka', 'By1~gWhhnT', '600 119 735', NULL, NULL, NULL, 1, 0, 0, 1, 0),
(444, 'szymanikpatryk@example.org', 'Jakub', 'Drobik', 'Kw6}Rk', '+48 696 855 643', NULL, NULL, NULL, 1, 0, 0, 1, 0),
(445, 'anastazja07@example.net', 'Andrzej', 'Hejna', 'Yg3*CPFgUoU', '32 358 10 39', NULL, NULL, NULL, 1, 0, 0, 1, 0),
(446, 'kacper24@example.net', 'Paweł', 'Skupin', 'Gf4*BdthkYgZNP', '+48 786 320 692', NULL, NULL, NULL, 1, 0, 0, 1, 0),
(447, 'malwinamaculewicz@example.org', 'Maurycy', 'Ważny', 'Cs8=mOXKZRhTUbrRX', '+48 22 225 46 27', NULL, NULL, NULL, 1, 0, 0, 1, 0),
(448, 'adrianmichal@example.org', 'Adam', 'Gołas', 'Jd2)BaftwVQV', '+48 799 761 686', NULL, NULL, NULL, 1, 0, 0, 1, 0),
(449, 'cjarka@example.com', 'Elżbieta', 'Szałata', 'Pj2;HatB', '728 511 036', NULL, NULL, NULL, 1, 0, 0, 1, 0),
(450, 'bruno08@example.org', 'Apolonia', 'Szywała', 'Jy2~bDfSzMRvDUCHQJcc', '+48 698 758 434', NULL, NULL, NULL, 1, 0, 0, 1, 0),
(451, 'biankafilak@example.net', 'Rafał', 'Jaje', 'Zc4$CWeWu', '885 462 670', NULL, NULL, NULL, 1, 0, 0, 1, 0),
(452, 'nfilak@example.org', 'Łukasz', 'Niećko', 'Tm0^FEArsKV', '+48 32 010 71 36', NULL, NULL, NULL, 1, 0, 0, 1, 0),
(453, 'walentynowicztobiasz@example.net', 'Dawid', 'Misior', 'Mr5<KPvvgNjoqKKnghVe', '22 221 59 58', NULL, NULL, NULL, 1, 0, 0, 1, 0),
(454, 'musioliklukasz@example.org', 'Krystian', 'Muskała', 'Py7~dyextMVVKWkdEWWR', '694 145 533', NULL, NULL, NULL, 1, 0, 0, 1, 0),
(455, 'stawczykjozef@example.com', 'Adam', 'Wandzel', 'Qn7;fOGncpDxKIXNrriw', '32 099 07 36', NULL, NULL, NULL, 1, 0, 0, 1, 0),
(456, 'przemyslaw57@example.org', 'Sara', 'Szczesiak', 'Qf2@LXYoTT', '+48 736 513 031', NULL, NULL, NULL, 1, 0, 0, 1, 0),
(457, 'daniel30@example.org', 'Bartek', 'Domino', 'Hf2)HUapYXKX', '+48 695 383 179', NULL, NULL, NULL, 1, 0, 0, 1, 0),
(458, 'anielautrata@example.com', 'Leonard', 'Kurbiel', 'Xr2}XDNPlmheKPKZJ', '508 818 827', NULL, NULL, NULL, 1, 0, 0, 1, 0),
(459, 'ceynowanikodem@example.net', 'Sandra', 'Długozima', 'Yn4_kbTxqwPcIrrX', '+48 889 736 358', NULL, NULL, NULL, 1, 0, 0, 1, 0),
(460, 'dorotaszmagaj@example.net', 'Adrianna', 'Janczarek', 'Si1-DJOsrjeanckFXHm', '+48 22 269 42 74', NULL, NULL, NULL, 1, 0, 0, 1, 0),
(461, 'kozokkornel@example.com', 'Andrzej', 'Postawa', 'Ne9<uJrVRjailm', '+48 603 907 097', NULL, NULL, NULL, 1, 0, 0, 1, 0),
(462, 'iornat@example.com', 'Tymoteusz', 'Soroko', 'Bw0*zMLMqWSmZptOrfA', '+48 515 257 761', NULL, NULL, NULL, 1, 0, 0, 1, 0),
(463, 'dariusz81@example.net', 'Anna Maria', 'Ślipek', 'Mo7_ZkAThkSYF', '+48 530 425 920', NULL, NULL, NULL, 1, 0, 0, 1, 0),
(464, 'ussrozalia@example.org', 'Artur', 'Potoczna', 'Gs9#MBR', '+48 601 059 535', NULL, NULL, NULL, 1, 0, 0, 1, 0),
(465, 'monika70@example.org', 'Aniela', 'Kielich', 'Mq7}TRlzdUlA', '662 503 006', NULL, NULL, NULL, 1, 0, 0, 1, 0),
(466, 'blazej45@example.com', 'Arkadiusz', 'Kik', 'Yr5{drDjpmNKheqSVgX', '32 529 84 90', NULL, NULL, NULL, 1, 0, 0, 1, 0),
(467, 'andziakeliza@example.com', 'Dorota', 'Faruga', 'Lb3@sSwNVnRfxJWmiK', '+48 519 603 297', NULL, NULL, NULL, 1, 0, 0, 1, 0),
(468, 'leon81@example.net', 'Iwo', 'Zdobylak', 'Bb9!ooGlPGi', '32 052 04 61', NULL, NULL, NULL, 1, 0, 0, 1, 0),
(469, 'konradjurczuk@example.net', 'Maciej', 'Judek', 'Je8)PSvcUwY', '+48 734 864 399', NULL, NULL, NULL, 1, 0, 0, 1, 0),
(470, 'xkijas@example.com', 'Albert', 'Materek', 'Xt0=zWcLMOyTVtGBWBN', '+48 500 006 461', NULL, NULL, NULL, 1, 0, 0, 1, 0),
(471, 'vpoczatek@example.com', 'Szymon', 'Nieścioruk', 'Hm8(TLZryZSInmfuFeS', '+48 666 862 593', NULL, NULL, NULL, 1, 0, 0, 1, 0),
(472, 'naglikkamil@example.com', 'Maurycy', 'Kij', 'Zj4@Xt', '+48 782 378 947', NULL, NULL, NULL, 1, 0, 0, 1, 0),
(473, 'marikasoltysek@example.net', 'Kamila', 'Drygas', 'Op7-RoTYZJafFgiLydq', '+48 662 023 362', NULL, NULL, NULL, 1, 0, 0, 1, 0),
(474, 'tjakubaszek@example.com', 'Leonard', 'Syroka', 'Ym5-VJFPkjb', '786 088 837', NULL, NULL, NULL, 1, 0, 0, 1, 0),
(475, 'robertsych@example.com', 'Aniela', 'Włodyka', 'Pa3_PGRhiXAnTkfW', '+48 723 316 491', NULL, NULL, NULL, 1, 0, 0, 1, 0),
(476, 'grygorcewiczkajetan@example.org', 'Tobiasz', 'Bok', 'Id8+TcsQIcVNEsdNYYn', '799 403 925', NULL, NULL, NULL, 1, 0, 0, 1, 0),
(477, 'csiatka@example.org', 'Artur', 'Maślankiewicz', 'Wj2$PecMmCAPRpAvSW', '+48 530 202 036', NULL, NULL, NULL, 1, 0, 0, 1, 0),
(478, 'marcelfurgala@example.org', 'Kornel', 'Poniedziałek', 'We4-VpLE', '22 272 80 67', NULL, NULL, NULL, 1, 0, 0, 1, 0),
(479, 'lidia70@example.net', 'Józef', 'Radzio', 'Py5#RqCIJ', '+48 662 102 190', NULL, NULL, NULL, 1, 0, 0, 1, 0),
(480, 'aleksszumilo@example.com', 'Stanisław', 'Tutka', 'Nb9>NYvyoRNRxFpd', '666 705 580', NULL, NULL, NULL, 1, 0, 0, 1, 0),
(481, 'lampartdorota@example.net', 'Jerzy', 'Naglik', 'Mx5>LBLVgKcKDz', '+48 696 868 777', NULL, NULL, NULL, 1, 0, 0, 1, 0),
(482, 'hkukuczka@example.net', 'Rozalia', 'Ostasz', 'Bf5+Eylm', '22 248 47 87', NULL, NULL, NULL, 1, 0, 0, 1, 0),
(483, 'karolwojtys@example.com', 'Gabriel', 'Żołna', 'Ov3(RBVoYCXOI', '+48 886 117 097', NULL, NULL, NULL, 1, 0, 0, 1, 0),
(484, 'radoslawpiotrak@example.com', 'Jacek', 'Kasperczak', 'Yn0*laqssrJEhtOx', '535 052 410', NULL, NULL, NULL, 1, 0, 0, 1, 0),
(485, 'leonardgabka@example.com', 'Elżbieta', 'Walentynowicz', 'Ik6@acZk', '737 274 659', NULL, NULL, NULL, 1, 0, 0, 1, 0),
(486, 'klara93@example.net', 'Marek', 'Orkisz', 'Ve0$UArDNyprB', '780 307 980', NULL, NULL, NULL, 1, 0, 0, 1, 0),
(487, 'szczepaniukewelina@example.net', 'Bianka', 'Szyndler', 'Xr1+NUSY', '22 340 96 11', NULL, NULL, NULL, 1, 0, 0, 1, 0),
(488, 'malaskazimierz@example.net', 'Marianna', 'Ciepluch', 'As0{kcl', '661 003 570', NULL, NULL, NULL, 1, 0, 0, 1, 0),
(489, 'oskarkupaj@example.org', 'Fabian', 'Smela', 'Sf9_xVlInHHoBDkMvOh', '663 277 955', NULL, NULL, NULL, 1, 0, 0, 1, 0),
(490, 'xholeksa@example.org', 'Emil', 'Owsianka', 'Pd6_LqCWVvsh', '+48 505 247 519', NULL, NULL, NULL, 1, 0, 0, 1, 0),
(491, 'grzegorzakartur@example.net', 'Błażej', 'Proć', 'At1#idJLNfDfKNB', '699 728 968', NULL, NULL, NULL, 1, 0, 0, 1, 0),
(492, 'podgornysara@example.org', 'Dawid', 'Kiciak', 'Vn6$azKiNcnYAzCH', '790 451 625', NULL, NULL, NULL, 1, 0, 0, 1, 0),
(493, 'bejmaoskar@example.org', 'Karina', 'Wawrzeńczyk', 'Tk1@hsRMTlYeP', '+48 533 723 821', NULL, NULL, NULL, 1, 0, 0, 1, 0),
(494, 'kamila30@example.org', 'Gaja', 'Majdan', 'Ki1!SCbzjq', '510 720 880', NULL, NULL, NULL, 1, 0, 0, 1, 0),
(495, 'nikodemmleczek@example.com', 'Grzegorz', 'Kapka', 'Wl5~diIDfXyiJ', '727 591 061', NULL, NULL, NULL, 1, 0, 0, 1, 0),
(496, 'malwina09@example.net', 'Marianna', 'Dynak', 'Oc3~ykCqquKgfZ', '508 716 254', NULL, NULL, NULL, 1, 0, 0, 1, 0),
(497, 'juliusz00@example.net', 'Tymoteusz', 'Juras', 'Tj3@MLshGum', '32 234 84 31', NULL, NULL, NULL, 1, 0, 0, 1, 0),
(498, 'kusztalmaks@example.com', 'Przemysław', 'Koćwin', 'Fg0~BKSNNxOsFOKALs', '514 849 702', NULL, NULL, NULL, 1, 0, 0, 1, 0),
(499, 'arturtulacz@example.com', 'Gustaw', 'Niesporek', 'Km3(NWSm', '+48 737 950 888', NULL, NULL, NULL, 1, 0, 0, 1, 0),
(500, 'oskarhnat@example.com', 'Dagmara', 'Kluj', 'Xl2<fVwDrdt', '+48 665 180 090', NULL, NULL, NULL, 1, 0, 0, 1, 0),
(501, 'gaja77@example.org', 'Natan', 'Walenciak', 'Py8^mS', '32 935 25 31', NULL, NULL, NULL, 1, 0, 0, 1, 0),
(502, 'tymoteuszorpel@example.com', 'Witold', 'Wawrzeńczyk', 'Bu7<octMC', '+48 697 285 880', NULL, NULL, NULL, 1, 0, 0, 1, 0),
(503, 'iwoblaszyk@example.com', 'Ewa', 'Pompa', 'Ns9-rCDOyfwMHZdZ', '+48 781 260 588', NULL, NULL, NULL, 1, 0, 0, 1, 0),
(504, 'daniel17@example.com', 'Adrianna', 'Ochnio', 'Dy2@uPBLMQ', '795 137 981', NULL, NULL, NULL, 1, 0, 0, 1, 0),
(505, 'karinamagier@example.net', 'Eliza', 'Gabryszak', 'Vu8!GEVjhvwor', '668 583 526', NULL, NULL, NULL, 1, 0, 0, 1, 0),
(506, 'wiakjulian@example.org', 'Jacek', 'Dybka', 'Bg4)yjDjnC', '535 904 265', NULL, NULL, NULL, 1, 0, 0, 1, 0),
(507, 'urszula55@example.net', 'Radosław', 'Broncel', 'Rm2~fTVMuCpV', '730 308 685', NULL, NULL, NULL, 1, 0, 0, 1, 0),
(508, 'gustaw91@example.net', 'Kalina', 'Szmelter', 'Gs1@TURHibeXDLGtg', '691 938 436', NULL, NULL, NULL, 1, 0, 0, 1, 0),
(509, 'dgendek@example.org', 'Piotr', 'Wiese', 'Go8#RkueQiXy', '+48 738 360 145', NULL, NULL, NULL, 1, 0, 0, 1, 0),
(510, 'jerzy21@example.com', 'Olga', 'Pawliszyn', 'Hu1@axJnDrPw', '+48 661 779 126', NULL, NULL, NULL, 1, 0, 0, 1, 0),
(511, 'dawidwolos@example.com', 'Inga', 'Maziarczyk', 'Vf0>LSDPlirxOi', '+48 22 699 76 52', NULL, NULL, NULL, 1, 0, 0, 1, 0),
(512, 'vlesiewicz@example.com', 'Julita', 'Łyś', 'Me2^zGajzst', '733 805 860', NULL, NULL, NULL, 1, 0, 0, 1, 0),
(513, 'pikularafal@example.net', 'Norbert', 'Siemion', 'Ps2)ElpbNqfka', '734 006 322', NULL, NULL, NULL, 1, 0, 0, 1, 0),
(514, 'qjedral@example.org', 'Ewelina', 'Szmagaj', 'Wg6_RY', '+48 797 895 927', NULL, NULL, NULL, 1, 0, 0, 1, 0),
(515, 'adrian07@example.net', 'Angelika', 'Gąszczak', 'Zo5%NMHZY', '664 178 064', NULL, NULL, NULL, 1, 0, 0, 1, 0),
(516, 'jchaba@example.com', 'Gaja', 'Trojanek', 'Af5_DLXl', '882 088 910', NULL, NULL, NULL, 1, 0, 0, 1, 0),
(517, 'ewelinaturon@example.com', 'Olga', 'Sporek', 'Nm4!fmjO', '+48 535 658 680', NULL, NULL, NULL, 1, 0, 0, 1, 0),
(518, 'rejmerkornelia@example.net', 'Antoni', 'Machul', 'Hx6{QRGWKmTCGlks', '885 215 783', NULL, NULL, NULL, 1, 0, 0, 1, 0),
(519, 'mmasny@example.org', 'Kazimierz', 'Kornet', 'Rh5<grjRwDdG', '604 167 625', NULL, NULL, NULL, 1, 0, 0, 1, 0),
(520, 'tomanorbert@example.org', 'Błażej', 'Igras', 'Qj9+akTQybqjZ', '+48 503 006 032', NULL, NULL, NULL, 1, 0, 0, 1, 0),
(521, 'musioliksandra@example.org', 'Olaf', 'Kopytko', 'Mm9=kYIlDIGn', '+48 32 804 65 52', NULL, NULL, NULL, 1, 0, 0, 1, 0),
(522, 'gmzyk@example.org', 'Antoni', 'Matulewicz', 'Ve1>ZieUaYtarf', '+48 519 408 836', NULL, NULL, NULL, 1, 0, 0, 1, 0),
(523, 'alan06@example.com', 'Paweł', 'Kłósek', 'Gn8*fQbapdyNMBdULd', '660 395 127', NULL, NULL, NULL, 1, 0, 0, 1, 0),
(524, 'stranckonrad@example.net', 'Natasza', 'Klęk', 'Es0!OwDlDKIutPgdCLxW', '506 190 659', NULL, NULL, NULL, 1, 0, 0, 1, 0),
(525, 'kornelia28@example.org', 'Błażej', 'Zięciak', 'Bw0#SgIAsQBOh', '789 580 179', NULL, NULL, NULL, 1, 0, 0, 1, 0),
(526, 'blazejjakubiuk@example.net', 'Tadeusz', 'Bronka', 'Fg0<VortlhcTAViOExuJ', '887 895 003', NULL, NULL, NULL, 1, 0, 0, 1, 0),
(527, 'mosurewa@example.net', 'Ignacy', 'Muc', 'It4@FQcDXBNPCU', '608 480 905', NULL, NULL, NULL, 1, 0, 0, 1, 0),
(528, 'ftylka@example.net', 'Łukasz', 'Boś', 'Pu5#ZxxN', '+48 502 809 821', NULL, NULL, NULL, 1, 0, 0, 1, 0),
(529, 'marcelskomra@example.org', 'Eryk', 'Witko', 'Yg8tFJvDHavsB', '723 730 255', NULL, NULL, NULL, 1, 0, 0, 1, 0),
(530, 'kominiakanastazja@example.com', 'Adrian', 'Serwach', 'Aj8=ylvsGWA', '+48 22 778 27 80', NULL, NULL, NULL, 1, 0, 0, 1, 0),
(531, 'filip56@example.org', 'Rafał', 'Saj', 'Ag4(dWL', '+48 795 012 279', NULL, NULL, NULL, 1, 0, 0, 1, 0),
(532, 'cezary31@example.org', 'Aleks', 'Polakiewicz', 'Cf5RCckrFxNpbxinz', '+48 694 286 599', NULL, NULL, NULL, 1, 0, 0, 1, 0),
(533, 'szymon70@example.com', 'Krzysztof', 'Łyczek', 'Bq1{UqHVKUqguBwv', '+48 503 358 508', NULL, NULL, NULL, 1, 0, 0, 1, 0),
(534, 'apyszny@example.org', 'Agnieszka', 'Panasewicz', 'Rx8!gTohmC', '889 723 711', NULL, NULL, NULL, 1, 0, 0, 1, 0),
(535, 'aleks56@example.net', 'Nicole', 'Jachna', 'Sr2!JvnBAzD', '784 195 498', NULL, NULL, NULL, 1, 0, 0, 1, 0),
(536, 'kstrzadala@example.com', 'Gabriel', 'Szkaradek', 'Da3$rWUoOdyabBfSNn', '511 294 692', NULL, NULL, NULL, 1, 0, 0, 1, 0),
(537, 'danielwojtys@example.com', 'Leonard', 'Wiekiera', 'Da9=EzmYOEiakn', '+48 792 149 184', NULL, NULL, NULL, 1, 0, 0, 1, 0),
(538, 'sandrachruszcz@example.com', 'Julian', 'Zapaśnik', 'Xr4=QcD', '+48 665 887 527', NULL, NULL, NULL, 1, 0, 0, 1, 0),
(539, 'iwypchlo@example.net', 'Krzysztof', 'Wołk', 'Zi4~xBQTNStTgTwKKbx', '722 073 918', NULL, NULL, NULL, 1, 0, 0, 1, 0),
(540, 'rrzaca@example.org', 'Kamila', 'Małyszka', 'Di9_uYLoSBMteGB', '+48 726 396 364', NULL, NULL, NULL, 1, 0, 0, 1, 0),
(541, 'belzanataniel@example.net', 'Klara', 'Humeniuk', 'Hm3-cUrpwKVDoeIqqu', '722 861 069', NULL, NULL, NULL, 1, 0, 0, 1, 0),
(542, 'politowiczliwia@example.net', NULL, NULL, 'Or4yFUyjf', '+48 699 792 403', NULL, 'Pawliszyn Sp.j.', NULL, 1, 0, 0, 0, 1),
(543, 'prudolf@example.org', NULL, NULL, 'Sp4_cuxoexbshVjMJuG', '+48 500 340 904', NULL, 'Gabinety Potyrała-Ograbek S.A.', NULL, 1, 0, 0, 0, 1),
(544, 'zograbek@example.com', NULL, NULL, 'Ri8gMFdUgVfeHaStN', '786 995 380', NULL, 'Wykręt-Mądro Sp.k.', NULL, 1, 0, 0, 0, 1),
(545, 'gbanak@example.net', NULL, NULL, 'Tu6=CmHjO', '+48 500 781 300', NULL, 'Jarema i syn s.c.', NULL, 1, 0, 0, 0, 1),
(546, 'xgorgol@example.com', NULL, NULL, 'Xu1;PjUVJMpZgjpVZhX', '+48 665 245 938', NULL, 'Gabinety Mol s.c.', NULL, 1, 0, 0, 0, 1),
(547, 'zieniewiczfryderyk@example.com', NULL, NULL, 'Gc2<rQaaFYMEYjtwA', '604 331 725', NULL, 'Rejmer-Hadaś S.A.', NULL, 1, 0, 0, 0, 1),
(548, 'geburakrystyna@example.com', NULL, NULL, 'Yu2{zrafSkxVnA', '735 497 532', NULL, 'Gabinety Wlazły i syn s.c.', NULL, 1, 0, 0, 0, 1),
(549, 'dorotapasnik@example.org', NULL, NULL, 'Xe8@AepI', '533 875 082', NULL, 'Fundacja Kucharzyk-Pazera i syn s.c.', NULL, 1, 0, 0, 0, 1),
(550, 'marek84@example.org', NULL, NULL, 'Xd7:NHvU', '+48 723 771 327', NULL, 'Stowarzyszenie Tytko', NULL, 1, 0, 0, 0, 1),
(551, 'patrykposluszna@example.net', NULL, NULL, 'Zc7-EZH', '+48 572 828 135', NULL, 'PPUH Bak-Wicha Sp.j.', NULL, 1, 0, 0, 0, 1),
(552, 'cebopiotr@example.net', NULL, NULL, 'Yt3mtHByNqofUyGXeDRB', '512 818 184', NULL, 'Zębik Sp. z o.o. Sp.k.', NULL, 1, 0, 0, 0, 1),
(553, 'miloszbranka@example.org', NULL, NULL, 'Mp7%AucUNeMwha', '692 479 300', NULL, 'FPUH Walus i syn s.c.', NULL, 1, 0, 0, 0, 1),
(554, 'kusterwitold@example.org', NULL, NULL, 'Zo1{hfBPLq', '+48 667 892 500', NULL, 'Gabinety Patalas Sp.j.', NULL, 1, 0, 0, 0, 1),
(555, 'tpasnik@example.com', NULL, NULL, 'Qw8@nJ', '607 470 101', NULL, 'Czesak i syn s.c.', NULL, 1, 0, 0, 0, 1),
(556, 'nataniel01@example.net', NULL, NULL, 'Gy2@QspNiZtAlFFZIBG', '577 893 347', NULL, 'PPUH Pytlarz Sp.k.', NULL, 1, 0, 0, 0, 1),
(557, 'nikodemkrzysztoszek@example.com', NULL, NULL, 'Iy7=DjELUU', '604 300 972', NULL, 'Prochownik Sp. z o.o. Sp.k.', NULL, 1, 0, 0, 0, 1),
(558, 'robertbroniek@example.org', NULL, NULL, 'Pf2>uOIyOvkugHq', '+48 600 910 808', NULL, 'Wojcik-Pawlaczek Sp.k.', NULL, 1, 0, 0, 0, 1),
(559, 'jozefmatwiejczyk@example.com', NULL, NULL, 'Pw1#mcAnkEi', '+48 722 379 577', NULL, 'Stowarzyszenie Grądziel', NULL, 1, 0, 0, 0, 1),
(560, 'kornelhorbacz@example.com', NULL, NULL, 'Cr1)EJfRCkeFtOkaq', '+48 22 225 14 22', NULL, 'Stowarzyszenie Kiełek Sp.j.', NULL, 1, 0, 0, 0, 1),
(561, 'wzaras@example.net', NULL, NULL, 'Ex7-JhUquoedDMnPC', '+48 603 931 073', NULL, 'Stochaj-Wysota s.c.', NULL, 1, 0, 0, 0, 1),
(562, 'rajtarklara@example.net', NULL, NULL, 'Wb1!AN', '787 437 752', NULL, 'Gwara Sp.k.', NULL, 1, 0, 0, 0, 1),
(563, 'gustaw96@example.org', NULL, NULL, 'Fj3(oB', '+48 790 673 338', NULL, 'FPUH Cięciwa-Ochwat Sp. z o.o. Sp.k.', NULL, 1, 0, 0, 0, 1),
(564, 'ewelinaszklarek@example.com', NULL, NULL, 'Mi5)jkZYVirauvR', '+48 664 525 294', NULL, 'Giedrojć Sp.j.', NULL, 1, 0, 0, 0, 1),
(565, 'rochkornelia@example.com', NULL, NULL, 'Gj0!IV', '22 941 17 22', NULL, 'Fundacja Zys-Szałas Sp.j.', NULL, 1, 0, 0, 0, 1),
(566, 'iwobudkiewicz@example.org', NULL, NULL, 'Un6^YhC', '22 668 84 94', NULL, 'Grupa Pianka s.c.', NULL, 1, 0, 0, 0, 1),
(567, 'prokopczukdorota@example.net', NULL, NULL, 'Wc8^ZXQbtUKH', '+48 514 580 790', NULL, 'PPUH Wylegała-Bakun Sp. z o.o. Sp.k.', NULL, 1, 0, 0, 0, 1),
(568, 'ada36@example.net', NULL, NULL, 'Dh0@Ht', '+48 505 575 066', NULL, 'Sondej-Jonczyk s.c.', NULL, 1, 0, 0, 0, 1),
(569, 'borys20@example.com', NULL, NULL, 'Yn0(nogTKMnzMSEkGI', '+48 517 304 474', NULL, 'PPUH Sulich Sp.j.', NULL, 1, 0, 0, 0, 1),
(570, 'roksanacalik@example.com', NULL, NULL, 'Sd3~yy', '+48 578 440 736', NULL, 'Półchłopek-Gorgol Sp. z o.o.', NULL, 1, 0, 0, 0, 1),
(571, 'marek06@example.net', NULL, NULL, 'Ro6<vx', '+48 736 398 830', NULL, 'Stefankiewicz-Kurbiel S.A.', NULL, 1, 0, 0, 0, 1),
(572, 'rajtarmarcin@example.net', NULL, NULL, 'Ko4*JjNHGlrWOKBGRX', '539 819 832', NULL, 'Sarosiek Sp. z o.o.', NULL, 1, 0, 0, 0, 1),
(573, 'gabryelczykblanka@example.org', NULL, NULL, 'Jn7>bxNNADyimAon', '32 031 01 85', NULL, 'Fik-Boruń Sp.j.', NULL, 1, 0, 0, 0, 1),
(574, 'maciej10@example.net', NULL, NULL, 'Ea1(rdSYzQ', '+48 539 420 080', NULL, 'Dubik Sp.k.', NULL, 1, 0, 0, 0, 1),
(575, 'cezarymaslankiewicz@example.net', NULL, NULL, 'Ep6#irzjwtOiEHpRwxUy', '+48 602 102 119', NULL, 'Krokosz-Neubauer S.A.', NULL, 1, 0, 0, 0, 1),
(576, 'lposmyk@example.net', NULL, NULL, 'Eb2^pMbWYnTklmONw', '+48 693 668 677', NULL, 'Raszkiewicz-Misiurek Sp. z o.o. Sp.k.', NULL, 1, 0, 0, 0, 1),
(577, 'imucka@example.org', NULL, NULL, 'Xo2@xMGbOPpSU', '509 376 706', NULL, 'PPUH Radzio-Linkiewicz Sp. z o.o. Sp.k.', NULL, 1, 0, 0, 0, 1),
(578, 'mikolaj38@example.com', NULL, NULL, 'Gx0yYUdLyGBUR', '+48 721 446 934', NULL, 'Andrearczyk s.c.', NULL, 1, 0, 0, 0, 1),
(579, 'julianna57@example.com', NULL, NULL, 'Ir2_GvpuS', '+48 735 940 116', NULL, 'Szmuc-Bosek i syn s.c.', NULL, 1, 0, 0, 0, 1),
(580, 'anita89@example.net', NULL, NULL, 'Mb3<On', '887 242 111', NULL, 'Fundacja Blaut', NULL, 1, 0, 0, 0, 1),
(581, 'dziadkiewiczoskar@example.org', NULL, NULL, 'Ih9@fqkeymYjqVPnZpl', '+48 601 610 491', NULL, 'FPUH Serzysko', NULL, 1, 0, 0, 0, 1),
(582, 'drozdowiczdariusz@example.com', NULL, NULL, 'Zs2<xebfZN', '+48 782 977 247', NULL, 'PPUH Garczarek-Naglik Sp. z o.o. Sp.k.', NULL, 1, 0, 0, 0, 1),
(583, 'pezdamarek@example.net', NULL, NULL, 'Nx9^LyLpINmU', '534 141 984', NULL, 'Gabinety Gnyp-Sierżant Sp.j.', NULL, 1, 0, 0, 0, 1),
(584, 'dominikkubaczyk@example.net', NULL, NULL, 'Ql4yyHDmbrY', '22 241 64 05', NULL, 'Grupa Paprotny-Brzykcy i syn s.c.', NULL, 1, 0, 0, 0, 1),
(585, 'kazimierz52@example.net', NULL, NULL, 'Nw9_sAJSpaQYyxxiNC', '+48 781 594 006', NULL, 'Domińczak Sp. z o.o. Sp.k.', NULL, 1, 0, 0, 0, 1),
(586, 'dorota19@example.net', NULL, NULL, 'Ug3;zOmEYKqfO', '+48 600 622 021', NULL, 'Gabinety Nikołajuk-Szwaja Sp. z o.o.', NULL, 1, 0, 0, 0, 1),
(587, 'czubaszekmaksymilian@example.org', NULL, NULL, 'Ch4~DfbQx', '+48 723 997 796', NULL, 'PPUH Ziajka', NULL, 1, 0, 0, 0, 1),
(588, 'natan17@example.org', NULL, NULL, 'Ny1*xygT', '604 872 844', NULL, 'PPUH Foit-Knieć Sp.j.', NULL, 1, 0, 0, 0, 1),
(589, 'ernest08@example.org', NULL, NULL, 'Hr8(khPfGgiMHmXJxj', '+48 664 634 585', NULL, 'Fundacja Potaczek-Bejger Sp. z o.o. Sp.k', NULL, 1, 0, 0, 0, 1),
(590, 'bruno90@example.org', NULL, NULL, 'Ba1%xwGajtchvKJPf', '+48 693 408 086', NULL, 'Grupa Mielke-Materek Sp. z o.o. Sp.k.', NULL, 1, 0, 0, 0, 1),
(591, 'wkolanko@example.org', NULL, NULL, 'Zz8@lTh', '576 823 377', NULL, 'PPUH Majorczyk', NULL, 1, 0, 0, 0, 1),
(592, 'okukiela@example.net', NULL, NULL, 'Xk4:VJfwMJrwlBfFrnz', '515 055 370', NULL, 'Spółdzielnia Ostręga-Wawrzynkiewicz Sp.k', NULL, 1, 0, 0, 0, 1),
(593, 'dorota53@example.com', NULL, NULL, 'Of3{WljhU', '782 630 555', NULL, 'Kwoka S.A.', NULL, 1, 0, 0, 0, 1),
(594, 'robert11@example.com', NULL, NULL, 'Qx0;FmFgZkNIV', '32 398 26 60', NULL, 'FPUH Jakubaszek i syn s.c.', NULL, 1, 0, 0, 0, 1),
(595, 'tpara@example.org', NULL, NULL, 'Vn0#SkdupLkZsNJwCdD', '503 992 338', NULL, 'PPUH Masny-Stoch Sp. z o.o.', NULL, 1, 0, 0, 0, 1),
(596, 'olgierd12@example.org', NULL, NULL, 'Vj9*CSYHqdId', '+48 530 485 515', NULL, 'PPUH Michnik', NULL, 1, 0, 0, 0, 1),
(597, 'marcelindyka@example.net', NULL, NULL, 'Sn6=VSUAUDyezXUv', '+48 530 708 963', NULL, 'Kranc-Witan Sp.j.', NULL, 1, 0, 0, 0, 1),
(598, 'artur24@example.net', NULL, NULL, 'Os1}FkEpUfWzBjpdvK', '+48 578 012 411', NULL, 'PPUH Elsner-Helman Sp. z o.o. Sp.k.', NULL, 1, 0, 0, 0, 1),
(599, 'anna-mariaorkisz@example.net', NULL, NULL, 'Js6=bRpNKoRgEssaYB', '502 499 976', NULL, 'Gabinety Mikiciuk-Ofiara Sp.j.', NULL, 1, 0, 0, 0, 1),
(600, 'ziemakkonrad@example.net', NULL, NULL, 'Eq6ketrLd', '791 013 588', NULL, 'Spółdzielnia Dering', NULL, 1, 0, 0, 0, 1),
(601, 'zakiewiczaleksander@example.org', NULL, NULL, 'Yw5-tpUrB', '+48 697 032 275', NULL, 'Spółdzielnia Panasiewicz-Droś S.A.', NULL, 1, 0, 0, 0, 1),
(602, 'boryssliz@example.com', NULL, NULL, 'To5+JG', '509 552 821', NULL, 'Stowarzyszenie Wasążnik S.A.', NULL, 1, 0, 0, 0, 1),
(603, 'dariusz01@example.org', NULL, NULL, 'Oa1(BDmRESQEpFCIWik', '22 098 34 44', NULL, 'Spółdzielnia Bąkiewicz S.A.', NULL, 1, 0, 0, 0, 1),
(604, 'witoldbujko@example.net', NULL, NULL, 'Oi8%LrJRanaxWIgthgH', '+48 724 894 914', NULL, 'Stowarzyszenie Zarzeczna-Bzymek S.A.', NULL, 1, 0, 0, 0, 1),
(605, 'olaffreitag@example.org', NULL, NULL, 'Jq6}ny', '609 806 866', NULL, 'Gabinety Ćwirko s.c.', NULL, 1, 0, 0, 0, 1),
(606, 'kacperjamrozek@example.com', NULL, NULL, 'Km0=vw', '+48 530 153 390', NULL, 'Spółdzielnia Matyjasek', NULL, 1, 0, 0, 0, 1),
(607, 'lmalesza@example.net', NULL, NULL, 'Xy1=lpwnpxebQXxi', '788 043 826', NULL, 'Narożny-Giersz Sp. z o.o. Sp.k.', NULL, 1, 0, 0, 0, 1),
(608, 'budychnatasza@example.com', NULL, NULL, 'Pd0<HFbM', '514 320 520', NULL, 'Gabinety Żuberek-Kamyszek Sp. z o.o. Sp.', NULL, 1, 0, 0, 0, 1),
(609, 'karol99@example.org', NULL, NULL, 'Hw2{nclYIz', '+48 513 479 135', NULL, 'Fundacja Skotarczak-Ledzion Sp. z o.o.', NULL, 1, 0, 0, 0, 1),
(610, 'emikolajewicz@example.com', NULL, NULL, 'Fb9)XRK', '+48 885 582 977', NULL, 'Grupa Gryska', NULL, 1, 0, 0, 0, 1),
(611, 'michal30@example.net', NULL, NULL, 'Wi8_yky', '+48 32 895 87 15', NULL, 'FPUH Piguła-Pułka s.c.', NULL, 1, 0, 0, 0, 1),
(612, 'brudnykazimierz@example.com', NULL, NULL, 'Kv7:LKJAYSKfzA', '+48 889 307 323', NULL, 'Wawrzeńczyk Sp.j.', NULL, 1, 0, 0, 0, 1),
(613, 'ksawery22@example.net', NULL, NULL, 'Dl6{equy', '693 226 686', NULL, 'Spółdzielnia Drela-Karpik Sp. z o.o.', NULL, 1, 0, 0, 0, 1),
(614, 'dominikleszkiewicz@example.com', NULL, NULL, 'Re6$DzZri', '604 509 419', NULL, 'Tutka Sp.j.', NULL, 1, 0, 0, 0, 1),
(615, 'hdrobisz@example.net', NULL, NULL, 'Ls7$FvcDeUVYQIa', '888 840 940', NULL, 'Berus-Solich Sp.k.', NULL, 1, 0, 0, 0, 1),
(616, 'kuropatwalukasz@example.org', NULL, NULL, 'Xp1+CNIfc', '+48 536 221 518', NULL, 'Flaga Sp.k.', NULL, 1, 0, 0, 0, 1),
(617, 'adriannapolicht@example.org', NULL, NULL, 'Ll8>evSwlICnIlZJxMW', '533 227 549', NULL, 'Drywa-Pawliczak s.c.', NULL, 1, 0, 0, 0, 1),
(618, 'wiktorhanzel@example.com', NULL, NULL, 'Mk7#BLzPPz', '726 673 326', NULL, 'Spółdzielnia Zagrajek-Pela Sp.j.', NULL, 1, 0, 0, 0, 1),
(619, 'kozareryk@example.net', NULL, NULL, 'Pd0;pFMSDnvMwSby', '+48 693 097 046', NULL, 'Wyciszkiewicz-Pospiech Sp.k.', NULL, 1, 0, 0, 0, 1),
(620, 'bartekjarmula@example.com', NULL, NULL, 'Xk5;uZFziIfPeGwMmhr', '+48 533 597 114', NULL, 'Roskosz s.c.', NULL, 1, 0, 0, 0, 1),
(621, 'maliszpatryk@example.net', NULL, NULL, 'Ph6>droSwPfbKcmgm', '+48 799 832 500', NULL, 'Przystupa Sp.k.', NULL, 1, 0, 0, 0, 1),
(622, 'tymon03@example.net', NULL, NULL, 'Mp2_EAKAhV', '+48 517 013 510', NULL, 'Stowarzyszenie Gapys Sp.k.', NULL, 1, 0, 0, 0, 1),
(623, 'izdziech@example.net', NULL, NULL, 'Qn8(JGU', '+48 506 514 077', NULL, 'Kinder-Misiejuk s.c.', NULL, 1, 0, 0, 0, 1),
(624, 'psenator@example.org', NULL, NULL, 'Rc6-YjtLgQlGofZ', '+48 788 742 132', NULL, 'Spółdzielnia Działa', NULL, 1, 0, 0, 0, 1),
(625, 'oliwier93@example.org', NULL, NULL, 'Lk7_gwbWVSDkNS', '+48 736 508 939', NULL, 'Stowarzyszenie Franczuk-Doroszkiewicz s.', NULL, 1, 0, 0, 0, 1),
(626, 'oliwier35@example.org', NULL, NULL, 'Gi8)sgpBiRQQpqAMA', '+48 796 786 758', NULL, 'Chruszcz Sp. z o.o. Sp.k.', NULL, 1, 0, 0, 0, 1),
(627, 'xskrzecz@example.net', NULL, NULL, 'Dm6{rFKoOljMYt', '736 276 603', NULL, 'Barteczko-Nawrotek i syn s.c.', NULL, 1, 0, 0, 0, 1),
(628, 'fryderyk16@example.com', NULL, NULL, 'Jl3;eqWkXSJf', '+48 736 156 639', NULL, 'Andrejczuk s.c.', NULL, 1, 0, 0, 0, 1),
(629, 'juliuszluberda@example.net', NULL, NULL, 'Tg6)pMbHNTABWNbeOfz', '+48 663 441 036', NULL, 'Sadłocha Sp.k.', NULL, 1, 0, 0, 0, 1),
(630, 'kacper62@example.org', NULL, NULL, 'Na0@cRcOcWLhPOBXDGR', '+48 738 921 760', NULL, 'Baster i syn s.c.', NULL, 1, 0, 0, 0, 1),
(631, 'marcelmaksimowicz@example.org', NULL, NULL, 'Zm2MOIDdhEAXOi', '+48 22 843 19 64', NULL, 'Buk-Tereszkiewicz Sp. z o.o.', NULL, 1, 0, 0, 0, 1),
(632, 'qrawa@example.org', NULL, NULL, 'Bj0=UVntIdPlJXdWbF', '+48 698 041 215', NULL, 'Roter-Smykla Sp. z o.o. Sp.k.', NULL, 1, 0, 0, 0, 1),
(633, 'afal@example.org', NULL, NULL, 'Gw4-FXmMtvNBFcXUeSk', '789 869 846', NULL, 'Fundacja Linkiewicz-Szpyrka i syn s.c.', NULL, 1, 0, 0, 0, 1),
(634, 'jerzykusnierek@example.org', NULL, NULL, 'Hh8-THMlDd', '667 566 370', NULL, 'Grupa Faryna S.A.', NULL, 1, 0, 0, 0, 1),
(635, 'oleksiuknataniel@example.net', NULL, NULL, 'Mk4}Ri', '+48 720 779 557', NULL, 'Fabiańczyk-Wyrobek Sp.k.', NULL, 1, 0, 0, 0, 1),
(636, 'wolffkonrad@example.com', NULL, NULL, 'Hu9^jHTlJndfDH', '509 414 715', NULL, 'Stowarzyszenie Indyka S.A.', NULL, 1, 0, 0, 0, 1),
(637, 'plewniamarcel@example.net', NULL, NULL, 'Na9%IqnlZjUiGpxT', '+48 738 094 857', NULL, 'Matla-Filak i syn s.c.', NULL, 1, 0, 0, 0, 1),
(638, 'suchoraaleksander@example.org', NULL, NULL, 'Ow0%WrIcJsX', '786 646 507', NULL, 'Spółdzielnia Berek s.c.', NULL, 1, 0, 0, 0, 1),
(639, 'sajdajozef@example.org', NULL, NULL, 'Fs4+weiZRHZPhpWql', '+48 572 071 375', NULL, 'Gabinety Jajko-Martyka S.A.', NULL, 1, 0, 0, 0, 1),
(640, 'nataszazacharek@example.org', NULL, NULL, 'Qj7_MuqjbevxLxi', '+48 577 586 739', NULL, 'Spółdzielnia Loska', NULL, 1, 0, 0, 0, 1),
(641, 'salawasara@example.net', NULL, NULL, 'Up9*KmSfIsYgUec', '+48 669 196 653', NULL, 'Noras Sp. z o.o.', NULL, 1, 0, 0, 0, 1),
(642, 'alan82@example.com', NULL, NULL, 'Wp0}ziV', '+48 32 701 13 53', NULL, 'Gabinety Wejman s.c.', NULL, 1, 0, 0, 0, 1),
(643, 'jedrzejrutowicz@example.net', NULL, NULL, 'Yp1}ajXriZNPJyfa', '+48 604 597 917', NULL, 'Romankiewicz Sp.k.', NULL, 1, 0, 0, 0, 1),
(644, 'mariusz28@example.org', NULL, NULL, 'Wl3^yyXIFxY', '22 638 75 42', NULL, 'Dumała S.A.', NULL, 1, 0, 0, 0, 1),
(645, 'marcelfogel@example.com', NULL, NULL, 'Db2~oEVfprcJKTHNVDk', '22 661 34 66', NULL, 'Szambelan Sp.k.', NULL, 1, 0, 0, 0, 1),
(646, 'nnastaj@example.org', NULL, NULL, 'Iy0)WLDtre', '+48 789 282 715', NULL, 'Stowarzyszenie Kukawka', NULL, 1, 0, 0, 0, 1),
(647, 'gabriel93@example.org', NULL, NULL, 'Fe2}haKiGAzwDy', '887 911 532', NULL, 'Halik i syn s.c.', NULL, 1, 0, 0, 0, 1),
(648, 'blazejzaras@example.net', NULL, NULL, 'Wb5$qYxQtgCN', '+48 609 211 828', NULL, 'Fundacja Koronkiewicz', NULL, 1, 0, 0, 0, 1),
(649, 'damian67@example.org', NULL, NULL, 'Cu4MfktyxideNz', '+48 571 306 147', NULL, 'Fundacja Sykała-Bryczek S.A.', NULL, 1, 0, 0, 0, 1),
(650, 'wlodarzigor@example.com', NULL, NULL, 'Fv6}DjbRAAMjGlWP', '+48 697 922 083', NULL, 'Fundacja Turoń-Suchta S.A.', NULL, 1, 0, 0, 0, 1),
(651, 'natan85@example.com', NULL, NULL, 'Mk3%RtxCpWdC', '+48 536 280 319', NULL, 'Gabinety Radzewicz s.c.', NULL, 1, 0, 0, 0, 1),
(652, 'omaruszczak@example.org', NULL, NULL, 'It0^zk', '+48 32 573 18 84', NULL, 'Gabinety Smolka S.A.', NULL, 1, 0, 0, 0, 1),
(653, 'fkosiec@example.net', NULL, NULL, 'Oj2_YGbdwBtYMkZRhRzL', '+48 513 265 190', NULL, 'Rut Sp. z o.o. Sp.k.', NULL, 1, 0, 0, 0, 1),
(654, 'jeremiludwik@example.net', NULL, NULL, 'Od1:WPGjgMuTAAHUPQr', '728 148 123', NULL, 'Gabinety Monkiewicz S.A.', NULL, 1, 0, 0, 0, 1),
(655, 'robertziarnik@example.net', NULL, NULL, 'Xi9;lup', '506 621 899', NULL, 'PPUH Kuska-Wydrych s.c.', NULL, 1, 0, 0, 0, 1),
(656, 'krystianligenza@example.org', NULL, NULL, 'Ss3~ZQFsIJ', '535 747 925', NULL, 'Żuberek s.c.', NULL, 1, 0, 0, 0, 1),
(657, 'koczaralidia@example.net', NULL, NULL, 'Ff2;kPqGLXy', '+48 722 075 337', NULL, 'Fundacja Wojcik', NULL, 1, 0, 0, 0, 1),
(658, 'marianna10@example.org', NULL, NULL, 'Ao1=Yt', '667 232 108', NULL, 'PPUH Ciechowicz S.A.', NULL, 1, 0, 0, 0, 1),
(659, 'szajnaoliwier@example.net', NULL, NULL, 'Hr0~ihHEGpcWozLMBs', '+48 500 406 775', NULL, 'Cymer-Megger Sp.k.', NULL, 1, 0, 0, 0, 1),
(660, 'grabczakhubert@example.com', NULL, NULL, 'Hc9TXiFZsXk', '696 246 371', NULL, 'Spółdzielnia Różak Sp.j.', NULL, 1, 0, 0, 0, 1),
(661, 'natan16@example.org', NULL, NULL, 'Qt5+GqJECupmmVcl', '723 814 435', NULL, 'Grupa Fiedler', NULL, 1, 0, 0, 0, 1),
(662, 'gmyrcik@example.net', NULL, NULL, 'Ev0:oCV', '+48 728 158 597', NULL, 'Stowarzyszenie Cherek Sp. z o.o. Sp.k.', NULL, 1, 0, 0, 0, 1),
(663, 'leon93@example.net', NULL, NULL, 'Dy1<hqDKOncJhwAMkY', '+48 737 768 106', NULL, 'Pastor-Stawowczyk Sp. z o.o.', NULL, 1, 0, 0, 0, 1),
(664, 'nikodembazyluk@example.com', NULL, NULL, 'Oj1$nWd', '+48 882 718 735', NULL, 'Duchnik s.c.', NULL, 1, 0, 0, 0, 1),
(665, 'kabzajacek@example.com', NULL, NULL, 'Sl2-SwPJ', '738 170 702', NULL, 'Spółdzielnia Moniuszko Sp.j.', NULL, 1, 0, 0, 0, 1),
(666, 'mikolaj23@example.org', NULL, NULL, 'Zj6-WPhwYY', '+48 725 030 256', NULL, 'Stempniak-Soroko Sp. z o.o.', NULL, 1, 0, 0, 0, 1),
(667, 'alan80@example.net', NULL, NULL, 'Gn6;qN', '786 112 985', NULL, 'PPUH Byzdra', NULL, 1, 0, 0, 0, 1),
(668, 'jkuster@example.net', NULL, NULL, 'Xe4~UAi', '538 137 321', NULL, 'Stowarzyszenie Jędra i syn s.c.', NULL, 1, 0, 0, 0, 1),
(669, 'cdabrowicz@example.org', NULL, NULL, 'Fy8(jUoRGIyszBrocVkE', '+48 32 461 76 61', NULL, 'Łukowicz-Steckiewicz s.c.', NULL, 1, 0, 0, 0, 1),
(670, 'mordalagnieszka@example.com', NULL, NULL, 'Nv6:PfpXqzPaxqt', '+48 788 239 113', NULL, 'Wojniak Sp. z o.o.', NULL, 1, 0, 0, 0, 1),
(671, 'szczepanoliwier@example.com', NULL, NULL, 'Ky6!CMlKvHQdIiXCwZ', '+48 22 437 94 59', NULL, 'Spółdzielnia Kaletka S.A.', NULL, 1, 0, 0, 0, 1),
(672, 'galekjustyna@example.org', NULL, NULL, 'Jq6^kLtSgIY', '+48 691 541 063', NULL, 'PPUH Krokosz', NULL, 1, 0, 0, 0, 1),
(673, 'jarmuzjulianna@example.net', NULL, NULL, 'Pp4_JTVEadBCybmd', '570 582 167', NULL, 'Marcol-Świtaj i syn s.c.', NULL, 1, 0, 0, 0, 1),
(674, 'aureliaspychaj@example.org', NULL, NULL, 'Vl1@bVHykzSQ', '+48 726 707 263', NULL, 'Grupa Prostak-Fikus Sp.j.', NULL, 1, 0, 0, 0, 1),
(675, 'tobiasz85@example.net', NULL, NULL, 'Cx0+cL', '+48 22 562 12 90', NULL, 'Gabinety Wawrzyczek-Wielądek Sp.j.', NULL, 1, 0, 0, 0, 1),
(676, 'szczubelekmarika@example.org', NULL, NULL, 'Lj1yGJ', '+48 511 995 581', NULL, 'PPUH Śmieja', NULL, 1, 0, 0, 0, 1),
(677, 'grzelczykroksana@example.org', NULL, NULL, 'Fk7)YATYnj', '+48 880 780 211', NULL, 'Dietrich s.c.', NULL, 1, 0, 0, 0, 1),
(678, 'anastazja17@example.net', NULL, NULL, 'Kl3}DAuRJYyqbXYezoq', '721 463 684', NULL, 'Stowarzyszenie Fojt', NULL, 1, 0, 0, 0, 1),
(679, 'antonikolodziejak@example.org', NULL, NULL, 'Qm6<GhfqxCCUsujtIUJd', '32 653 20 15', NULL, 'Stowarzyszenie Bembenek Sp.j.', NULL, 1, 0, 0, 0, 1),
(680, 'mboksa@example.com', NULL, NULL, 'Re1>epRtcOmpObEQW', '+48 722 477 745', NULL, 'Lampart-Zyguła Sp.j.', NULL, 1, 0, 0, 0, 1),
(681, 'mbaum@example.com', NULL, NULL, 'Cs2$FVOgNFFyl', '797 695 084', NULL, 'Paździora i syn s.c.', NULL, 1, 0, 0, 0, 1),
(682, 'sflieger@example.net', NULL, NULL, 'Vw4=UfieXnZUfIBvVV', '+48 792 578 635', NULL, 'Wawrzyczek-Ryndak Sp. z o.o.', NULL, 1, 0, 0, 0, 1),
(683, 'ksawery48@example.net', NULL, NULL, 'Ig5<CqLDsDw', '794 894 563', NULL, 'Grupa Kolber', NULL, 1, 0, 0, 0, 1),
(684, 'apolonia01@example.com', NULL, NULL, 'Ec2(jTwnEqYnEldIleUs', '+48 735 397 611', NULL, 'Obiała Sp.j.', NULL, 1, 0, 0, 0, 1),
(685, 'pzawal@example.com', NULL, NULL, 'Gn6;BaJiFevVx', '791 182 793', NULL, 'PPUH Sych S.A.', NULL, 1, 0, 0, 0, 1),
(686, 'adamwojnicz@example.com', NULL, NULL, 'On4;jVDOLEGtgbUwj', '+48 725 670 449', NULL, 'Sabała s.c.', NULL, 1, 0, 0, 0, 1),
(687, 'larmatys@example.org', NULL, NULL, 'Gc0@gQ', '518 046 151', NULL, 'Stowarzyszenie Mieloch-Maksimowicz i syn', NULL, 1, 0, 0, 0, 1),
(688, 'filip31@example.com', NULL, NULL, 'Ne8}ywgNX', '+48 883 722 042', NULL, 'PPUH Kobryń-Kałwa Sp.k.', NULL, 1, 0, 0, 0, 1),
(689, 'stoltmannmieszko@example.net', NULL, NULL, 'No9)zIwzMWox', '+48 532 380 989', NULL, 'Troka Sp.k.', NULL, 1, 0, 0, 0, 1),
(690, 'urszulasanetra@example.net', NULL, NULL, 'Xf2(yDSeRkFiUM', '+48 22 034 07 68', NULL, 'Gabinety Groth', NULL, 1, 0, 0, 0, 1),
(691, 'qbialk@example.com', NULL, NULL, 'Le8;IheCGeEXumrnpSlX', '+48 796 200 830', NULL, 'Gałęza S.A.', NULL, 1, 0, 0, 0, 1),
(692, 'gbryndza@example.net', NULL, NULL, 'Kb1=zfegXUeVKqOvkvcs', '+48 609 847 509', NULL, 'Grupa Szajna i syn s.c.', NULL, 1, 0, 0, 0, 1),
(693, 'radoslaw81@example.org', NULL, NULL, 'Tm6(ehsceJsd', '+48 32 707 50 00', NULL, 'Sypek-Szyma Sp. z o.o. Sp.k.', NULL, 1, 0, 0, 0, 1),
(694, 'saraborysiewicz@example.org', NULL, NULL, 'Rj2+PVr', '515 260 238', NULL, 'Żybura Sp.j.', NULL, 1, 0, 0, 0, 1),
(695, 'uniedzwiadek@example.com', NULL, NULL, 'Xt0+CprdxmoCBr', '537 174 217', NULL, 'PPUH Jereczek-Łosiewicz Sp.j.', NULL, 1, 0, 0, 0, 1),
(696, 'zapadkaewa@example.org', NULL, NULL, 'Op0%ZDHWCeBbHjkjp', '781 935 670', NULL, 'Komander S.A.', NULL, 1, 0, 0, 0, 1),
(697, 'vwiza@example.net', NULL, NULL, 'Ji4_gqggRQBdH', '720 222 045', NULL, 'Grupa Kruzel', NULL, 1, 0, 0, 0, 1),
(698, 'marcin40@example.org', NULL, NULL, 'Wd1^VTbdsgNWl', '+48 724 191 393', NULL, 'PPUH Siemion-Wiech Sp.k.', NULL, 1, 0, 0, 0, 1),
(699, 'mziola@example.net', NULL, NULL, 'Tw4>ZEoSOcVVt', '537 272 820', NULL, 'Butrym-Poleszak s.c.', NULL, 1, 0, 0, 0, 1),
(700, 'ciecioradamian@example.org', NULL, NULL, 'Re1)jrP', '+48 696 981 811', NULL, 'Szabla Sp. z o.o. Sp.k.', NULL, 1, 0, 0, 0, 1),
(701, 'albert98@example.org', NULL, NULL, 'Oi5+BGgsbQvbwdKlFFJv', '+48 720 795 854', NULL, 'Fundacja Rubacha-Zaraś S.A.', NULL, 1, 0, 0, 0, 1),
(702, 'bryczektadeusz@example.org', NULL, NULL, 'Ge1%rGUWrpWjzP', '884 917 087', NULL, 'Grupa Pastuszko i syn s.c.', NULL, 1, 0, 0, 0, 1),
(703, 'poch@example.com', NULL, NULL, 'Qf5<hXzOwO', '+48 738 057 326', NULL, 'Fundacja Pielka', NULL, 1, 0, 0, 0, 1),
(704, 'mariuszkorzonek@example.net', NULL, NULL, 'Hu9#MmEOcBZuvyM', '786 836 586', NULL, 'Słysz S.A.', NULL, 1, 0, 0, 0, 1),
(705, 'mirgosadam@example.org', NULL, NULL, 'Hu2(jFWeiLgHhrwgeK', '+48 530 075 131', NULL, 'Gabinety Fedorczyk', NULL, 1, 0, 0, 0, 1),
(706, 'ewaswiatkiewicz@example.com', NULL, NULL, 'Yg0$TvlxgKy', '22 683 38 69', NULL, 'Sporek Sp. z o.o.', NULL, 1, 0, 0, 0, 1),
(707, 'uwolk@example.net', NULL, NULL, 'Ti2:iFNHiEBq', '698 434 101', NULL, 'Osada-Kniaź Sp.k.', NULL, 1, 0, 0, 0, 1),
(708, 'pydaborys@example.com', NULL, NULL, 'Yn8)RYstEUz', '+48 796 981 176', NULL, 'FPUH Lemke', NULL, 1, 0, 0, 0, 1),
(709, 'bregulaartur@example.org', NULL, NULL, 'Sn3%JZuWPGnZyNQ', '664 318 165', NULL, 'Grupa Wojczuk', NULL, 1, 0, 0, 0, 1),
(710, 'mateuszhajdas@example.org', NULL, NULL, 'Wa5-pPQsecBBLCnhGk', '+48 513 486 614', NULL, 'Spółdzielnia Osial', NULL, 1, 0, 0, 0, 1),
(711, 'qklemczak@example.com', NULL, NULL, 'By5KUVeSsBMlxTsYmGxa', '+48 661 081 347', NULL, 'FPUH Świerkot Sp.k.', NULL, 1, 0, 0, 0, 1),
(712, 'tolarurka@example.net', NULL, NULL, 'Vr7=Okidn', '+48 533 433 793', NULL, 'Brózda-Jasica Sp.k.', NULL, 1, 0, 0, 0, 1),
(713, 'romejkojanina@example.net', NULL, NULL, 'Oh4~TxFuuuQ', '662 143 078', NULL, 'Grupa Kośka', NULL, 1, 0, 0, 0, 1),
(714, 'nholubowicz@example.net', NULL, NULL, 'Wk3+mmGgwZzeaJNZJZxe', '+48 661 855 107', NULL, 'Fundacja Prochownik', NULL, 1, 0, 0, 0, 1),
(715, 'sondejleonard@example.net', NULL, NULL, 'Fp3{QR', '+48 22 353 86 11', NULL, 'Fundacja Stryjek-Bernard Sp.k.', NULL, 1, 0, 0, 0, 1),
(716, 'adam92@example.org', NULL, NULL, 'Vv8%LWZMvY', '509 459 454', NULL, 'Stowarzyszenie Krokosz', NULL, 1, 0, 0, 0, 1),
(717, 'ystas@example.com', NULL, NULL, 'Jx8-azxLf', '+48 32 776 37 92', NULL, 'FPUH Gerlach', NULL, 1, 0, 0, 0, 1),
(718, 'unijak@example.com', NULL, NULL, 'Qm1_hWfshjUixCRP', '+48 22 701 31 56', NULL, 'Ruman-Arendarczyk i syn s.c.', NULL, 1, 0, 0, 0, 1),
(719, 'ignacy22@example.com', NULL, NULL, 'Qs4)RGCYCArLpdAidAG', '+48 32 956 99 00', NULL, 'Tlałka-Niesporek Sp. z o.o. Sp.k.', NULL, 1, 0, 0, 0, 1),
(720, 'franciszek96@example.com', NULL, NULL, 'Za5>XKTQznZ', '604 967 266', NULL, 'Stowarzyszenie Wujek s.c.', NULL, 1, 0, 0, 0, 1),
(721, 'chomiakignacy@example.org', NULL, NULL, 'Bx0!FIXfnwxT', '+48 609 311 276', NULL, 'Gabinety Szczerek-Gomuła i syn s.c.', NULL, 1, 0, 0, 0, 1),
(722, 'alandetka@example.com', NULL, NULL, 'Qx4;lwNzZn', '722 654 684', NULL, 'Jarosiewicz Sp. z o.o. Sp.k.', NULL, 1, 0, 0, 0, 1),
(723, 'tymon31@example.net', NULL, NULL, 'Kv1_yNP', '884 006 179', NULL, 'Grupa Hyjek', NULL, 1, 0, 0, 0, 1),
(724, 'witold22@example.com', NULL, NULL, 'Oz9:QXnNAuhvvkxZY', '+48 504 947 232', NULL, 'Kliber-Pyc s.c.', NULL, 1, 0, 0, 0, 1),
(725, 'alan93@example.com', NULL, NULL, 'Wq2%jUSK', '22 301 56 64', NULL, 'Gaś-Jonczyk Sp. z o.o.', NULL, 1, 0, 0, 0, 1),
(726, 'zyzikgustaw@example.net', NULL, NULL, 'Qs8#czKjgOIAOEd', '732 528 700', NULL, 'PPUH Marcińczyk-Waloszek i syn s.c.', NULL, 1, 0, 0, 0, 1),
(727, 'andrzejnalazek@example.com', NULL, NULL, 'Zl4<xMGKpGwNdKwaEc', '+48 731 079 867', NULL, 'Paw-Reimann i syn s.c.', NULL, 1, 0, 0, 0, 1),
(728, 'osadej@example.net', NULL, NULL, 'Jr3{HrgzK', '570 715 959', NULL, 'Michniak-Migała Sp.j.', NULL, 1, 0, 0, 0, 1),
(729, 'ligasoliwier@example.net', NULL, NULL, 'Vk2(vnUVCupz', '+48 22 923 43 48', NULL, 'Stowarzyszenie Kołpak s.c.', NULL, 1, 0, 0, 0, 1),
(730, 'aleks60@example.com', NULL, NULL, 'Im7-YbWpKfw', '32 892 63 67', NULL, 'Działak Sp.j.', NULL, 1, 0, 0, 0, 1),
(731, 'rozaliazacharek@example.org', NULL, NULL, 'Fo7^ggZ', '+48 664 756 618', NULL, 'Noras Sp.j.', NULL, 1, 0, 0, 0, 1),
(732, 'piotr42@example.org', NULL, NULL, 'Gh9~NDhEiRQqkEMUa', '+48 664 150 231', NULL, 'Kopij Sp.j.', NULL, 1, 0, 0, 0, 1),
(733, 'nataszakotala@example.net', NULL, NULL, 'Ay3%EOWf', '660 317 750', NULL, 'Spółdzielnia Chadaj Sp.j.', NULL, 1, 0, 0, 0, 1),
(734, 'wiktorbarszczak@example.org', NULL, NULL, 'Jo3=HhHksnKxrXDaSyre', '+48 736 474 082', NULL, 'Kiełbowicz Sp. z o.o.', NULL, 1, 0, 0, 0, 1),
(735, 'ybakiera@example.com', NULL, NULL, 'Wx1~GZn', '517 563 346', NULL, 'Gogół-Szatko S.A.', NULL, 1, 0, 0, 0, 1),
(736, 'kamil13@example.net', NULL, NULL, 'Gz1@DYbNHXRQWKG', '+48 576 412 439', NULL, 'Fundacja Gryciuk-Kręcisz Sp. z o.o.', NULL, 1, 0, 0, 0, 1),
(737, 'pasiutfabian@example.net', NULL, NULL, 'Vy9{KMfJIN', '+48 787 253 430', NULL, 'PPUH Pyza', NULL, 1, 0, 0, 0, 1),
(738, 'mesjaszkacper@example.com', NULL, NULL, 'Cm0~jXuMlucljvgl', '+48 32 390 40 04', NULL, 'Królikiewicz Sp. z o.o.', NULL, 1, 0, 0, 0, 1),
(739, 'gdziechciarz@example.com', NULL, NULL, 'Zx1}XNVvfZZ', '728 451 882', NULL, 'Pacia-Wojaczek Sp. z o.o.', NULL, 1, 0, 0, 0, 1),
(740, 'kajakunda@example.com', NULL, NULL, 'So1-xqHtPdAb', '881 753 733', NULL, 'Spółdzielnia Dmoch', NULL, 1, 0, 0, 0, 1),
(741, 'ostapczukjan@example.net', NULL, NULL, 'Go9<voQ', '22 236 29 73', NULL, 'Fundacja Klemens-Deluga Sp. z o.o. Sp.k.', NULL, 1, 0, 0, 0, 1),
(742, 'starosciaksylwia@example.net', 'Maciej', 'Mirga', NULL, '+48 666 894 600', NULL, NULL, NULL, 1, 0, 0, 1, 0),
(743, 'anita50@example.com', 'Leonard', 'Koss', NULL, '578 315 582', NULL, NULL, NULL, 1, 0, 0, 1, 0),
(744, 'yoslizlo@example.com', 'Jędrzej', 'Fiedorczuk', NULL, '+48 605 973 159', NULL, NULL, NULL, 1, 0, 0, 1, 0),
(745, 'krystian27@example.org', 'Emil', 'Reszke', NULL, '+48 883 071 605', NULL, NULL, NULL, 1, 0, 0, 1, 0),
(746, 'oliwier50@example.org', 'Malwina', 'Poleszak', NULL, '660 713 223', NULL, NULL, NULL, 1, 0, 0, 1, 0),
(747, 'kornelia01@example.net', 'Krystyna', 'Skrobek', NULL, '575 202 232', NULL, NULL, NULL, 1, 0, 0, 1, 0),
(748, 'dominik04@example.org', 'Gustaw', 'Rompa', NULL, '609 009 072', NULL, NULL, NULL, 1, 0, 0, 1, 0),
(749, 'marika36@example.com', 'Konstanty', 'Perlik', NULL, '+48 535 438 124', NULL, NULL, NULL, 1, 0, 0, 1, 0),
(750, 'adam44@example.com', 'Justyna', 'Dadej', NULL, '+48 602 964 324', NULL, NULL, NULL, 1, 0, 0, 1, 0),
(751, 'karina35@example.org', 'Artur', 'Dargacz', NULL, '885 917 337', NULL, NULL, NULL, 1, 0, 0, 1, 0),
(752, 'gronurszula@example.org', 'Błażej', 'Solnica', NULL, '+48 660 293 367', NULL, NULL, NULL, 1, 0, 0, 1, 0),
(753, 'mpiskor@example.net', 'Kazimierz', 'Miotke', NULL, '515 457 350', NULL, NULL, NULL, 1, 0, 0, 1, 0),
(754, 'klara69@example.net', 'Bartek', 'Tłuczek', NULL, '880 993 855', NULL, NULL, NULL, 1, 0, 0, 1, 0),
(755, 'vgodzisz@example.org', 'Gabriel', 'Misiarz', NULL, '+48 511 636 546', NULL, NULL, NULL, 1, 0, 0, 1, 0),
(756, 'maurycy59@example.com', 'Gaja', 'Roj', NULL, '510 160 531', NULL, NULL, NULL, 1, 0, 0, 1, 0),
(757, 'janinaprokopiak@example.com', 'Nikodem', 'Kopij', NULL, '+48 603 266 454', NULL, NULL, NULL, 1, 0, 0, 1, 0),
(758, 'wlodarzmaciej@example.com', 'Kajetan', 'Banyś', NULL, '+48 32 895 43 19', NULL, NULL, NULL, 1, 0, 0, 1, 0),
(759, 'hcis@example.com', 'Dariusz', 'Kudlak', NULL, '571 002 109', NULL, NULL, NULL, 1, 0, 0, 1, 0),
(760, 'gjalowiec@example.com', 'Gabriel', 'Putek', NULL, '726 873 053', NULL, NULL, NULL, 1, 0, 0, 1, 0),
(761, 'stosikblanka@example.org', 'Arkadiusz', 'Sycz', NULL, '538 160 721', NULL, NULL, NULL, 1, 0, 0, 1, 0),
(762, 'antoni93@example.com', 'Wojciech', 'Wietecha', NULL, '+48 32 480 91 12', NULL, NULL, NULL, 1, 0, 0, 1, 0),
(763, 'igas@example.org', 'Blanka', 'Tatarczuk', NULL, '32 544 47 77', NULL, NULL, NULL, 1, 0, 0, 1, 0),
(764, 'olga48@example.org', 'Sara', 'Wojtoń', NULL, '22 693 54 87', NULL, NULL, NULL, 1, 0, 0, 1, 0),
(765, 'ewelinagrzech@example.net', 'Andrzej', 'Feret', NULL, '696 572 070', NULL, NULL, NULL, 1, 0, 0, 1, 0),
(766, 'agnieszka17@example.com', 'Radosław', 'Dziurdzia', NULL, '+48 32 490 91 11', NULL, NULL, NULL, 1, 0, 0, 1, 0),
(767, 'wwiak@example.com', 'Adrian', 'Pałyga', NULL, '792 960 754', NULL, NULL, NULL, 1, 0, 0, 1, 0),
(768, 'dfac@example.net', 'Witold', 'Majsterek', NULL, '508 043 431', NULL, NULL, NULL, 1, 0, 0, 1, 0),
(769, 'nikodem21@example.net', 'Kamil', 'Mainka', NULL, '+48 604 944 872', NULL, NULL, NULL, 1, 0, 0, 1, 0),
(770, 'bruno48@example.com', 'Tymoteusz', 'Kosiak', NULL, '+48 660 497 019', NULL, NULL, NULL, 1, 0, 0, 1, 0),
(771, 'gaja13@example.com', 'Dariusz', 'Noszczyk', NULL, '509 690 658', NULL, NULL, NULL, 1, 0, 0, 1, 0),
(772, 'brunoorawiec@example.net', 'Marianna', 'Lewko', NULL, '664 956 871', NULL, NULL, NULL, 1, 0, 0, 1, 0),
(773, 'rozaliasmagacz@example.org', 'Aleks', 'Olma', NULL, '501 981 266', NULL, NULL, NULL, 1, 0, 0, 1, 0),
(774, 'agnieszkazadora@example.com', 'Justyna', 'Majorek', NULL, '+48 697 711 285', NULL, NULL, NULL, 1, 0, 0, 1, 0),
(775, 'plonasonia@example.net', 'Marcel', 'Cebo', NULL, '+48 690 002 143', NULL, NULL, NULL, 1, 0, 0, 1, 0),
(776, 'marcelinaczajor@example.net', 'Albert', 'Kubrak', NULL, '+48 22 068 46 82', NULL, NULL, NULL, 1, 0, 0, 1, 0),
(777, 'cwierzmikolaj@example.com', 'Jeremi', 'Grabara', NULL, '+48 573 280 176', NULL, NULL, NULL, 1, 0, 0, 1, 0),
(778, 'angelikamikita@example.org', 'Maksymilian', 'Giedrojć', NULL, '+48 738 924 518', NULL, NULL, NULL, 1, 0, 0, 1, 0),
(779, 'dunalgaja@example.net', 'Olgierd', 'Szalast', NULL, '+48 728 697 703', NULL, NULL, NULL, 1, 0, 0, 1, 0),
(780, 'makslampart@example.net', 'Nicole', 'Goska', NULL, '+48 669 305 420', NULL, NULL, NULL, 1, 0, 0, 1, 0),
(781, 'ldebosz@example.org', 'Ignacy', 'Wołczyk', NULL, '+48 508 426 836', NULL, NULL, NULL, 1, 0, 0, 1, 0),
(782, 'fstrama@example.org', 'Jeremi', 'Dawidczyk', NULL, '604 743 113', NULL, NULL, NULL, 1, 0, 0, 1, 0),
(783, 'maruszczaknikodem@example.org', 'Stanisław', 'Roczniak', NULL, '530 383 988', NULL, NULL, NULL, 1, 0, 0, 1, 0),
(784, 'sarotaksawery@example.net', 'Sebastian', 'Kuzia', NULL, '32 782 91 98', NULL, NULL, NULL, 1, 0, 0, 1, 0),
(785, 'kmaksimowicz@example.com', 'Gustaw', 'Ciesielczyk', NULL, '519 485 449', NULL, NULL, NULL, 1, 0, 0, 1, 0),
(786, 'jakubgordon@example.net', 'Dawid', 'Frącz', NULL, '698 287 320', NULL, NULL, NULL, 1, 0, 0, 1, 0),
(787, 'witold87@example.com', 'Jacek', 'Samol', NULL, '510 952 297', NULL, NULL, NULL, 1, 0, 0, 1, 0),
(788, 'mariuszmarach@example.com', 'Kornelia', 'Szywała', NULL, '+48 882 547 246', NULL, NULL, NULL, 1, 0, 0, 1, 0),
(789, 'jerzypierz@example.net', 'Jan', 'Druszcz', NULL, '+48 512 398 117', NULL, NULL, NULL, 1, 0, 0, 1, 0),
(790, 'yzadworny@example.org', 'Olga', 'Roszkiewicz', NULL, '739 171 072', NULL, NULL, NULL, 1, 0, 0, 1, 0),
(791, 'sandra83@example.com', 'Dorota', 'Małota', NULL, '+48 602 835 791', NULL, NULL, NULL, 1, 0, 0, 1, 0),
(793, 'klient1@mail.com', 'klient1', 'klient1', '$2a$10$vrGbvm.7NiFiuEnBkprVgOn0GLwFHsURqa9DKCX8M/ss82PDocQnm', 'klient1', NULL, NULL, NULL, 1, 0, 0, 1, 0),
(794, 'admin@mail.com', 'admin', 'admin', '$2a$12$3PlF7n550CgDoz9MDW2bXuGG12nBVwNhVaBZRzhoPjMS.SmTREiI6', 'admin', 'administrator', NULL, 0, 1, 1, 0, 0, 0),
(795, 'manager1@mail.com', 'manager1', 'manager1', '$2a$10$7XoQ332y1q96OReM0bi0HeyUjRJw96oMMZxrpBPFFGFdINVWy0qsS', 'manager1', 'kierownik magazynu', NULL, 7000, 1, 1, 0, 0, 0),
(796, 'magazynier1@mail.com', 'magazynier1', 'magazynier1', '$2a$10$VlHpKbW7zAIq1atkh6wr/uGbh0gQbQhgq.d5JmJ6N25wIBaMKrWNm', 'magazynier1', 'magazynier', NULL, 5000, 1, 1, 0, 0, 0),
(797, 'kierowca1@mail.com', 'kierowca1', 'kierowca1', '$2a$10$gdghVdeY7gj9yrrXjAU8OeQJ3W75DPwj3/vq13c2LZcxXOM3WKjsm', 'kierowca1', 'kierowca', NULL, 6000, 1, 1, 0, 0, 0),
(798, 'koordynator1@mail.com', 'koordynator1', 'koordynator1', '$2a$10$kVsgWgHqB54x193nLP9eMOlxaj7HTCYATpNhVIsVCzeGUG1DkKuQG', 'koordynator1', 'koordynator', NULL, 6000, 1, 1, 0, 0, 0),
(799, 'producent1@mail.com', NULL, NULL, '$2a$10$DhOrH82IWr/7UsoHUnFKzuE2wMXyn//5Gp0CoKCL.Q.n111QSNWB.', 'producent1', NULL, 'producent1', NULL, 1, 0, 1, 0, 0);

-- --------------------------------------------------------

--
-- Struktura tabeli dla tabeli `wysylka`
--

CREATE TABLE `wysylka` (
  `id_wysylki` int(7) NOT NULL,
  `id_klienta_detalicznego` int(7) DEFAULT NULL,
  `id_klienta_hurtowego` int(7) DEFAULT NULL,
  `id_wysylki_cyklicznej` int(7) DEFAULT NULL,
  `data` varchar(19) DEFAULT NULL
) ENGINE=InnoDB DEFAULT CHARSET=utf8mb4 COLLATE=utf8mb4_general_ci;

--
-- Dumping data for table `wysylka`
--

INSERT INTO `wysylka` (`id_wysylki`, `id_klienta_detalicznego`, `id_klienta_hurtowego`, `id_wysylki_cyklicznej`, `data`) VALUES
(1, NULL, 665, NULL, '10:14:37 17-06-2019'),
(2, NULL, 601, NULL, '20:28:53 04-08-2019'),
(3, NULL, 701, NULL, '21:46:40 24-04-2019'),
(4, NULL, 696, NULL, '17:06:48 05-05-2018'),
(5, NULL, 713, NULL, '17:12:59 06-12-2018'),
(6, NULL, 635, NULL, '05:20:57 16-12-2015'),
(7, NULL, 574, NULL, '08:07:50 07-03-2024'),
(8, NULL, 606, NULL, '10:01:33 18-11-2022'),
(9, NULL, 728, NULL, '11:18:47 26-11-2022'),
(10, NULL, 610, NULL, '04:47:15 24-10-2016'),
(11, NULL, 616, NULL, '04:49:29 29-08-2016'),
(12, NULL, 653, NULL, '15:45:57 07-07-2016'),
(13, NULL, 685, NULL, '02:17:42 09-11-2022'),
(14, NULL, 625, NULL, '21:42:37 28-04-2021'),
(15, NULL, 625, NULL, '10:05:54 27-10-2018'),
(16, NULL, 580, NULL, '07:20:24 04-02-2022'),
(17, NULL, 622, NULL, '09:51:34 13-09-2017'),
(18, NULL, 692, NULL, '19:41:24 08-12-2023'),
(19, NULL, 723, NULL, '13:19:06 20-03-2024'),
(20, NULL, 622, NULL, '04:36:06 12-06-2015'),
(21, NULL, 616, NULL, '10:53:58 05-04-2018'),
(22, NULL, 670, NULL, '05:14:02 04-04-2015'),
(23, NULL, 590, NULL, '02:54:58 14-01-2016'),
(24, NULL, 682, NULL, '15:27:42 19-07-2015'),
(25, NULL, 738, NULL, '14:48:23 13-08-2019'),
(26, NULL, 741, NULL, '13:10:19 10-05-2022'),
(27, NULL, 685, NULL, '17:50:04 01-10-2016'),
(28, NULL, 683, NULL, '09:22:16 25-05-2016'),
(29, NULL, 611, NULL, '13:57:55 19-10-2016'),
(30, NULL, 693, NULL, '09:18:03 30-12-2016'),
(31, NULL, 571, NULL, '17:56:25 07-10-2023'),
(32, NULL, 647, NULL, '12:36:48 20-02-2020'),
(33, NULL, 577, NULL, '06:47:04 03-11-2022'),
(34, NULL, 657, NULL, '06:08:41 05-12-2019'),
(35, NULL, 639, NULL, '23:58:31 10-10-2018'),
(36, NULL, 611, NULL, '00:33:30 12-07-2019'),
(37, NULL, 581, NULL, '05:40:17 23-01-2021'),
(38, NULL, 728, NULL, '13:50:36 23-12-2023'),
(39, NULL, 698, NULL, '19:41:14 12-04-2018'),
(40, NULL, 547, NULL, '10:42:53 05-05-2016'),
(41, NULL, 719, NULL, '11:06:43 28-04-2023'),
(42, NULL, 573, NULL, '23:01:26 28-07-2022'),
(43, NULL, 704, NULL, '08:28:29 03-05-2022'),
(44, NULL, 559, NULL, '14:20:58 12-08-2021'),
(45, NULL, 721, NULL, '03:41:51 06-12-2023'),
(46, NULL, 715, NULL, '21:30:23 08-07-2021'),
(47, NULL, 599, NULL, '19:58:17 02-09-2016'),
(48, NULL, 619, NULL, '10:39:05 11-06-2019'),
(49, NULL, 715, NULL, '01:07:29 26-04-2019'),
(50, NULL, 574, NULL, '18:08:05 10-07-2019'),
(51, NULL, 705, NULL, '19:54:14 12-08-2019'),
(52, NULL, 553, NULL, '21:24:37 10-09-2016'),
(53, NULL, 701, NULL, '02:33:03 26-07-2023'),
(54, NULL, 627, NULL, '10:43:38 26-04-2015'),
(55, NULL, 663, NULL, '09:54:36 22-09-2020'),
(56, NULL, 661, NULL, '15:59:24 16-07-2018'),
(57, NULL, 630, NULL, '20:11:52 29-05-2023'),
(58, NULL, 547, NULL, '18:39:55 21-11-2022'),
(59, NULL, 656, NULL, '02:35:57 23-04-2020'),
(60, NULL, 621, NULL, '16:01:34 13-09-2020'),
(61, NULL, 641, NULL, '08:17:39 25-06-2017'),
(62, NULL, 645, NULL, '11:26:25 18-05-2022'),
(63, NULL, 721, NULL, '22:06:29 11-10-2018'),
(64, NULL, 562, NULL, '08:12:20 18-08-2018'),
(65, NULL, 546, NULL, '18:28:13 27-07-2023'),
(66, NULL, 633, NULL, '13:35:32 01-12-2023'),
(67, NULL, 716, NULL, '22:32:43 21-09-2018'),
(68, NULL, 718, NULL, '09:59:31 11-01-2020'),
(69, NULL, 590, NULL, '17:06:54 28-01-2015'),
(70, NULL, 637, NULL, '18:07:03 04-01-2021'),
(71, NULL, 549, NULL, '03:31:39 29-10-2019'),
(72, NULL, 735, NULL, '11:19:39 04-01-2017'),
(73, NULL, 668, NULL, '11:44:01 14-09-2017'),
(74, NULL, 733, NULL, '19:39:38 07-10-2023'),
(75, NULL, 587, NULL, '11:38:30 24-02-2015'),
(76, NULL, 550, NULL, '12:06:59 23-11-2020'),
(77, NULL, 603, NULL, '00:58:02 06-05-2020'),
(78, NULL, 665, NULL, '01:58:08 29-04-2022'),
(79, NULL, 682, NULL, '16:28:02 12-01-2016'),
(80, NULL, 607, NULL, '15:02:59 19-02-2017'),
(81, NULL, 560, NULL, '21:06:55 19-02-2015'),
(82, NULL, 661, NULL, '07:19:03 05-01-2019'),
(83, NULL, 545, NULL, '20:37:19 15-08-2017'),
(84, NULL, 672, NULL, '00:42:17 02-06-2021'),
(85, NULL, 625, NULL, '04:42:33 30-06-2021'),
(86, NULL, 604, NULL, '11:04:10 28-09-2015'),
(87, NULL, 593, NULL, '23:50:04 17-12-2023'),
(88, NULL, 579, NULL, '07:31:52 21-03-2017'),
(89, NULL, 702, NULL, '06:19:29 16-12-2022'),
(90, NULL, 735, NULL, '18:37:07 15-03-2024'),
(91, NULL, 595, NULL, '18:28:58 23-04-2023'),
(92, NULL, 632, NULL, '11:57:56 16-10-2015'),
(93, NULL, 632, NULL, '11:50:32 21-01-2024'),
(94, NULL, 728, NULL, '04:37:39 28-09-2016'),
(95, NULL, 672, NULL, '23:11:13 09-03-2019'),
(96, NULL, 712, NULL, '23:22:02 27-10-2019'),
(97, NULL, 579, NULL, '22:08:05 07-09-2023'),
(98, NULL, 606, NULL, '13:21:15 06-02-2017'),
(99, NULL, 586, NULL, '19:47:37 27-11-2015'),
(100, NULL, 707, NULL, '00:33:26 14-06-2017'),
(101, NULL, 707, NULL, '20:27:51 19-06-2018'),
(102, NULL, 550, NULL, '04:08:23 15-03-2023'),
(103, NULL, 548, NULL, '10:16:11 01-11-2016'),
(104, NULL, 694, NULL, '08:17:09 05-05-2020'),
(105, NULL, 689, NULL, '17:23:31 15-07-2021'),
(106, NULL, 712, NULL, '23:43:17 07-10-2021'),
(107, NULL, 654, NULL, '04:40:18 26-11-2023'),
(108, NULL, 692, NULL, '04:14:51 05-05-2015'),
(109, NULL, 684, NULL, '03:31:34 10-06-2022'),
(110, NULL, 653, NULL, '23:03:12 11-12-2016'),
(111, NULL, 599, NULL, '03:30:54 03-03-2019'),
(112, NULL, 645, NULL, '18:53:11 18-04-2017'),
(113, NULL, 543, NULL, '13:10:01 30-06-2015'),
(114, NULL, 543, NULL, '11:00:38 29-11-2023'),
(115, NULL, 653, NULL, '10:32:29 29-08-2019'),
(116, NULL, 587, NULL, '11:57:39 02-09-2015'),
(117, NULL, 677, NULL, '07:51:11 26-02-2016'),
(118, NULL, 642, NULL, '20:39:02 13-05-2015'),
(119, NULL, 715, NULL, '13:11:48 10-03-2019'),
(120, NULL, 684, NULL, '16:01:29 20-04-2021'),
(121, NULL, 716, NULL, '05:13:29 02-12-2023'),
(122, NULL, 706, NULL, '16:01:59 12-01-2019'),
(123, NULL, 619, NULL, '14:38:00 15-05-2018'),
(124, NULL, 571, NULL, '17:19:31 30-04-2022'),
(125, NULL, 575, NULL, '03:44:43 29-10-2016'),
(126, NULL, 583, NULL, '20:39:26 27-08-2022'),
(127, NULL, 655, NULL, '11:26:36 01-02-2015'),
(128, NULL, 603, NULL, '09:48:25 09-06-2016'),
(129, NULL, 577, NULL, '13:41:48 14-03-2021'),
(130, NULL, 591, NULL, '08:47:42 17-03-2020'),
(131, NULL, 586, NULL, '13:47:03 05-08-2023'),
(132, NULL, 643, NULL, '01:04:09 06-02-2016'),
(133, NULL, 579, NULL, '11:26:56 08-06-2020'),
(134, NULL, 588, NULL, '17:27:30 25-11-2018'),
(135, NULL, 654, NULL, '21:04:14 02-11-2015'),
(136, NULL, 596, NULL, '12:06:11 29-06-2022'),
(137, NULL, 569, NULL, '12:36:10 04-04-2021'),
(138, NULL, 672, NULL, '04:25:18 28-01-2019'),
(139, NULL, 624, NULL, '09:54:40 27-07-2023'),
(140, NULL, 545, NULL, '05:53:34 02-01-2020'),
(141, NULL, 683, NULL, '02:52:02 17-09-2021'),
(142, NULL, 547, NULL, '09:48:16 08-05-2021'),
(143, NULL, 595, NULL, '13:39:41 29-07-2016'),
(144, NULL, 697, NULL, '22:42:35 13-03-2023'),
(145, NULL, 586, NULL, '20:04:12 12-08-2020'),
(146, NULL, 670, NULL, '07:18:25 27-02-2022'),
(147, NULL, 585, NULL, '05:52:46 12-03-2015'),
(148, NULL, 561, NULL, '12:41:09 24-10-2019'),
(149, NULL, 561, NULL, '07:20:15 24-06-2017'),
(150, NULL, 728, NULL, '01:50:51 21-10-2020'),
(151, NULL, 621, NULL, '23:47:59 24-07-2020'),
(152, NULL, 677, NULL, '10:47:28 25-08-2020'),
(153, NULL, 653, NULL, '08:07:32 17-10-2021'),
(154, NULL, 590, NULL, '16:45:47 16-11-2016'),
(155, NULL, 694, NULL, '11:14:36 24-04-2022'),
(156, NULL, 697, NULL, '13:20:45 26-08-2019'),
(157, NULL, 720, NULL, '17:30:00 16-12-2017'),
(158, NULL, 603, NULL, '19:24:23 02-09-2016'),
(159, NULL, 640, NULL, '18:53:16 10-08-2018'),
(160, NULL, 680, NULL, '05:43:20 10-02-2022'),
(161, NULL, 564, NULL, '18:09:31 14-07-2015'),
(162, NULL, 679, NULL, '04:51:59 24-07-2017'),
(163, NULL, 676, NULL, '00:18:50 19-01-2024'),
(164, NULL, 681, NULL, '04:33:55 04-06-2016'),
(165, NULL, 568, NULL, '06:00:43 26-06-2017'),
(166, NULL, 612, NULL, '22:46:05 01-11-2021'),
(167, NULL, 734, NULL, '20:57:00 19-02-2018'),
(168, NULL, 600, NULL, '05:29:21 02-04-2016'),
(169, NULL, 697, NULL, '17:37:00 02-07-2017'),
(170, NULL, 574, NULL, '11:05:59 08-12-2022'),
(171, NULL, 705, NULL, '08:21:16 20-11-2019'),
(172, NULL, 550, NULL, '09:08:10 12-02-2016'),
(173, NULL, 628, NULL, '21:52:33 08-07-2015'),
(174, NULL, 711, NULL, '05:21:10 25-08-2015'),
(175, NULL, 716, NULL, '23:17:15 11-05-2015'),
(176, NULL, 663, NULL, '06:18:00 27-08-2016'),
(177, NULL, 573, NULL, '08:17:56 13-08-2021'),
(178, NULL, 622, NULL, '09:14:27 17-01-2020'),
(179, NULL, 651, NULL, '22:53:51 30-01-2021'),
(180, NULL, 565, NULL, '20:04:37 20-02-2018'),
(181, NULL, 612, NULL, '00:01:29 26-01-2024'),
(182, NULL, 587, NULL, '04:45:11 25-10-2015'),
(183, NULL, 628, NULL, '05:03:12 16-11-2020'),
(184, NULL, 685, NULL, '22:29:50 03-03-2022'),
(185, NULL, 709, NULL, '09:29:43 05-07-2020'),
(186, NULL, 664, NULL, '17:59:16 11-08-2019'),
(187, NULL, 581, NULL, '18:02:19 04-01-2017'),
(188, NULL, 619, NULL, '03:51:43 10-09-2023'),
(189, NULL, 633, NULL, '20:13:17 07-06-2015'),
(190, NULL, 583, NULL, '08:10:19 19-06-2020'),
(191, NULL, 679, NULL, '21:31:18 17-05-2021'),
(192, NULL, 624, NULL, '13:56:56 27-07-2020'),
(193, NULL, 671, NULL, '17:55:29 08-02-2023'),
(194, NULL, 635, NULL, '12:10:57 26-08-2019'),
(195, NULL, 623, NULL, '07:49:37 27-01-2020'),
(196, NULL, 678, NULL, '02:50:40 30-03-2023'),
(197, NULL, 666, NULL, '12:19:14 11-10-2020'),
(198, NULL, 565, NULL, '07:06:53 11-11-2016'),
(199, NULL, 562, NULL, '09:40:19 13-10-2021'),
(200, NULL, 686, NULL, '00:07:15 10-03-2021'),
(201, 436, NULL, NULL, '20:56:02 28-12-2016'),
(202, 355, NULL, NULL, '10:54:15 28-07-2018'),
(203, 131, NULL, NULL, '21:48:19 06-12-2023'),
(204, 500, NULL, NULL, '10:04:26 23-12-2021'),
(205, 299, NULL, NULL, '22:09:14 08-03-2019'),
(206, 363, NULL, NULL, '23:32:50 06-04-2023'),
(207, 193, NULL, NULL, '10:29:26 30-07-2021'),
(208, 117, NULL, NULL, '17:00:50 03-10-2015'),
(209, 230, NULL, NULL, '10:40:30 25-07-2019'),
(210, 376, NULL, NULL, '14:03:05 03-09-2015'),
(211, 273, NULL, NULL, '00:30:19 15-08-2016'),
(212, 84, NULL, NULL, '04:29:59 06-09-2021'),
(213, 433, NULL, NULL, '18:50:05 18-05-2020'),
(214, 56, NULL, NULL, '20:47:54 11-04-2016'),
(215, 217, NULL, NULL, '04:28:45 20-11-2023'),
(216, 181, NULL, NULL, '17:07:23 25-03-2018'),
(217, 177, NULL, NULL, '19:10:38 20-12-2017'),
(218, 473, NULL, NULL, '18:19:55 28-11-2023'),
(219, 233, NULL, NULL, '01:55:36 02-10-2020'),
(220, 411, NULL, NULL, '17:08:27 16-01-2017'),
(221, 256, NULL, NULL, '07:09:42 26-08-2018'),
(222, 236, NULL, NULL, '01:28:42 10-10-2022'),
(223, 445, NULL, NULL, '14:06:01 08-10-2021'),
(224, 460, NULL, NULL, '09:57:19 09-06-2018'),
(225, 219, NULL, NULL, '18:13:33 12-12-2020'),
(226, 93, NULL, NULL, '14:31:52 16-09-2023'),
(227, 185, NULL, NULL, '21:01:24 21-10-2015'),
(228, 287, NULL, NULL, '07:08:07 09-04-2023'),
(229, 122, NULL, NULL, '19:37:34 10-09-2015'),
(230, 78, NULL, NULL, '10:24:02 22-05-2020'),
(231, 461, NULL, NULL, '18:35:11 08-09-2020'),
(232, 78, NULL, NULL, '13:28:27 16-05-2022'),
(233, 487, NULL, NULL, '21:06:30 26-09-2016'),
(234, 100, NULL, NULL, '22:55:26 08-06-2019'),
(235, 371, NULL, NULL, '20:09:44 01-04-2020'),
(236, 208, NULL, NULL, '22:35:31 14-11-2023'),
(237, 363, NULL, NULL, '14:45:50 14-12-2016'),
(238, 321, NULL, NULL, '18:31:20 18-10-2016'),
(239, 308, NULL, NULL, '07:35:45 27-08-2015'),
(240, 410, NULL, NULL, '13:42:46 07-01-2022'),
(241, 473, NULL, NULL, '20:22:59 24-02-2021'),
(242, 150, NULL, NULL, '04:51:17 24-11-2021'),
(243, 142, NULL, NULL, '20:47:21 18-04-2022'),
(244, 77, NULL, NULL, '06:36:02 31-03-2016'),
(245, 309, NULL, NULL, '06:07:52 07-05-2016'),
(246, 211, NULL, NULL, '12:17:43 12-10-2020'),
(247, 270, NULL, NULL, '10:46:50 30-10-2016'),
(248, 47, NULL, NULL, '15:30:20 20-09-2019'),
(249, 474, NULL, NULL, '05:00:36 28-09-2018'),
(250, 456, NULL, NULL, '13:18:19 14-03-2018'),
(251, 175, NULL, NULL, '16:39:50 02-08-2023'),
(252, 285, NULL, NULL, '12:30:09 23-02-2023'),
(253, 154, NULL, NULL, '04:48:05 27-12-2017'),
(254, 381, NULL, NULL, '23:41:02 08-11-2019'),
(255, 317, NULL, NULL, '04:51:47 03-02-2023'),
(256, 188, NULL, NULL, '10:39:02 24-08-2019'),
(257, 459, NULL, NULL, '11:39:13 19-01-2020'),
(258, 199, NULL, NULL, '21:15:21 24-05-2019'),
(259, 104, NULL, NULL, '18:33:21 06-11-2020'),
(260, 524, NULL, NULL, '12:46:18 04-01-2018'),
(261, 156, NULL, NULL, '09:05:17 21-12-2016'),
(262, 218, NULL, NULL, '08:11:48 28-01-2018'),
(263, 328, NULL, NULL, '03:31:45 23-07-2020'),
(264, 355, NULL, NULL, '08:30:01 01-12-2020'),
(265, 265, NULL, NULL, '20:12:21 10-08-2018'),
(266, 491, NULL, NULL, '11:38:00 14-03-2023'),
(267, 74, NULL, NULL, '20:51:19 21-09-2017'),
(268, 435, NULL, NULL, '02:07:38 25-05-2019'),
(269, 402, NULL, NULL, '10:25:30 14-09-2022'),
(270, 524, NULL, NULL, '19:35:07 14-09-2022'),
(271, 225, NULL, NULL, '10:29:35 06-07-2018'),
(272, 433, NULL, NULL, '11:34:21 24-11-2017'),
(273, 392, NULL, NULL, '00:50:27 30-09-2016'),
(274, 184, NULL, NULL, '17:04:01 15-01-2021'),
(275, 333, NULL, NULL, '13:08:22 08-12-2020'),
(276, 392, NULL, NULL, '22:52:15 24-12-2016'),
(277, 432, NULL, NULL, '13:46:29 25-10-2015'),
(278, 475, NULL, NULL, '20:27:03 08-11-2020'),
(279, 82, NULL, NULL, '00:31:02 23-01-2024'),
(280, 432, NULL, NULL, '19:50:12 08-07-2017'),
(281, 369, NULL, NULL, '12:00:19 16-12-2019'),
(282, 533, NULL, NULL, '22:16:54 30-01-2017'),
(283, 482, NULL, NULL, '13:12:29 06-08-2023'),
(284, 271, NULL, NULL, '11:45:27 21-10-2019'),
(285, 341, NULL, NULL, '05:23:54 07-07-2021'),
(286, 160, NULL, NULL, '04:15:15 22-04-2017'),
(287, 54, NULL, NULL, '01:31:50 04-11-2023'),
(288, 344, NULL, NULL, '06:47:43 25-07-2020'),
(289, 92, NULL, NULL, '03:35:24 21-10-2022'),
(290, 348, NULL, NULL, '11:54:22 31-07-2023'),
(291, 426, NULL, NULL, '12:21:51 16-02-2021'),
(292, 137, NULL, NULL, '05:23:19 31-03-2023'),
(293, 152, NULL, NULL, '22:03:08 05-07-2019'),
(294, 299, NULL, NULL, '17:07:56 13-09-2023'),
(295, 391, NULL, NULL, '22:36:44 20-09-2015'),
(296, 356, NULL, NULL, '02:06:56 14-01-2018'),
(297, 272, NULL, NULL, '16:21:48 04-12-2019'),
(298, 102, NULL, NULL, '13:44:59 20-09-2017'),
(299, 373, NULL, NULL, '19:39:32 24-10-2023'),
(300, 231, NULL, NULL, '09:00:50 01-09-2016'),
(301, 350, NULL, NULL, '17:10:12 30-06-2019'),
(302, 82, NULL, NULL, '02:37:29 19-10-2018'),
(303, 539, NULL, NULL, '14:12:19 07-02-2020'),
(304, 454, NULL, NULL, '23:47:01 07-04-2019'),
(305, 245, NULL, NULL, '10:46:36 09-06-2022'),
(306, 444, NULL, NULL, '07:59:53 08-02-2024'),
(307, 328, NULL, NULL, '07:49:51 19-11-2015'),
(308, 526, NULL, NULL, '13:21:29 17-04-2020'),
(309, 243, NULL, NULL, '03:34:45 08-11-2022'),
(310, 235, NULL, NULL, '03:48:04 25-02-2017'),
(311, 526, NULL, NULL, '21:44:11 09-12-2022'),
(312, 154, NULL, NULL, '01:06:20 23-10-2017'),
(313, 329, NULL, NULL, '00:50:46 14-07-2017'),
(314, 311, NULL, NULL, '13:02:30 21-11-2022'),
(315, 397, NULL, NULL, '08:58:06 16-07-2020'),
(316, 304, NULL, NULL, '18:32:55 05-05-2018'),
(317, 147, NULL, NULL, '17:49:28 31-08-2019'),
(318, 160, NULL, NULL, '02:00:52 21-06-2016'),
(319, 355, NULL, NULL, '14:22:12 06-03-2021'),
(320, 124, NULL, NULL, '21:59:20 15-06-2019'),
(321, 378, NULL, NULL, '15:13:17 09-02-2018'),
(322, 506, NULL, NULL, '22:39:30 21-11-2017'),
(323, 222, NULL, NULL, '08:03:32 21-01-2017'),
(324, 530, NULL, NULL, '10:45:21 07-09-2016'),
(325, 70, NULL, NULL, '05:06:43 30-09-2015'),
(326, 256, NULL, NULL, '23:45:25 20-06-2023'),
(327, 204, NULL, NULL, '01:58:03 31-08-2022'),
(328, 438, NULL, NULL, '13:09:11 03-11-2018'),
(329, 516, NULL, NULL, '17:50:06 12-05-2022'),
(330, 273, NULL, NULL, '15:14:33 26-07-2023'),
(331, 216, NULL, NULL, '03:36:13 04-07-2017'),
(332, 92, NULL, NULL, '21:46:51 20-12-2020'),
(333, 54, NULL, NULL, '02:53:51 28-05-2018'),
(334, 262, NULL, NULL, '05:46:28 02-05-2022'),
(335, 513, NULL, NULL, '08:09:05 05-04-2016'),
(336, 409, NULL, NULL, '08:32:37 26-04-2017'),
(337, 505, NULL, NULL, '15:35:32 04-08-2017'),
(338, 451, NULL, NULL, '22:25:28 06-07-2015'),
(339, 297, NULL, NULL, '08:14:36 08-01-2018'),
(340, 373, NULL, NULL, '05:55:00 07-02-2023'),
(341, 149, NULL, NULL, '03:32:28 30-06-2020'),
(342, 329, NULL, NULL, '17:16:09 21-01-2019'),
(343, 224, NULL, NULL, '17:09:38 25-12-2021'),
(344, 313, NULL, NULL, '07:53:28 04-03-2015'),
(345, 537, NULL, NULL, '01:17:23 05-11-2018'),
(346, 485, NULL, NULL, '04:04:34 14-03-2021'),
(347, 75, NULL, NULL, '20:30:18 04-06-2021'),
(348, 282, NULL, NULL, '21:35:58 24-07-2018'),
(349, 260, NULL, NULL, '14:22:28 08-05-2023'),
(350, 317, NULL, NULL, '14:35:19 07-11-2021'),
(351, 72, NULL, NULL, '15:36:36 14-04-2017'),
(352, 60, NULL, NULL, '00:56:54 17-03-2018'),
(353, 69, NULL, NULL, '16:17:37 13-12-2016'),
(354, 468, NULL, NULL, '14:43:24 08-07-2015'),
(355, 70, NULL, NULL, '10:24:07 07-07-2015'),
(356, 489, NULL, NULL, '23:19:08 09-12-2017'),
(357, 412, NULL, NULL, '09:55:58 22-07-2021'),
(358, 44, NULL, NULL, '11:25:26 07-02-2016'),
(359, 189, NULL, NULL, '10:53:16 13-11-2022'),
(360, 399, NULL, NULL, '23:06:52 13-01-2017'),
(361, 458, NULL, NULL, '10:27:26 29-03-2018'),
(362, 113, NULL, NULL, '14:59:01 02-10-2015'),
(363, 474, NULL, NULL, '05:59:41 07-02-2019'),
(364, 439, NULL, NULL, '09:27:47 25-07-2016'),
(365, 77, NULL, NULL, '20:18:58 12-08-2015'),
(366, 265, NULL, NULL, '16:31:57 10-05-2023'),
(367, 126, NULL, NULL, '17:17:33 15-01-2017'),
(368, 507, NULL, NULL, '16:20:52 30-12-2020'),
(369, 304, NULL, NULL, '10:23:28 15-05-2016'),
(370, 226, NULL, NULL, '00:06:03 10-10-2023'),
(371, 135, NULL, NULL, '15:03:04 17-06-2018'),
(372, 332, NULL, NULL, '20:00:05 10-09-2023'),
(373, 363, NULL, NULL, '13:10:06 03-07-2018'),
(374, 88, NULL, NULL, '09:59:43 31-01-2019'),
(375, 337, NULL, NULL, '23:31:25 17-04-2018'),
(376, 218, NULL, NULL, '19:25:33 03-08-2019'),
(377, 365, NULL, NULL, '19:59:57 27-08-2017'),
(378, 539, NULL, NULL, '05:58:57 17-10-2023'),
(379, 352, NULL, NULL, '06:49:40 07-03-2023'),
(380, 443, NULL, NULL, '04:34:55 08-03-2024'),
(381, 300, NULL, NULL, '18:57:50 20-05-2018'),
(382, 541, NULL, NULL, '09:55:27 17-10-2017'),
(383, 303, NULL, NULL, '08:11:14 13-11-2016'),
(384, 199, NULL, NULL, '22:58:02 02-09-2022'),
(385, 181, NULL, NULL, '00:01:45 16-08-2022'),
(386, 93, NULL, NULL, '10:58:21 08-08-2017'),
(387, 539, NULL, NULL, '09:58:24 30-05-2017'),
(388, 346, NULL, NULL, '01:21:42 29-08-2016'),
(389, 418, NULL, NULL, '16:46:46 08-08-2023'),
(390, 476, NULL, NULL, '12:03:10 22-06-2021'),
(391, 282, NULL, NULL, '11:39:31 25-10-2022'),
(392, 283, NULL, NULL, '18:16:56 16-07-2015'),
(393, 102, NULL, NULL, '06:11:30 28-02-2021'),
(394, 258, NULL, NULL, '05:46:44 27-01-2021'),
(395, 452, NULL, NULL, '09:16:41 29-03-2017'),
(396, 80, NULL, NULL, '13:51:11 08-12-2017'),
(397, 264, NULL, NULL, '17:42:57 21-05-2018'),
(398, 509, NULL, NULL, '04:58:07 22-01-2019'),
(399, 496, NULL, NULL, '13:20:15 28-11-2017'),
(400, 514, NULL, NULL, '13:26:28 12-02-2015'),
(401, NULL, 672, 1, '23:08:59 14-02-2019'),
(402, NULL, 630, 2, '10:18:44 08-11-2020'),
(403, NULL, 673, 3, '02:54:21 09-03-2022'),
(404, NULL, 708, 4, '17:00:31 22-03-2015'),
(405, NULL, 585, 5, '02:10:34 13-02-2015'),
(406, NULL, 621, 6, '15:04:24 18-01-2015'),
(407, NULL, 552, 7, '17:06:04 29-12-2016'),
(408, NULL, 637, 8, '06:03:35 03-12-2023'),
(409, NULL, 570, 9, '03:54:15 03-09-2017'),
(410, NULL, 718, 10, '12:23:42 11-06-2022'),
(411, NULL, 688, 11, '04:34:44 23-09-2016'),
(412, NULL, 660, 12, '20:26:22 09-12-2020'),
(413, NULL, 659, 13, '09:44:31 08-04-2020'),
(414, NULL, 694, 14, '21:13:10 05-08-2022'),
(415, NULL, 685, 15, '08:07:27 10-03-2022'),
(416, NULL, 560, 16, '07:17:18 15-02-2016'),
(417, NULL, 741, 17, '05:17:29 01-03-2018'),
(418, NULL, 651, 18, '12:47:48 26-03-2018'),
(419, NULL, 553, 19, '09:20:12 10-09-2018'),
(420, NULL, 735, 20, '14:35:38 18-01-2021'),
(421, NULL, 587, 21, '10:33:59 07-05-2021'),
(422, NULL, 653, 22, '20:49:59 24-09-2016'),
(423, NULL, 638, 23, '08:00:53 03-12-2020'),
(424, NULL, 546, 24, '12:55:59 04-08-2020'),
(425, NULL, 720, 25, '00:02:25 04-06-2018'),
(426, NULL, 622, 26, '11:06:42 13-01-2021'),
(427, NULL, 659, 27, '23:49:42 12-03-2018'),
(428, NULL, 581, 28, '13:24:49 23-05-2020'),
(429, NULL, 548, 29, '03:26:35 30-07-2023'),
(430, NULL, 689, 30, '17:52:17 21-02-2017'),
(431, NULL, 627, 31, '00:53:09 14-04-2016'),
(432, NULL, 623, 32, '15:45:13 16-01-2021'),
(433, NULL, 551, 33, '23:43:39 31-12-2019'),
(434, NULL, 561, 34, '12:06:20 12-01-2017'),
(435, NULL, 624, 35, '12:33:50 09-01-2021'),
(436, NULL, 559, 36, '10:33:16 28-04-2020'),
(437, NULL, 633, 37, '04:58:05 17-10-2019'),
(438, NULL, 694, 38, '11:15:35 18-03-2016'),
(439, NULL, 654, 39, '12:25:47 04-04-2022'),
(440, NULL, 709, 40, '16:40:46 23-10-2022'),
(441, NULL, 720, 41, '14:45:41 03-05-2015'),
(442, NULL, 687, 42, '12:32:23 19-12-2016'),
(443, NULL, 627, 43, '16:26:52 28-04-2020'),
(444, NULL, 721, 44, '14:28:27 10-08-2019'),
(445, NULL, 693, 45, '06:41:57 11-11-2016'),
(446, NULL, 552, 46, '12:52:35 25-10-2019'),
(447, NULL, 614, 47, '12:58:27 05-10-2020'),
(448, NULL, 574, 48, '00:25:18 03-11-2021'),
(449, NULL, 629, 49, '16:53:22 27-10-2018'),
(450, NULL, 708, 50, '21:54:56 09-03-2021'),
(451, 205, NULL, 51, '07:38:54 13-06-2015'),
(452, 112, NULL, 52, '07:37:27 05-03-2023'),
(453, 147, NULL, 53, '02:39:08 07-02-2021'),
(454, 76, NULL, 54, '00:37:14 27-09-2020'),
(455, 326, NULL, 55, '02:41:07 03-11-2023'),
(456, 319, NULL, 56, '06:04:58 11-05-2023'),
(457, 194, NULL, 57, '16:15:15 28-08-2016'),
(458, 467, NULL, 58, '12:32:10 08-01-2018'),
(459, 457, NULL, 59, '12:42:15 03-03-2020'),
(460, 174, NULL, 60, '01:59:25 09-01-2022'),
(461, 525, NULL, 61, '06:15:59 01-03-2020'),
(462, 430, NULL, 62, '07:07:41 28-10-2015'),
(463, 364, NULL, 63, '04:02:38 21-01-2018'),
(464, 183, NULL, 64, '07:32:38 23-03-2016'),
(465, 264, NULL, 65, '01:54:23 14-03-2018'),
(466, 270, NULL, 66, '23:14:19 07-10-2015'),
(467, 330, NULL, 67, '18:26:55 15-04-2019'),
(468, 474, NULL, 68, '12:48:17 18-07-2015'),
(469, 51, NULL, 69, '08:51:50 07-07-2020'),
(470, 300, NULL, 70, '19:05:12 29-03-2016'),
(471, 493, NULL, 71, '22:51:11 27-02-2016'),
(472, 272, NULL, 72, '12:37:17 07-09-2016'),
(473, 243, NULL, 73, '08:56:21 02-06-2021'),
(474, 404, NULL, 74, '23:05:29 31-01-2017'),
(475, 124, NULL, 75, '03:58:37 30-09-2021'),
(476, 468, NULL, 76, '04:16:22 21-03-2022'),
(477, 443, NULL, 77, '21:40:15 26-12-2022'),
(478, 318, NULL, 78, '15:30:31 26-03-2020'),
(479, 46, NULL, 79, '22:07:40 03-04-2019'),
(480, 373, NULL, 80, '11:41:12 09-06-2020'),
(481, 390, NULL, 81, '09:22:03 08-04-2022'),
(482, 167, NULL, 82, '12:45:19 30-06-2021'),
(483, 495, NULL, 83, '14:26:55 09-12-2020'),
(484, 174, NULL, 84, '19:26:55 21-10-2023'),
(485, 448, NULL, 85, '18:37:20 07-12-2020'),
(486, 332, NULL, 86, '23:31:01 16-01-2018'),
(487, 360, NULL, 87, '21:11:33 20-08-2016'),
(488, 373, NULL, 88, '01:28:15 27-02-2019'),
(489, 70, NULL, 89, '05:39:36 23-12-2017'),
(490, 386, NULL, 90, '12:35:31 23-05-2017'),
(491, 45, NULL, 91, '01:41:57 16-02-2015'),
(492, 136, NULL, 92, '13:00:29 23-01-2021'),
(493, 218, NULL, 93, '17:38:52 17-01-2020'),
(494, 140, NULL, 94, '17:11:05 17-01-2024'),
(495, 278, NULL, 95, '01:08:55 08-11-2015'),
(496, 84, NULL, 96, '14:36:21 26-04-2018'),
(497, 473, NULL, 97, '11:24:00 12-01-2023'),
(498, 531, NULL, 98, '14:10:26 05-11-2019'),
(499, 137, NULL, 99, '04:37:07 15-04-2021'),
(500, 68, NULL, 100, '04:39:56 07-06-2019');

-- --------------------------------------------------------

--
-- Struktura tabeli dla tabeli `wysylka_cykliczna`
--

CREATE TABLE `wysylka_cykliczna` (
  `id_wysylki_cyklicznej` int(7) NOT NULL,
  `id_klienta_detalicznego` int(7) DEFAULT NULL,
  `id_klienta_hurtowego` int(7) DEFAULT NULL,
  `data` varchar(19) DEFAULT NULL,
  `interwal` int(3) DEFAULT NULL
) ENGINE=InnoDB DEFAULT CHARSET=utf8mb4 COLLATE=utf8mb4_general_ci;

--
-- Dumping data for table `wysylka_cykliczna`
--

INSERT INTO `wysylka_cykliczna` (`id_wysylki_cyklicznej`, `id_klienta_detalicznego`, `id_klienta_hurtowego`, `data`, `interwal`) VALUES
(1, NULL, 672, '23:08:59 14-02-2019', 336),
(2, NULL, 630, '10:18:44 08-11-2020', 36),
(3, NULL, 673, '02:54:21 09-03-2022', 282),
(4, NULL, 708, '17:00:31 22-03-2015', 278),
(5, NULL, 585, '02:10:34 13-02-2015', 318),
(6, NULL, 621, '15:04:24 18-01-2015', 189),
(7, NULL, 552, '17:06:04 29-12-2016', 343),
(8, NULL, 637, '06:03:35 03-12-2023', 80),
(9, NULL, 570, '03:54:15 03-09-2017', 200),
(10, NULL, 718, '12:23:42 11-06-2022', 117),
(11, NULL, 688, '04:34:44 23-09-2016', 5),
(12, NULL, 660, '20:26:22 09-12-2020', 307),
(13, NULL, 659, '09:44:31 08-04-2020', 231),
(14, NULL, 694, '21:13:10 05-08-2022', 128),
(15, NULL, 685, '08:07:27 10-03-2022', 343),
(16, NULL, 560, '07:17:18 15-02-2016', 199),
(17, NULL, 741, '05:17:29 01-03-2018', 147),
(18, NULL, 651, '12:47:48 26-03-2018', 37),
(19, NULL, 553, '09:20:12 10-09-2018', 239),
(20, NULL, 735, '14:35:38 18-01-2021', 229),
(21, NULL, 587, '10:33:59 07-05-2021', 325),
(22, NULL, 653, '20:49:59 24-09-2016', 26),
(23, NULL, 638, '08:00:53 03-12-2020', 234),
(24, NULL, 546, '12:55:59 04-08-2020', 259),
(25, NULL, 720, '00:02:25 04-06-2018', 54),
(26, NULL, 622, '11:06:42 13-01-2021', 260),
(27, NULL, 659, '23:49:42 12-03-2018', 66),
(28, NULL, 581, '13:24:49 23-05-2020', 29),
(29, NULL, 548, '03:26:35 30-07-2023', 198),
(30, NULL, 689, '17:52:17 21-02-2017', 169),
(31, NULL, 627, '00:53:09 14-04-2016', 257),
(32, NULL, 623, '15:45:13 16-01-2021', 104),
(33, NULL, 551, '23:43:39 31-12-2019', 277),
(34, NULL, 561, '12:06:20 12-01-2017', 34),
(35, NULL, 624, '12:33:50 09-01-2021', 154),
(36, NULL, 559, '10:33:16 28-04-2020', 166),
(37, NULL, 633, '04:58:05 17-10-2019', 327),
(38, NULL, 694, '11:15:35 18-03-2016', 134),
(39, NULL, 654, '12:25:47 04-04-2022', 29),
(40, NULL, 709, '16:40:46 23-10-2022', 288),
(41, NULL, 720, '14:45:41 03-05-2015', 134),
(42, NULL, 687, '12:32:23 19-12-2016', 103),
(43, NULL, 627, '16:26:52 28-04-2020', 323),
(44, NULL, 721, '14:28:27 10-08-2019', 85),
(45, NULL, 693, '06:41:57 11-11-2016', 140),
(46, NULL, 552, '12:52:35 25-10-2019', 85),
(47, NULL, 614, '12:58:27 05-10-2020', 306),
(48, NULL, 574, '00:25:18 03-11-2021', 268),
(49, NULL, 629, '16:53:22 27-10-2018', 286),
(50, NULL, 708, '21:54:56 09-03-2021', 17),
(51, 205, NULL, '07:38:54 13-06-2015', 164),
(52, 112, NULL, '07:37:27 05-03-2023', 186),
(53, 147, NULL, '02:39:08 07-02-2021', 310),
(54, 76, NULL, '00:37:14 27-09-2020', 363),
(55, 326, NULL, '02:41:07 03-11-2023', 140),
(56, 319, NULL, '06:04:58 11-05-2023', 73),
(57, 194, NULL, '16:15:15 28-08-2016', 352),
(58, 467, NULL, '12:32:10 08-01-2018', 53),
(59, 457, NULL, '12:42:15 03-03-2020', 82),
(60, 174, NULL, '01:59:25 09-01-2022', 18),
(61, 525, NULL, '06:15:59 01-03-2020', 141),
(62, 430, NULL, '07:07:41 28-10-2015', 12),
(63, 364, NULL, '04:02:38 21-01-2018', 81),
(64, 183, NULL, '07:32:38 23-03-2016', 234),
(65, 264, NULL, '01:54:23 14-03-2018', 29),
(66, 270, NULL, '23:14:19 07-10-2015', 159),
(67, 330, NULL, '18:26:55 15-04-2019', 85),
(68, 474, NULL, '12:48:17 18-07-2015', 349),
(69, 51, NULL, '08:51:50 07-07-2020', 78),
(70, 300, NULL, '19:05:12 29-03-2016', 233),
(71, 493, NULL, '22:51:11 27-02-2016', 144),
(72, 272, NULL, '12:37:17 07-09-2016', 28),
(73, 243, NULL, '08:56:21 02-06-2021', 185),
(74, 404, NULL, '23:05:29 31-01-2017', 351),
(75, 124, NULL, '03:58:37 30-09-2021', 243),
(76, 468, NULL, '04:16:22 21-03-2022', 228),
(77, 443, NULL, '21:40:15 26-12-2022', 120),
(78, 318, NULL, '15:30:31 26-03-2020', 124),
(79, 46, NULL, '22:07:40 03-04-2019', 311),
(80, 373, NULL, '11:41:12 09-06-2020', 98),
(81, 390, NULL, '09:22:03 08-04-2022', 178),
(82, 167, NULL, '12:45:19 30-06-2021', 303),
(83, 495, NULL, '14:26:55 09-12-2020', 217),
(84, 174, NULL, '19:26:55 21-10-2023', 236),
(85, 448, NULL, '18:37:20 07-12-2020', 88),
(86, 332, NULL, '23:31:01 16-01-2018', 352),
(87, 360, NULL, '21:11:33 20-08-2016', 364),
(88, 373, NULL, '01:28:15 27-02-2019', 114),
(89, 70, NULL, '05:39:36 23-12-2017', 207),
(90, 386, NULL, '12:35:31 23-05-2017', 92),
(91, 45, NULL, '01:41:57 16-02-2015', 200),
(92, 136, NULL, '13:00:29 23-01-2021', 150),
(93, 218, NULL, '17:38:52 17-01-2020', 13),
(94, 140, NULL, '17:11:05 17-01-2024', 14),
(95, 278, NULL, '01:08:55 08-11-2015', 336),
(96, 84, NULL, '14:36:21 26-04-2018', 349),
(97, 473, NULL, '11:24:00 12-01-2023', 153),
(98, 531, NULL, '14:10:26 05-11-2019', 131),
(99, 137, NULL, '04:37:07 15-04-2021', 17),
(100, 68, NULL, '04:39:56 07-06-2019', 38);

-- --------------------------------------------------------

--
-- Struktura tabeli dla tabeli `wysylka_towar`
--

CREATE TABLE `wysylka_towar` (
  `id_towaru` int(7) NOT NULL,
  `id_wysylki` int(7) NOT NULL,
  `ilosc` int(7) DEFAULT NULL
) ENGINE=InnoDB DEFAULT CHARSET=utf8mb4 COLLATE=utf8mb4_general_ci;

--
-- Dumping data for table `wysylka_towar`
--

INSERT INTO `wysylka_towar` (`id_towaru`, `id_wysylki`, `ilosc`) VALUES
(1, 15, 30),
(1, 71, 178),
(1, 85, 47),
(1, 98, 171),
(1, 114, 325),
(1, 116, 437),
(1, 157, 145),
(1, 166, 227),
(1, 168, 305),
(1, 171, 487),
(1, 182, 288),
(1, 218, 327),
(1, 236, 237),
(1, 258, 398),
(1, 261, 238),
(1, 275, 201),
(1, 288, 220),
(1, 322, 340),
(1, 330, 247),
(1, 336, 43),
(1, 355, 102),
(1, 382, 103),
(1, 384, 130),
(1, 395, 332),
(1, 400, 203),
(1, 424, 474),
(1, 428, 120),
(1, 445, 223),
(1, 447, 337),
(1, 462, 116),
(2, 20, 132),
(2, 32, 486),
(2, 49, 270),
(2, 51, 444),
(2, 61, 55),
(2, 62, 116),
(2, 63, 253),
(2, 88, 143),
(2, 122, 42),
(2, 138, 81),
(2, 142, 296),
(2, 145, 283),
(2, 156, 418),
(2, 172, 438),
(2, 197, 244),
(2, 207, 55),
(2, 230, 99),
(2, 246, 346),
(2, 248, 250),
(2, 251, 417),
(2, 255, 445),
(2, 272, 258),
(2, 319, 487),
(2, 329, 322),
(2, 334, 401),
(2, 346, 10),
(2, 347, 94),
(2, 375, 488),
(2, 379, 174),
(2, 388, 83),
(2, 396, 201),
(2, 401, 91),
(2, 457, 14),
(2, 475, 282),
(2, 480, 167),
(2, 482, 86),
(3, 16, 346),
(3, 77, 265),
(3, 95, 410),
(3, 103, 311),
(3, 124, 463),
(3, 126, 275),
(3, 150, 251),
(3, 170, 387),
(3, 187, 196),
(3, 191, 406),
(3, 197, 480),
(3, 199, 114),
(3, 222, 75),
(3, 223, 267),
(3, 239, 358),
(3, 265, 488),
(3, 269, 388),
(3, 274, 406),
(3, 286, 171),
(3, 356, 11),
(3, 372, 377),
(3, 378, 129),
(3, 393, 216),
(3, 418, 491),
(3, 458, 132),
(3, 463, 313),
(3, 468, 68),
(3, 472, 88),
(3, 473, 89),
(4, 2, 300),
(4, 52, 143),
(4, 66, 455),
(4, 70, 35),
(4, 73, 342),
(4, 78, 107),
(4, 96, 177),
(4, 132, 205),
(4, 143, 348),
(4, 189, 36),
(4, 196, 210),
(4, 233, 19),
(4, 276, 63),
(4, 281, 138),
(4, 285, 400),
(4, 301, 60),
(4, 307, 50),
(4, 308, 487),
(4, 315, 113),
(4, 320, 291),
(4, 328, 62),
(4, 342, 411),
(4, 405, 99),
(4, 413, 277),
(4, 421, 187),
(4, 432, 468),
(4, 438, 176),
(4, 442, 482),
(5, 3, 335),
(5, 38, 200),
(5, 40, 212),
(5, 58, 437),
(5, 69, 104),
(5, 74, 409),
(5, 83, 419),
(5, 90, 303),
(5, 93, 272),
(5, 106, 452),
(5, 109, 60),
(5, 110, 163),
(5, 136, 182),
(5, 153, 305),
(5, 176, 445),
(5, 187, 25),
(5, 198, 333),
(5, 213, 22),
(5, 261, 227),
(5, 263, 417),
(5, 318, 12),
(5, 327, 93),
(5, 344, 297),
(5, 412, 213),
(5, 422, 352),
(5, 440, 28),
(5, 451, 194),
(5, 469, 54),
(5, 486, 280),
(5, 490, 23),
(5, 500, 440),
(6, 45, 232),
(6, 54, 141),
(6, 65, 473),
(6, 69, 67),
(6, 133, 327),
(6, 138, 173),
(6, 141, 471),
(6, 149, 36),
(6, 180, 308),
(6, 192, 52),
(6, 216, 152),
(6, 238, 179),
(6, 240, 210),
(6, 241, 342),
(6, 243, 491),
(6, 271, 224),
(6, 290, 446),
(6, 292, 307),
(6, 304, 287),
(6, 317, 286),
(6, 324, 212),
(6, 325, 218),
(6, 340, 246),
(6, 347, 274),
(6, 388, 421),
(6, 408, 249),
(6, 422, 142),
(6, 453, 111),
(6, 476, 222),
(6, 492, 162),
(6, 494, 267),
(6, 496, 85),
(7, 11, 471),
(7, 25, 356),
(7, 35, 80),
(7, 44, 254),
(7, 48, 489),
(7, 84, 159),
(7, 87, 278),
(7, 101, 372),
(7, 121, 482),
(7, 135, 353),
(7, 173, 50),
(7, 210, 183),
(7, 215, 425),
(7, 232, 142),
(7, 277, 104),
(7, 296, 67),
(7, 355, 152),
(7, 357, 69),
(7, 359, 217),
(7, 364, 206),
(7, 381, 373),
(7, 383, 146),
(7, 394, 478),
(7, 396, 368),
(7, 411, 492),
(7, 431, 39),
(7, 435, 306),
(7, 459, 499),
(7, 488, 75),
(7, 498, 446),
(8, 7, 183),
(8, 8, 434),
(8, 17, 463),
(8, 31, 361),
(8, 56, 401),
(8, 68, 294),
(8, 97, 78),
(8, 139, 488),
(8, 148, 108),
(8, 156, 23),
(8, 163, 83),
(8, 174, 231),
(8, 184, 440),
(8, 193, 493),
(8, 205, 147),
(8, 217, 368),
(8, 345, 239),
(8, 372, 484),
(8, 375, 451),
(8, 387, 213),
(8, 413, 235),
(8, 416, 334),
(8, 423, 359),
(8, 448, 354),
(8, 449, 431),
(8, 461, 311),
(8, 464, 364),
(8, 465, 122),
(8, 469, 41),
(8, 483, 340),
(8, 492, 200),
(9, 23, 43),
(9, 24, 156),
(9, 26, 75),
(9, 59, 85),
(9, 99, 358),
(9, 100, 481),
(9, 125, 486),
(9, 130, 357),
(9, 158, 39),
(9, 179, 92),
(9, 193, 203),
(9, 211, 53),
(9, 234, 264),
(9, 294, 18),
(9, 376, 53),
(9, 417, 369),
(9, 433, 126),
(9, 452, 174),
(9, 474, 58),
(9, 477, 250),
(9, 497, 498),
(10, 16, 385),
(10, 34, 22),
(10, 64, 315),
(10, 73, 93),
(10, 79, 377),
(10, 87, 335),
(10, 161, 84),
(10, 165, 44),
(10, 167, 456),
(10, 173, 207),
(10, 195, 445),
(10, 200, 106),
(10, 227, 428),
(10, 242, 152),
(10, 244, 436),
(10, 264, 242),
(10, 267, 257),
(10, 300, 249),
(10, 331, 449),
(10, 338, 106),
(10, 350, 352),
(10, 369, 91),
(10, 373, 11),
(10, 384, 498),
(10, 391, 277),
(10, 398, 54),
(10, 399, 490),
(10, 458, 432),
(10, 487, 382),
(11, 6, 474),
(11, 39, 180),
(11, 50, 489),
(11, 66, 159),
(11, 67, 389),
(11, 71, 337),
(11, 89, 24),
(11, 90, 218),
(11, 102, 64),
(11, 104, 130),
(11, 107, 83),
(11, 117, 207),
(11, 128, 350),
(11, 161, 302),
(11, 212, 133),
(11, 229, 380),
(11, 253, 10),
(11, 266, 72),
(11, 283, 343),
(11, 306, 420),
(11, 310, 345),
(11, 321, 177),
(11, 333, 335),
(11, 341, 247),
(11, 343, 325),
(11, 352, 416),
(11, 353, 311),
(11, 393, 432),
(11, 409, 46),
(11, 414, 223),
(11, 425, 499),
(11, 427, 421),
(11, 430, 430),
(11, 434, 242),
(11, 439, 336),
(11, 463, 257),
(11, 471, 52),
(11, 472, 281),
(12, 19, 390),
(12, 53, 482),
(12, 71, 265),
(12, 75, 256),
(12, 113, 348),
(12, 120, 194),
(12, 127, 251),
(12, 130, 491),
(12, 131, 472),
(12, 140, 154),
(12, 146, 259),
(12, 151, 370),
(12, 169, 448),
(12, 183, 146),
(12, 204, 478),
(12, 235, 92),
(12, 246, 490),
(12, 260, 96),
(12, 270, 10),
(12, 289, 450),
(12, 312, 439),
(12, 337, 407),
(12, 366, 258),
(12, 367, 88),
(12, 386, 64),
(12, 390, 106),
(12, 397, 407),
(12, 400, 131),
(12, 451, 265),
(12, 467, 468),
(12, 474, 290),
(12, 491, 457),
(12, 492, 162),
(13, 5, 413),
(13, 10, 455),
(13, 37, 186),
(13, 96, 490),
(13, 129, 431),
(13, 152, 275),
(13, 154, 20),
(13, 231, 379),
(13, 237, 61),
(13, 252, 60),
(13, 268, 488),
(13, 279, 36),
(13, 295, 230),
(13, 309, 277),
(13, 323, 366),
(13, 344, 32),
(13, 357, 172),
(13, 361, 106),
(13, 368, 132),
(13, 380, 138),
(13, 399, 244),
(13, 404, 187),
(13, 437, 112),
(13, 443, 30),
(13, 450, 143),
(13, 460, 201),
(13, 479, 340),
(13, 481, 218),
(13, 485, 86),
(13, 489, 326),
(14, 1, 86),
(14, 4, 122),
(14, 46, 217),
(14, 81, 217),
(14, 90, 221),
(14, 108, 76),
(14, 128, 429),
(14, 155, 146),
(14, 188, 476),
(14, 213, 368),
(14, 243, 381),
(14, 268, 115),
(14, 278, 439),
(14, 282, 321),
(14, 314, 453),
(14, 322, 248),
(14, 351, 233),
(14, 363, 246),
(14, 365, 264),
(14, 371, 498),
(14, 377, 489),
(14, 402, 420),
(14, 407, 267),
(14, 428, 199),
(14, 466, 446),
(14, 484, 265),
(15, 13, 251),
(15, 14, 46),
(15, 18, 482),
(15, 33, 400),
(15, 47, 458),
(15, 72, 41),
(15, 76, 232),
(15, 86, 337),
(15, 92, 278),
(15, 104, 230),
(15, 160, 337),
(15, 164, 14),
(15, 175, 105),
(15, 178, 87),
(15, 181, 182),
(15, 203, 140),
(15, 206, 25),
(15, 209, 357),
(15, 228, 451),
(15, 247, 495),
(15, 273, 154),
(15, 298, 432),
(15, 303, 74),
(15, 311, 200),
(15, 332, 50),
(15, 349, 30),
(15, 385, 138),
(15, 426, 183),
(15, 429, 218),
(15, 441, 89),
(15, 452, 237),
(16, 19, 106),
(16, 45, 224),
(16, 94, 475),
(16, 105, 233),
(16, 115, 383),
(16, 144, 334),
(16, 147, 439),
(16, 151, 275),
(16, 190, 178),
(16, 194, 33),
(16, 220, 394),
(16, 221, 37),
(16, 224, 34),
(16, 226, 53),
(16, 233, 321),
(16, 245, 369),
(16, 249, 354),
(16, 260, 477),
(16, 262, 380),
(16, 274, 45),
(16, 284, 254),
(16, 299, 79),
(16, 304, 428),
(16, 305, 124),
(16, 344, 177),
(16, 358, 103),
(16, 392, 240),
(16, 403, 18),
(16, 455, 399),
(17, 22, 29),
(17, 31, 315),
(17, 33, 43),
(17, 42, 214),
(17, 60, 158),
(17, 62, 339),
(17, 80, 31),
(17, 82, 471),
(17, 84, 45),
(17, 91, 450),
(17, 112, 346),
(17, 114, 280),
(17, 118, 110),
(17, 134, 447),
(17, 159, 263),
(17, 202, 257),
(17, 205, 149),
(17, 219, 405),
(17, 225, 300),
(17, 257, 369),
(17, 259, 201),
(17, 273, 57),
(17, 283, 459),
(17, 287, 444),
(17, 288, 293),
(17, 293, 40),
(17, 306, 385),
(17, 359, 124),
(17, 370, 332),
(17, 374, 123),
(17, 390, 231),
(17, 406, 318),
(17, 410, 312),
(17, 415, 415),
(17, 419, 380),
(17, 427, 164),
(17, 446, 359),
(17, 478, 192),
(17, 495, 231),
(18, 15, 254),
(18, 21, 73),
(18, 27, 64),
(18, 39, 324),
(18, 43, 83),
(18, 55, 260),
(18, 100, 422),
(18, 103, 463),
(18, 111, 27),
(18, 119, 303),
(18, 123, 229),
(18, 162, 30),
(18, 201, 293),
(18, 208, 463),
(18, 214, 198),
(18, 255, 191),
(18, 265, 407),
(18, 282, 81),
(18, 285, 311),
(18, 297, 258),
(18, 313, 315),
(18, 326, 359),
(18, 354, 481),
(18, 360, 448),
(18, 362, 463),
(18, 404, 494),
(18, 444, 324),
(18, 447, 409),
(18, 456, 33),
(18, 482, 115),
(18, 494, 230),
(19, 28, 316),
(19, 29, 77),
(19, 36, 192),
(19, 57, 13),
(19, 83, 110),
(19, 115, 193),
(19, 137, 388),
(19, 182, 462),
(19, 186, 321),
(19, 294, 121),
(19, 316, 76),
(19, 335, 452),
(19, 348, 74),
(19, 352, 281),
(19, 389, 468),
(19, 425, 339),
(19, 434, 397),
(19, 436, 285),
(19, 451, 298),
(19, 454, 115),
(19, 470, 144),
(19, 473, 414),
(19, 489, 378),
(19, 493, 12),
(19, 499, 132),
(19, 500, 465),
(20, 9, 347),
(20, 12, 324),
(20, 30, 476),
(20, 41, 247),
(20, 164, 498),
(20, 171, 491),
(20, 177, 170),
(20, 185, 85),
(20, 226, 455),
(20, 250, 175),
(20, 254, 433),
(20, 256, 267),
(20, 273, 48),
(20, 280, 234),
(20, 291, 374),
(20, 302, 76),
(20, 337, 10),
(20, 339, 144),
(20, 366, 252),
(20, 420, 198);

-- --------------------------------------------------------

--
-- Struktura tabeli dla tabeli `zadanie`
--

CREATE TABLE `zadanie` (
  `id_zadania` int(7) NOT NULL,
  `id_pracownika` int(7) NOT NULL,
  `id_kierownika` int(7) NOT NULL,
  `opis` varchar(300) DEFAULT NULL,
  `status` varchar(20) DEFAULT NULL
) ENGINE=InnoDB DEFAULT CHARSET=utf8mb4 COLLATE=utf8mb4_general_ci;

--
-- Dumping data for table `zadanie`
--

INSERT INTO `zadanie` (`id_zadania`, `id_pracownika`, `id_kierownika`, `opis`, `status`) VALUES
(1, 14, 11, 'remanent', 'wykonane'),
(2, 15, 13, 'zaladowanie towaru do wysylki', 'wykonane'),
(3, 16, 12, 'zaladowanie towaru do wysylki', 'anulowane'),
(4, 17, 12, 'zaladowanie towaru do wysylki', 'wykonane'),
(5, 18, 11, 'remanent', 'wykonane'),
(6, 19, 11, 'rozladowanie dostawy', 'oczekujace'),
(7, 20, 11, 'zaladowanie towaru do wysylki', 'wykonane'),
(8, 21, 12, 'zaladowanie towaru do wysylki', 'oczekujace'),
(9, 22, 12, 'remanent', 'anulowane'),
(10, 23, 13, 'rozladowanie dostawy', 'oczekujace'),
(11, 24, 13, 'remanent', 'wykonane'),
(12, 25, 11, 'rozladowanie dostawy', 'anulowane'),
(13, 26, 12, 'zaladowanie towaru do wysylki', 'wykonane'),
(14, 27, 11, 'rozladowanie dostawy', 'oczekujace'),
(15, 28, 13, 'zaladowanie towaru do wysylki', 'wykonane'),
(16, 14, 11, 'rozladowanie dostawy', 'anulowane'),
(17, 15, 12, 'remanent', 'anulowane'),
(18, 16, 11, 'remanent', 'anulowane'),
(19, 17, 13, 'rozladowanie dostawy', 'oczekujace'),
(20, 18, 13, 'zaladowanie towaru do wysylki', 'oczekujace'),
(21, 19, 11, 'rozladowanie dostawy', 'oczekujace'),
(22, 20, 12, 'remanent', 'wykonane'),
(23, 21, 13, 'zaladowanie towaru do wysylki', 'anulowane'),
(24, 22, 13, 'rozladowanie dostawy', 'oczekujace'),
(25, 23, 12, 'zaladowanie towaru do wysylki', 'anulowane'),
(26, 24, 11, 'zaladowanie towaru do wysylki', 'wykonane'),
(27, 25, 12, 'zaladowanie towaru do wysylki', 'wykonane'),
(28, 26, 13, 'rozladowanie dostawy', 'wykonane'),
(29, 27, 11, 'zaladowanie towaru do wysylki', 'wykonane'),
(30, 28, 11, 'zaladowanie towaru do wysylki', 'anulowane'),
(31, 14, 12, 'rozladowanie dostawy', 'wykonane'),
(32, 15, 12, 'zaladowanie towaru do wysylki', 'oczekujace'),
(33, 16, 11, 'rozladowanie dostawy', 'wykonane'),
(34, 17, 13, 'zaladowanie towaru do wysylki', 'anulowane'),
(35, 18, 11, 'zaladowanie towaru do wysylki', 'wykonane'),
(36, 19, 11, 'rozladowanie dostawy', 'wykonane'),
(37, 20, 12, 'zaladowanie towaru do wysylki', 'oczekujace'),
(38, 21, 11, 'zaladowanie towaru do wysylki', 'wykonane'),
(39, 22, 11, 'remanent', 'wykonane'),
(40, 23, 13, 'remanent', 'wykonane'),
(41, 24, 11, 'remanent', 'anulowane'),
(42, 25, 12, 'remanent', 'anulowane'),
(43, 26, 11, 'rozladowanie dostawy', 'anulowane'),
(44, 27, 13, 'zaladowanie towaru do wysylki', 'anulowane'),
(45, 28, 13, 'remanent', 'wykonane'),
(46, 14, 12, 'rozladowanie dostawy', 'anulowane'),
(47, 15, 12, 'remanent', 'wykonane'),
(48, 16, 12, 'remanent', 'anulowane'),
(49, 17, 12, 'rozladowanie dostawy', 'wykonane'),
(50, 18, 12, 'rozladowanie dostawy', 'oczekujace'),
(51, 19, 11, 'zaladowanie towaru do wysylki', 'wykonane'),
(52, 20, 11, 'remanent', 'anulowane'),
(53, 21, 12, 'remanent', 'oczekujace'),
(54, 22, 13, 'zaladowanie towaru do wysylki', 'anulowane'),
(55, 23, 12, 'remanent', 'anulowane'),
(56, 24, 12, 'rozladowanie dostawy', 'oczekujace'),
(57, 25, 12, 'rozladowanie dostawy', 'anulowane'),
(58, 26, 11, 'zaladowanie towaru do wysylki', 'wykonane'),
(59, 27, 12, 'remanent', 'oczekujace'),
(60, 28, 13, 'rozladowanie dostawy', 'anulowane'),
(61, 29, 39, 'doreczenie do nabywcy', 'oczekujace'),
(62, 30, 40, 'doreczenie do nabywcy', 'wykonane'),
(63, 31, 40, 'doreczenie do nabywcy', 'oczekujace'),
(64, 32, 40, 'doreczenie do nabywcy', 'wykonane'),
(65, 33, 40, 'doreczenie do nabywcy', 'anulowane'),
(66, 34, 40, 'doreczenie do nabywcy', 'oczekujace'),
(67, 35, 40, 'doreczenie do nabywcy', 'oczekujace'),
(68, 36, 39, 'doreczenie do nabywcy', 'oczekujace'),
(69, 37, 40, 'przewoz dostawy od producenta', 'oczekujace'),
(70, 38, 40, 'przewoz dostawy od producenta', 'wykonane'),
(71, 29, 40, 'doreczenie do nabywcy', 'wykonane'),
(72, 30, 39, 'doreczenie do nabywcy', 'oczekujace'),
(73, 31, 39, 'doreczenie do nabywcy', 'oczekujace'),
(74, 32, 39, 'doreczenie do nabywcy', 'anulowane'),
(75, 33, 40, 'doreczenie do nabywcy', 'oczekujace'),
(76, 34, 40, 'przewoz dostawy od producenta', 'anulowane'),
(77, 35, 40, 'doreczenie do nabywcy', 'wykonane'),
(78, 36, 39, 'doreczenie do nabywcy', 'oczekujace'),
(79, 37, 39, 'przewoz dostawy od producenta', 'wykonane'),
(80, 38, 39, 'doreczenie do nabywcy', 'anulowane');

-- --------------------------------------------------------

--
-- Struktura tabeli dla tabeli `zamowienie`
--

CREATE TABLE `zamowienie` (
  `id_zamowienia` int(7) NOT NULL,
  `id_klienta_detalicznego` int(7) DEFAULT NULL,
  `id_klienta_hurtowego` int(7) DEFAULT NULL,
  `data` varchar(19) DEFAULT NULL
) ENGINE=InnoDB DEFAULT CHARSET=utf8mb4 COLLATE=utf8mb4_general_ci;

--
-- Dumping data for table `zamowienie`
--

INSERT INTO `zamowienie` (`id_zamowienia`, `id_klienta_detalicznego`, `id_klienta_hurtowego`, `data`) VALUES
(1, 42, NULL, '18:06:30 18-03-2024'),
(2, 43, NULL, '13:51:51 16-10-2015'),
(3, 44, NULL, '09:17:19 29-12-2017'),
(4, 45, NULL, '12:04:44 10-04-2015'),
(5, 46, NULL, '17:42:01 06-04-2022'),
(6, 47, NULL, '03:24:29 22-12-2023'),
(7, 48, NULL, '01:49:53 20-02-2023'),
(8, 49, NULL, '02:57:13 08-05-2019'),
(9, 50, NULL, '00:43:44 27-03-2022'),
(10, 51, NULL, '15:29:12 22-02-2019'),
(11, 52, NULL, '14:57:01 27-01-2021'),
(12, 53, NULL, '19:17:31 17-06-2017'),
(13, 54, NULL, '02:51:46 31-08-2018'),
(14, 55, NULL, '11:38:25 13-06-2017'),
(15, 56, NULL, '07:38:06 03-04-2015'),
(16, 57, NULL, '12:17:40 20-01-2023'),
(17, 58, NULL, '02:12:20 04-08-2017'),
(18, 59, NULL, '06:58:27 17-10-2020'),
(19, 60, NULL, '00:50:18 25-12-2017'),
(20, 61, NULL, '11:38:59 26-02-2021'),
(21, 62, NULL, '15:07:14 28-06-2019'),
(22, 63, NULL, '20:48:57 26-03-2015'),
(23, 64, NULL, '17:32:55 16-05-2021'),
(24, 65, NULL, '16:51:24 14-11-2018'),
(25, 66, NULL, '07:59:12 09-07-2015'),
(26, 67, NULL, '14:06:17 14-08-2019'),
(27, 68, NULL, '23:06:37 29-12-2017'),
(28, 69, NULL, '02:47:24 15-01-2022'),
(29, 70, NULL, '19:29:55 09-04-2019'),
(30, 71, NULL, '05:05:26 10-09-2019'),
(31, 72, NULL, '14:15:21 18-11-2019'),
(32, 73, NULL, '18:16:36 27-08-2020'),
(33, 74, NULL, '23:30:09 11-05-2017'),
(34, 75, NULL, '18:06:17 13-08-2015'),
(35, 76, NULL, '21:38:50 16-10-2018'),
(36, 77, NULL, '22:38:36 08-03-2020'),
(37, 78, NULL, '08:04:38 19-07-2020'),
(38, 79, NULL, '19:24:11 19-01-2020'),
(39, 80, NULL, '09:27:59 30-08-2019'),
(40, 81, NULL, '03:26:04 22-12-2015'),
(41, 82, NULL, '02:22:08 29-03-2019'),
(42, 83, NULL, '11:14:03 29-12-2019'),
(43, 84, NULL, '13:47:54 19-11-2020'),
(44, 85, NULL, '08:49:57 20-08-2020'),
(45, 86, NULL, '16:25:01 03-06-2019'),
(46, 87, NULL, '10:37:58 13-01-2017'),
(47, 88, NULL, '20:53:29 09-09-2015'),
(48, 89, NULL, '20:53:21 21-05-2021'),
(49, 90, NULL, '21:43:03 29-12-2022'),
(50, 91, NULL, '00:44:06 30-06-2020'),
(51, 92, NULL, '15:18:40 02-01-2017'),
(52, 93, NULL, '09:13:51 27-03-2022'),
(53, 94, NULL, '09:50:16 16-07-2020'),
(54, 95, NULL, '07:47:36 09-12-2019'),
(55, 96, NULL, '19:07:33 19-10-2015'),
(56, 97, NULL, '03:53:58 08-01-2018'),
(57, 98, NULL, '20:10:45 11-05-2021'),
(58, 99, NULL, '13:54:28 23-09-2015'),
(59, 100, NULL, '10:17:04 03-02-2017'),
(60, 101, NULL, '02:28:55 25-11-2019'),
(61, 102, NULL, '17:02:57 05-12-2016'),
(62, 103, NULL, '11:08:17 25-09-2023'),
(63, 104, NULL, '19:44:47 25-02-2017'),
(64, 105, NULL, '02:31:57 17-08-2023'),
(65, 106, NULL, '18:40:00 24-01-2017'),
(66, 107, NULL, '04:24:42 03-09-2020'),
(67, 108, NULL, '06:08:10 18-01-2015'),
(68, 109, NULL, '04:12:21 24-07-2021'),
(69, 110, NULL, '16:37:42 03-07-2015'),
(70, 111, NULL, '05:21:36 13-01-2022'),
(71, 112, NULL, '23:13:36 29-06-2017'),
(72, 113, NULL, '15:23:17 03-04-2023'),
(73, 114, NULL, '22:09:49 14-06-2023'),
(74, 115, NULL, '14:20:42 30-11-2018'),
(75, 116, NULL, '22:30:02 14-10-2023'),
(76, 117, NULL, '18:20:55 21-06-2022'),
(77, 118, NULL, '21:54:56 01-05-2018'),
(78, 119, NULL, '06:53:57 15-09-2017'),
(79, 120, NULL, '22:00:40 13-02-2019'),
(80, 121, NULL, '12:55:47 07-04-2021'),
(81, 122, NULL, '04:39:07 27-12-2021'),
(82, 123, NULL, '14:48:50 15-03-2021'),
(83, 124, NULL, '00:54:36 11-06-2015'),
(84, 125, NULL, '19:14:12 03-12-2021'),
(85, 126, NULL, '14:13:21 26-09-2021'),
(86, 127, NULL, '14:22:59 02-10-2019'),
(87, 128, NULL, '02:11:28 20-01-2017'),
(88, 129, NULL, '09:23:50 02-08-2015'),
(89, 130, NULL, '10:44:38 10-01-2023'),
(90, 131, NULL, '19:26:21 29-06-2015'),
(91, 132, NULL, '03:36:02 05-05-2016'),
(92, 133, NULL, '01:07:59 17-11-2022'),
(93, 134, NULL, '12:43:06 18-05-2020'),
(94, 135, NULL, '07:38:54 08-12-2017'),
(95, 136, NULL, '07:13:18 15-09-2018'),
(96, 137, NULL, '11:55:58 11-06-2022'),
(97, 138, NULL, '17:31:41 11-12-2020'),
(98, 139, NULL, '13:57:11 31-08-2020'),
(99, 140, NULL, '17:50:55 22-07-2020'),
(100, 141, NULL, '08:59:24 25-11-2020'),
(101, 142, NULL, '23:51:42 22-08-2020'),
(102, 143, NULL, '05:56:04 22-09-2021'),
(103, 144, NULL, '17:24:27 19-01-2022'),
(104, 145, NULL, '17:06:36 01-04-2023'),
(105, 146, NULL, '02:41:04 11-12-2018'),
(106, 147, NULL, '06:17:44 13-11-2021'),
(107, 148, NULL, '21:45:28 19-11-2022'),
(108, 149, NULL, '00:28:33 18-02-2024'),
(109, 150, NULL, '10:25:24 23-03-2019'),
(110, 151, NULL, '06:51:57 22-03-2019'),
(111, 152, NULL, '07:39:10 15-11-2023'),
(112, 153, NULL, '09:13:43 09-02-2017'),
(113, 154, NULL, '17:10:39 25-05-2015'),
(114, 155, NULL, '05:37:57 05-10-2016'),
(115, 156, NULL, '06:28:49 19-01-2018'),
(116, 157, NULL, '08:28:46 10-03-2024'),
(117, 158, NULL, '09:44:39 18-12-2018'),
(118, 159, NULL, '06:21:45 19-11-2021'),
(119, 160, NULL, '09:41:27 02-11-2020'),
(120, 161, NULL, '23:33:00 03-12-2015'),
(121, 162, NULL, '01:58:10 06-12-2016'),
(122, 163, NULL, '22:14:12 10-06-2021'),
(123, 164, NULL, '00:46:01 23-02-2018'),
(124, 165, NULL, '23:12:41 31-10-2020'),
(125, 166, NULL, '19:52:59 26-12-2022'),
(126, 167, NULL, '04:01:17 12-05-2021'),
(127, 168, NULL, '06:46:10 07-06-2022'),
(128, 169, NULL, '11:25:12 03-07-2016'),
(129, 170, NULL, '20:23:17 05-01-2020'),
(130, 171, NULL, '20:47:25 03-04-2023'),
(131, 172, NULL, '21:39:44 27-12-2020'),
(132, 173, NULL, '16:34:17 02-11-2016'),
(133, 174, NULL, '04:35:32 30-06-2023'),
(134, 175, NULL, '09:53:03 19-01-2019'),
(135, 176, NULL, '11:22:00 31-07-2015'),
(136, 177, NULL, '08:47:27 02-04-2020'),
(137, 178, NULL, '17:07:12 27-11-2015'),
(138, 179, NULL, '09:30:48 16-10-2023'),
(139, 180, NULL, '05:37:12 30-10-2023'),
(140, 181, NULL, '11:00:26 31-07-2022'),
(141, 182, NULL, '22:23:07 11-06-2019'),
(142, 183, NULL, '17:50:58 29-12-2018'),
(143, 184, NULL, '07:34:02 25-02-2024'),
(144, 185, NULL, '07:05:21 06-11-2019'),
(145, 186, NULL, '07:30:28 17-02-2020'),
(146, 187, NULL, '08:22:44 22-11-2015'),
(147, 188, NULL, '07:14:43 28-02-2023'),
(148, 189, NULL, '21:33:36 17-07-2022'),
(149, 190, NULL, '10:37:51 07-06-2017'),
(150, 191, NULL, '08:15:22 24-07-2016'),
(151, 192, NULL, '04:31:10 01-03-2015'),
(152, 193, NULL, '03:52:26 28-09-2015'),
(153, 194, NULL, '07:48:43 12-11-2020'),
(154, 195, NULL, '12:48:44 13-02-2018'),
(155, 196, NULL, '07:21:34 22-12-2016'),
(156, 197, NULL, '10:33:41 01-06-2023'),
(157, 198, NULL, '02:24:08 18-11-2020'),
(158, 199, NULL, '16:01:11 25-12-2021'),
(159, 200, NULL, '05:37:25 03-04-2015'),
(160, 201, NULL, '16:54:39 29-06-2015'),
(161, 202, NULL, '11:25:15 03-03-2024'),
(162, 203, NULL, '12:49:32 04-12-2021'),
(163, 204, NULL, '02:05:20 07-11-2020'),
(164, 205, NULL, '07:48:25 15-02-2017'),
(165, 206, NULL, '09:07:31 10-12-2015'),
(166, 207, NULL, '06:11:17 09-09-2015'),
(167, 208, NULL, '11:50:53 17-01-2021'),
(168, 209, NULL, '10:08:12 29-07-2021'),
(169, 210, NULL, '01:43:46 20-12-2017'),
(170, 211, NULL, '21:07:50 16-12-2023'),
(171, 212, NULL, '16:44:49 21-12-2021'),
(172, 213, NULL, '12:19:35 25-02-2023'),
(173, 214, NULL, '14:21:31 27-08-2020'),
(174, 215, NULL, '16:39:53 14-03-2021'),
(175, 216, NULL, '08:15:56 07-09-2017'),
(176, 217, NULL, '04:34:36 05-06-2017'),
(177, 218, NULL, '22:04:25 14-02-2016'),
(178, 219, NULL, '23:24:25 13-08-2023'),
(179, 220, NULL, '14:43:25 03-10-2021'),
(180, 221, NULL, '06:04:34 19-07-2016'),
(181, 222, NULL, '08:40:48 20-10-2016'),
(182, 223, NULL, '16:00:57 07-03-2015'),
(183, 224, NULL, '05:21:35 27-06-2015'),
(184, 225, NULL, '23:17:14 20-08-2019'),
(185, 226, NULL, '13:09:05 28-10-2018'),
(186, 227, NULL, '10:29:41 02-02-2024'),
(187, 228, NULL, '10:38:48 19-05-2021'),
(188, 229, NULL, '02:14:04 04-09-2020'),
(189, 230, NULL, '02:06:23 17-08-2015'),
(190, 231, NULL, '08:18:18 28-06-2020'),
(191, 232, NULL, '10:47:53 05-02-2022'),
(192, 233, NULL, '10:06:57 02-02-2022'),
(193, 234, NULL, '05:30:55 02-05-2020'),
(194, 235, NULL, '17:03:21 23-12-2016'),
(195, 236, NULL, '11:50:30 25-03-2024'),
(196, 237, NULL, '16:03:53 01-11-2015'),
(197, 238, NULL, '07:15:23 28-09-2018'),
(198, 239, NULL, '05:29:29 10-08-2020'),
(199, 240, NULL, '17:02:51 26-03-2024'),
(200, 241, NULL, '19:31:03 15-12-2019'),
(201, 242, NULL, '02:33:55 29-06-2016'),
(202, 243, NULL, '18:42:13 24-10-2021'),
(203, 244, NULL, '06:07:13 17-06-2017'),
(204, 245, NULL, '23:29:26 14-07-2015'),
(205, 246, NULL, '01:30:44 11-11-2019'),
(206, 247, NULL, '15:12:14 30-01-2020'),
(207, 248, NULL, '02:37:25 10-01-2020'),
(208, 249, NULL, '19:53:15 12-12-2020'),
(209, 250, NULL, '21:20:32 26-03-2021'),
(210, 251, NULL, '04:33:58 03-07-2020'),
(211, 252, NULL, '15:54:28 13-07-2022'),
(212, 253, NULL, '10:54:57 15-09-2017'),
(213, 254, NULL, '17:08:45 28-05-2020'),
(214, 255, NULL, '02:29:21 24-10-2017'),
(215, 256, NULL, '07:51:10 07-05-2022'),
(216, 257, NULL, '22:40:04 13-07-2023'),
(217, 258, NULL, '12:23:46 16-05-2015'),
(218, 259, NULL, '02:43:25 02-01-2022'),
(219, 260, NULL, '15:19:36 06-12-2022'),
(220, 261, NULL, '00:26:58 29-08-2017'),
(221, 262, NULL, '22:51:54 21-03-2023'),
(222, 263, NULL, '18:28:58 12-02-2015'),
(223, 264, NULL, '20:43:13 12-08-2022'),
(224, 265, NULL, '03:55:37 30-08-2019'),
(225, 266, NULL, '10:01:31 07-03-2022'),
(226, 267, NULL, '22:41:22 29-06-2020'),
(227, 268, NULL, '21:47:55 06-08-2022'),
(228, 269, NULL, '03:09:51 27-02-2022'),
(229, 270, NULL, '02:11:38 08-02-2016'),
(230, 271, NULL, '05:03:14 03-03-2015'),
(231, 272, NULL, '16:48:33 30-01-2015'),
(232, 273, NULL, '00:45:45 10-12-2016'),
(233, 274, NULL, '14:26:36 27-09-2015'),
(234, 275, NULL, '16:11:08 04-01-2015'),
(235, 276, NULL, '16:24:47 31-05-2021'),
(236, 277, NULL, '02:52:51 04-01-2020'),
(237, 278, NULL, '21:19:14 22-07-2016'),
(238, 279, NULL, '08:33:01 30-06-2021'),
(239, 280, NULL, '15:25:23 18-05-2020'),
(240, 281, NULL, '22:56:24 19-02-2016'),
(241, 282, NULL, '04:21:01 13-07-2021'),
(242, 283, NULL, '02:04:15 28-03-2016'),
(243, 284, NULL, '22:11:44 28-12-2019'),
(244, 285, NULL, '11:50:04 25-12-2022'),
(245, 286, NULL, '05:16:01 26-11-2022'),
(246, 287, NULL, '07:28:53 29-11-2016'),
(247, 288, NULL, '19:26:53 29-06-2017'),
(248, 289, NULL, '16:18:29 22-03-2016'),
(249, 290, NULL, '06:53:11 17-09-2018'),
(250, 291, NULL, '23:44:07 15-10-2017'),
(251, 292, NULL, '21:56:36 14-11-2019'),
(252, 293, NULL, '22:59:54 21-06-2022'),
(253, 294, NULL, '23:45:18 16-10-2021'),
(254, 295, NULL, '22:20:50 04-02-2021'),
(255, 296, NULL, '23:33:06 21-07-2015'),
(256, 297, NULL, '15:52:54 13-08-2015'),
(257, 298, NULL, '19:23:38 30-10-2017'),
(258, 299, NULL, '06:42:10 30-11-2022'),
(259, 300, NULL, '14:52:36 16-07-2023'),
(260, 301, NULL, '03:34:34 13-02-2024'),
(261, 302, NULL, '16:07:34 12-04-2015'),
(262, 303, NULL, '11:41:13 17-03-2021'),
(263, 304, NULL, '20:27:57 26-12-2019'),
(264, 305, NULL, '07:21:00 06-06-2021'),
(265, 306, NULL, '08:08:06 19-02-2019'),
(266, 307, NULL, '17:18:18 19-01-2020'),
(267, 308, NULL, '23:39:16 20-09-2019'),
(268, 309, NULL, '21:44:49 25-11-2019'),
(269, 310, NULL, '23:11:20 15-09-2017'),
(270, 311, NULL, '04:34:00 11-12-2015'),
(271, 312, NULL, '11:44:17 20-04-2023'),
(272, 313, NULL, '21:55:48 18-08-2021'),
(273, 314, NULL, '05:39:17 25-10-2022'),
(274, 315, NULL, '02:28:16 24-10-2017'),
(275, 316, NULL, '18:14:42 09-05-2018'),
(276, 317, NULL, '06:50:32 24-06-2016'),
(277, 318, NULL, '11:23:49 25-04-2022'),
(278, 319, NULL, '11:56:20 07-08-2016'),
(279, 320, NULL, '23:53:42 16-10-2019'),
(280, 321, NULL, '20:22:59 21-06-2021'),
(281, 322, NULL, '00:17:52 08-03-2023'),
(282, 323, NULL, '11:49:41 28-04-2017'),
(283, 324, NULL, '04:20:40 29-01-2018'),
(284, 325, NULL, '21:27:28 06-11-2020'),
(285, 326, NULL, '15:14:25 28-09-2015'),
(286, 327, NULL, '06:05:52 28-10-2023'),
(287, 328, NULL, '00:18:58 28-05-2023'),
(288, 329, NULL, '21:21:57 14-05-2019'),
(289, 330, NULL, '01:42:45 03-12-2015'),
(290, 331, NULL, '07:34:35 01-07-2017'),
(291, 332, NULL, '21:11:49 12-01-2024'),
(292, 333, NULL, '12:15:25 07-03-2015'),
(293, 334, NULL, '03:54:32 11-09-2022'),
(294, 335, NULL, '18:49:11 09-12-2018'),
(295, 336, NULL, '06:52:22 30-11-2020'),
(296, 337, NULL, '11:20:27 20-04-2021'),
(297, 338, NULL, '18:13:31 07-03-2016'),
(298, 339, NULL, '15:23:10 08-06-2023'),
(299, 340, NULL, '21:27:09 09-02-2021'),
(300, 341, NULL, '01:27:26 17-10-2015'),
(301, 342, NULL, '16:23:03 27-08-2019'),
(302, 343, NULL, '16:01:25 22-06-2021'),
(303, 344, NULL, '00:37:12 17-10-2023'),
(304, 345, NULL, '16:47:27 05-08-2015'),
(305, 346, NULL, '02:45:17 28-10-2017'),
(306, 347, NULL, '09:26:14 24-03-2015'),
(307, 348, NULL, '03:09:43 20-03-2016'),
(308, 349, NULL, '10:15:17 11-05-2018'),
(309, 350, NULL, '04:58:32 17-04-2019'),
(310, 351, NULL, '07:08:35 13-09-2019'),
(311, 352, NULL, '09:46:20 20-11-2019'),
(312, 353, NULL, '06:13:09 27-10-2018'),
(313, 354, NULL, '14:47:06 05-03-2017'),
(314, 355, NULL, '00:30:12 02-04-2016'),
(315, 356, NULL, '17:49:09 07-11-2022'),
(316, 357, NULL, '20:35:47 04-02-2024'),
(317, 358, NULL, '11:52:30 22-11-2017'),
(318, 359, NULL, '15:20:56 05-02-2023'),
(319, 360, NULL, '14:29:05 01-12-2016'),
(320, 361, NULL, '07:05:56 25-09-2018'),
(321, 362, NULL, '12:42:30 24-03-2020'),
(322, 363, NULL, '15:57:28 29-10-2022'),
(323, 364, NULL, '22:18:24 21-08-2018'),
(324, 365, NULL, '04:11:34 11-03-2018'),
(325, 366, NULL, '15:03:34 04-07-2016'),
(326, 367, NULL, '03:30:26 19-06-2023'),
(327, 368, NULL, '08:13:57 03-01-2020'),
(328, 369, NULL, '10:37:12 08-10-2017'),
(329, 370, NULL, '15:37:56 14-05-2019'),
(330, 371, NULL, '14:59:06 05-04-2021'),
(331, 372, NULL, '20:48:19 01-11-2021'),
(332, 373, NULL, '05:21:07 16-03-2023'),
(333, 374, NULL, '12:07:05 23-08-2021'),
(334, 375, NULL, '18:17:29 30-03-2021'),
(335, 376, NULL, '20:31:43 11-04-2017'),
(336, 377, NULL, '04:45:13 01-02-2015'),
(337, 378, NULL, '00:05:11 11-10-2017'),
(338, 379, NULL, '11:31:22 06-08-2021'),
(339, 380, NULL, '23:25:43 01-11-2017'),
(340, 381, NULL, '08:15:22 17-06-2016'),
(341, 382, NULL, '22:56:26 29-10-2017'),
(342, 383, NULL, '08:27:24 12-04-2021'),
(343, 384, NULL, '18:23:43 18-09-2019'),
(344, 385, NULL, '13:48:40 13-09-2021'),
(345, 386, NULL, '18:18:44 19-10-2018'),
(346, 387, NULL, '02:11:47 17-07-2019'),
(347, 388, NULL, '09:24:27 29-09-2022'),
(348, 389, NULL, '04:12:38 30-04-2016'),
(349, 390, NULL, '14:24:12 08-06-2022'),
(350, 391, NULL, '07:22:55 12-02-2017'),
(351, 392, NULL, '00:57:37 09-07-2017'),
(352, 393, NULL, '17:01:14 11-03-2019'),
(353, 394, NULL, '07:34:57 13-08-2022'),
(354, 395, NULL, '13:37:41 22-10-2018'),
(355, 396, NULL, '05:48:23 26-08-2022'),
(356, 397, NULL, '11:16:17 23-10-2019'),
(357, 398, NULL, '21:48:33 11-12-2015'),
(358, 399, NULL, '00:20:51 02-03-2023'),
(359, 400, NULL, '18:55:31 02-07-2016'),
(360, 401, NULL, '14:16:11 07-03-2024'),
(361, 402, NULL, '16:11:53 16-08-2017'),
(362, 403, NULL, '21:46:58 10-02-2024'),
(363, 404, NULL, '00:04:47 01-11-2015'),
(364, 405, NULL, '02:12:53 07-12-2023'),
(365, 406, NULL, '09:21:40 11-06-2021'),
(366, 407, NULL, '19:34:44 05-09-2019'),
(367, 408, NULL, '19:37:23 26-11-2019'),
(368, 409, NULL, '10:30:12 29-02-2016'),
(369, 410, NULL, '07:10:55 23-10-2021'),
(370, 411, NULL, '17:52:31 24-03-2016'),
(371, 412, NULL, '05:28:40 06-03-2019'),
(372, 413, NULL, '16:14:18 30-10-2023'),
(373, 414, NULL, '16:08:51 17-05-2023'),
(374, 415, NULL, '01:37:33 07-12-2021'),
(375, 416, NULL, '11:30:53 16-10-2019'),
(376, 417, NULL, '07:13:43 09-09-2019'),
(377, 418, NULL, '18:54:30 11-05-2019'),
(378, 419, NULL, '10:01:52 03-11-2017'),
(379, 420, NULL, '08:33:15 26-07-2020'),
(380, 421, NULL, '06:27:53 06-02-2017'),
(381, 422, NULL, '13:24:59 26-08-2016'),
(382, 423, NULL, '05:08:57 15-05-2018'),
(383, 424, NULL, '23:33:30 29-04-2022'),
(384, 425, NULL, '13:18:33 24-11-2018'),
(385, 426, NULL, '15:48:30 29-04-2019'),
(386, 427, NULL, '13:53:39 06-10-2023'),
(387, 428, NULL, '06:47:22 11-10-2016'),
(388, 429, NULL, '02:41:25 08-05-2018'),
(389, 430, NULL, '04:40:24 28-03-2023'),
(390, 431, NULL, '18:15:07 27-09-2017'),
(391, 432, NULL, '13:33:42 07-05-2018'),
(392, 433, NULL, '23:35:19 07-11-2018'),
(393, 434, NULL, '01:26:56 01-02-2016'),
(394, 435, NULL, '12:43:28 04-06-2021'),
(395, 436, NULL, '20:17:15 28-07-2018'),
(396, 437, NULL, '04:36:36 15-07-2018'),
(397, 438, NULL, '15:21:27 23-12-2018'),
(398, 439, NULL, '12:26:43 10-07-2020'),
(399, 440, NULL, '16:39:44 05-03-2016'),
(400, 441, NULL, '17:00:02 01-10-2019'),
(401, 442, NULL, '07:12:16 01-03-2021'),
(402, 443, NULL, '16:29:08 10-10-2015'),
(403, 444, NULL, '16:30:18 09-12-2018'),
(404, 445, NULL, '09:41:27 15-06-2023'),
(405, 446, NULL, '07:22:35 15-03-2017'),
(406, 447, NULL, '13:46:37 27-12-2020'),
(407, 448, NULL, '12:59:14 02-07-2016'),
(408, 449, NULL, '23:16:44 02-11-2015'),
(409, 450, NULL, '12:22:37 08-05-2019'),
(410, 451, NULL, '14:43:52 07-04-2018'),
(411, 452, NULL, '13:03:36 07-04-2016'),
(412, 453, NULL, '09:39:46 13-12-2016'),
(413, 454, NULL, '12:03:01 28-05-2015'),
(414, 455, NULL, '21:55:03 13-08-2015'),
(415, 456, NULL, '20:01:20 26-05-2019'),
(416, 457, NULL, '15:00:35 09-07-2017'),
(417, 458, NULL, '01:32:10 23-12-2019'),
(418, 459, NULL, '04:28:38 06-09-2019'),
(419, 460, NULL, '03:42:03 02-02-2017'),
(420, 461, NULL, '08:11:20 24-04-2021'),
(421, 462, NULL, '18:26:16 20-09-2017'),
(422, 463, NULL, '14:54:54 18-12-2023'),
(423, 464, NULL, '22:02:43 10-10-2020'),
(424, 465, NULL, '03:28:15 04-11-2019'),
(425, 466, NULL, '22:13:10 02-07-2015'),
(426, 467, NULL, '19:32:41 17-08-2019'),
(427, 468, NULL, '19:17:22 07-06-2017'),
(428, 469, NULL, '03:39:24 25-11-2019'),
(429, 470, NULL, '09:50:38 04-02-2018'),
(430, 471, NULL, '02:09:28 28-03-2021'),
(431, 472, NULL, '22:31:01 02-04-2016'),
(432, 473, NULL, '19:30:53 05-08-2019'),
(433, 474, NULL, '20:17:44 21-06-2020'),
(434, 475, NULL, '06:07:49 02-11-2021'),
(435, 476, NULL, '15:09:54 04-06-2017'),
(436, 477, NULL, '07:06:28 02-09-2017'),
(437, 478, NULL, '06:24:11 11-02-2015'),
(438, 479, NULL, '19:58:07 04-08-2015'),
(439, 480, NULL, '15:42:43 28-10-2017'),
(440, 481, NULL, '17:13:41 27-02-2015'),
(441, 482, NULL, '18:55:04 11-09-2016'),
(442, 483, NULL, '15:05:08 08-05-2022'),
(443, 484, NULL, '09:47:22 21-02-2023'),
(444, 485, NULL, '15:11:36 06-08-2016'),
(445, 486, NULL, '22:56:03 04-04-2021'),
(446, 487, NULL, '19:39:56 18-11-2022'),
(447, 488, NULL, '15:27:26 22-03-2017'),
(448, 489, NULL, '10:05:07 17-11-2015'),
(449, 490, NULL, '03:04:41 11-10-2023'),
(450, 491, NULL, '13:23:12 28-02-2022'),
(451, 492, NULL, '22:30:50 29-12-2016'),
(452, 493, NULL, '07:53:18 05-01-2020'),
(453, 494, NULL, '17:58:33 16-07-2016'),
(454, 495, NULL, '03:54:49 06-01-2019'),
(455, 496, NULL, '23:08:02 17-03-2022'),
(456, 497, NULL, '21:51:06 15-01-2017'),
(457, 498, NULL, '17:01:21 30-07-2023'),
(458, 499, NULL, '08:26:04 28-03-2020'),
(459, 500, NULL, '23:11:31 24-05-2016'),
(460, 501, NULL, '08:05:13 18-09-2018'),
(461, 502, NULL, '11:11:46 16-09-2022'),
(462, 503, NULL, '15:20:44 10-01-2022'),
(463, 504, NULL, '02:33:26 25-10-2022'),
(464, 505, NULL, '16:26:03 20-02-2021'),
(465, 506, NULL, '05:10:21 31-07-2016'),
(466, 507, NULL, '13:20:32 19-04-2016'),
(467, 508, NULL, '10:43:07 17-04-2018'),
(468, 509, NULL, '12:32:14 07-05-2020'),
(469, 510, NULL, '12:43:31 14-12-2023'),
(470, 511, NULL, '05:13:55 24-08-2019'),
(471, 512, NULL, '22:53:06 08-06-2023'),
(472, 513, NULL, '23:46:52 19-04-2022'),
(473, 514, NULL, '20:30:55 04-07-2020'),
(474, 515, NULL, '11:29:07 25-09-2016'),
(475, 516, NULL, '03:18:23 17-01-2018'),
(476, 517, NULL, '06:46:26 16-04-2015'),
(477, 518, NULL, '02:07:39 13-02-2020'),
(478, 519, NULL, '14:25:01 29-11-2023'),
(479, 520, NULL, '11:12:57 10-02-2023'),
(480, 521, NULL, '15:00:53 07-11-2022'),
(481, 522, NULL, '05:50:18 10-09-2020'),
(482, 523, NULL, '16:32:52 18-10-2019'),
(483, 524, NULL, '23:58:38 11-01-2022'),
(484, 525, NULL, '14:33:42 11-09-2023'),
(485, 526, NULL, '06:11:11 23-01-2018'),
(486, 527, NULL, '10:00:59 04-04-2020'),
(487, 528, NULL, '04:10:59 07-02-2019'),
(488, 529, NULL, '01:31:03 31-10-2023'),
(489, 530, NULL, '23:17:31 11-02-2017'),
(490, 531, NULL, '14:25:49 23-01-2017'),
(491, 532, NULL, '03:05:16 03-02-2021'),
(492, 533, NULL, '03:52:10 12-02-2021'),
(493, 534, NULL, '22:41:39 16-09-2019'),
(494, 535, NULL, '06:31:06 15-12-2018'),
(495, 536, NULL, '18:42:17 06-01-2017'),
(496, 537, NULL, '19:49:07 10-06-2017'),
(497, 538, NULL, '04:26:52 11-02-2023'),
(498, 539, NULL, '16:52:24 05-02-2015'),
(499, 540, NULL, '18:21:24 07-08-2022'),
(500, 541, NULL, '17:17:34 06-11-2017'),
(501, 127, NULL, '14:21:52 19-01-2017'),
(502, 414, NULL, '20:27:42 26-11-2017'),
(503, 431, NULL, '09:58:34 22-08-2017'),
(504, 221, NULL, '07:24:35 06-03-2019'),
(505, 260, NULL, '01:23:16 07-02-2019'),
(506, 316, NULL, '23:14:37 19-02-2020'),
(507, 428, NULL, '19:44:19 03-03-2017'),
(508, 442, NULL, '12:00:40 11-10-2017'),
(509, 175, NULL, '02:30:01 26-08-2019'),
(510, 132, NULL, '04:44:50 15-05-2019'),
(511, 177, NULL, '13:59:05 17-10-2019'),
(512, 410, NULL, '06:08:49 19-07-2015'),
(513, 397, NULL, '01:07:53 14-09-2018'),
(514, 67, NULL, '01:54:52 06-12-2021'),
(515, 333, NULL, '14:10:30 21-03-2024'),
(516, 57, NULL, '01:55:49 29-01-2024'),
(517, 387, NULL, '04:57:43 23-03-2016'),
(518, 163, NULL, '20:03:30 11-02-2016'),
(519, 216, NULL, '10:50:53 26-07-2020'),
(520, 413, NULL, '14:30:29 26-06-2023'),
(521, 436, NULL, '15:53:30 04-08-2020'),
(522, 520, NULL, '07:02:34 23-04-2020'),
(523, 262, NULL, '11:57:39 16-10-2016'),
(524, 503, NULL, '14:04:40 08-06-2021'),
(525, 330, NULL, '15:33:48 06-03-2016'),
(526, 477, NULL, '09:23:53 14-01-2018'),
(527, 285, NULL, '21:30:19 22-06-2022'),
(528, 74, NULL, '12:24:48 28-04-2023'),
(529, 411, NULL, '15:56:09 16-08-2017'),
(530, 52, NULL, '17:27:34 11-06-2022'),
(531, 327, NULL, '20:47:55 21-09-2023'),
(532, 240, NULL, '10:46:03 19-07-2016'),
(533, 190, NULL, '19:27:44 01-01-2020'),
(534, 227, NULL, '21:16:16 15-08-2016'),
(535, 319, NULL, '17:53:49 19-05-2023'),
(536, 393, NULL, '02:38:02 23-02-2024'),
(537, 155, NULL, '06:39:25 16-07-2017'),
(538, 466, NULL, '00:00:21 18-04-2020'),
(539, 77, NULL, '14:00:33 29-04-2017'),
(540, 356, NULL, '15:38:47 30-07-2020'),
(541, 369, NULL, '09:37:30 23-01-2016'),
(542, 248, NULL, '11:01:09 10-05-2020'),
(543, 442, NULL, '01:50:25 24-09-2023'),
(544, 409, NULL, '19:52:40 25-12-2023'),
(545, 241, NULL, '17:31:41 25-08-2018'),
(546, 441, NULL, '18:23:14 14-07-2022'),
(547, 348, NULL, '13:49:11 11-11-2015'),
(548, 395, NULL, '12:31:02 08-03-2018'),
(549, 499, NULL, '18:53:41 21-12-2021'),
(550, 46, NULL, '16:14:26 10-04-2020'),
(551, 499, NULL, '06:06:50 26-11-2020'),
(552, 376, NULL, '07:31:56 27-11-2023'),
(553, 298, NULL, '18:57:22 23-12-2021'),
(554, 453, NULL, '18:22:36 17-01-2023'),
(555, 474, NULL, '17:02:39 20-12-2017'),
(556, 304, NULL, '15:22:40 01-01-2020'),
(557, 382, NULL, '14:11:57 14-12-2020'),
(558, 161, NULL, '23:35:16 07-03-2019'),
(559, 482, NULL, '08:01:17 04-07-2018'),
(560, 384, NULL, '09:39:38 19-11-2018'),
(561, 442, NULL, '07:29:11 22-10-2020'),
(562, 397, NULL, '18:45:41 26-03-2023'),
(563, 115, NULL, '01:38:11 25-03-2023'),
(564, 129, NULL, '03:28:05 30-01-2024'),
(565, 536, NULL, '22:42:34 20-01-2020'),
(566, 403, NULL, '21:07:20 20-08-2017'),
(567, 329, NULL, '18:50:55 02-04-2021'),
(568, 336, NULL, '15:22:28 27-02-2018'),
(569, 516, NULL, '01:24:37 07-05-2022'),
(570, 412, NULL, '23:50:45 22-12-2021'),
(571, 530, NULL, '20:28:23 31-01-2024'),
(572, 466, NULL, '14:34:27 01-01-2015'),
(573, 452, NULL, '00:12:21 15-01-2020'),
(574, 160, NULL, '00:36:26 23-06-2019'),
(575, 278, NULL, '03:01:30 05-07-2016'),
(576, 413, NULL, '18:57:06 23-04-2016'),
(577, 446, NULL, '03:32:22 03-09-2015'),
(578, 443, NULL, '19:43:45 22-01-2022'),
(579, 168, NULL, '03:24:39 04-08-2019'),
(580, 116, NULL, '21:08:38 12-07-2018'),
(581, 299, NULL, '13:36:50 19-10-2021'),
(582, 54, NULL, '08:20:35 03-11-2023'),
(583, 443, NULL, '20:05:10 05-09-2022'),
(584, 217, NULL, '13:49:39 04-04-2018'),
(585, 306, NULL, '22:33:04 17-01-2018'),
(586, 156, NULL, '07:53:57 17-05-2019'),
(587, 120, NULL, '15:42:46 18-04-2021'),
(588, 499, NULL, '23:48:38 30-09-2017'),
(589, 152, NULL, '07:13:10 27-09-2023'),
(590, 75, NULL, '17:44:04 30-12-2016'),
(591, 76, NULL, '16:46:24 07-01-2018'),
(592, 109, NULL, '19:26:04 24-03-2018'),
(593, 398, NULL, '13:49:17 02-01-2022'),
(594, 113, NULL, '08:03:15 14-10-2018'),
(595, 416, NULL, '14:24:46 14-04-2023'),
(596, 263, NULL, '23:43:29 10-05-2019'),
(597, 281, NULL, '19:14:44 14-06-2021'),
(598, 290, NULL, '02:10:10 24-10-2021'),
(599, 216, NULL, '07:43:09 19-03-2015'),
(600, 274, NULL, '19:29:10 12-03-2020'),
(601, 227, NULL, '00:25:11 13-02-2022'),
(602, 286, NULL, '13:51:17 05-02-2024'),
(603, 525, NULL, '09:59:29 21-09-2017'),
(604, 289, NULL, '21:43:34 15-09-2020'),
(605, 75, NULL, '02:05:35 09-03-2024'),
(606, 406, NULL, '03:36:52 03-07-2016'),
(607, 321, NULL, '21:23:39 02-06-2018'),
(608, 329, NULL, '11:32:09 13-06-2017'),
(609, 285, NULL, '04:01:30 19-03-2019'),
(610, 210, NULL, '13:36:51 09-08-2015'),
(611, 229, NULL, '13:22:46 04-10-2023'),
(612, 165, NULL, '16:09:40 26-07-2016'),
(613, 527, NULL, '14:28:37 29-08-2017'),
(614, 161, NULL, '13:27:08 20-07-2022'),
(615, 443, NULL, '18:06:29 04-08-2023'),
(616, 171, NULL, '08:44:46 25-08-2021'),
(617, 148, NULL, '12:01:22 15-12-2016'),
(618, 289, NULL, '01:51:06 12-11-2022'),
(619, 488, NULL, '15:11:04 09-12-2019'),
(620, 309, NULL, '12:55:23 20-09-2023'),
(621, 210, NULL, '07:44:48 06-02-2017'),
(622, 539, NULL, '21:33:47 06-09-2020'),
(623, 337, NULL, '10:47:15 06-02-2019'),
(624, 200, NULL, '06:24:35 09-01-2020'),
(625, 139, NULL, '08:43:21 20-04-2019'),
(626, 448, NULL, '17:16:53 30-11-2015'),
(627, 253, NULL, '01:31:27 03-01-2024'),
(628, 538, NULL, '05:23:20 23-07-2021'),
(629, 186, NULL, '16:47:14 05-07-2016'),
(630, 307, NULL, '00:36:41 30-07-2015'),
(631, 262, NULL, '23:08:29 04-06-2018'),
(632, 314, NULL, '06:07:21 05-01-2024'),
(633, 381, NULL, '14:36:23 21-11-2016'),
(634, 341, NULL, '12:21:51 19-06-2015'),
(635, 251, NULL, '00:33:50 27-10-2023'),
(636, 501, NULL, '21:58:42 27-01-2017'),
(637, 496, NULL, '04:40:44 27-12-2016'),
(638, 483, NULL, '12:29:36 16-03-2018'),
(639, 477, NULL, '18:41:40 08-12-2017'),
(640, 154, NULL, '19:19:39 03-05-2023'),
(641, 208, NULL, '01:21:56 03-09-2016'),
(642, 304, NULL, '14:30:08 14-07-2016'),
(643, 206, NULL, '22:06:02 19-02-2022'),
(644, 50, NULL, '16:53:53 18-12-2016'),
(645, 161, NULL, '05:00:34 19-04-2022'),
(646, 451, NULL, '06:57:35 17-08-2019'),
(647, 254, NULL, '16:35:53 14-03-2016'),
(648, 156, NULL, '05:30:07 13-11-2020'),
(649, 128, NULL, '18:53:16 12-02-2015'),
(650, 292, NULL, '13:16:17 19-02-2022'),
(651, 134, NULL, '15:30:57 25-04-2018'),
(652, 140, NULL, '04:59:53 02-01-2023'),
(653, 426, NULL, '17:14:02 11-04-2017'),
(654, 177, NULL, '07:34:33 31-08-2021'),
(655, 462, NULL, '00:42:59 20-06-2018'),
(656, 141, NULL, '23:40:36 11-11-2023'),
(657, 109, NULL, '22:34:07 24-09-2023'),
(658, 277, NULL, '19:46:30 05-04-2018'),
(659, 525, NULL, '09:53:28 10-09-2021'),
(660, 243, NULL, '08:12:51 19-11-2020'),
(661, 199, NULL, '19:00:21 05-03-2022'),
(662, 531, NULL, '11:00:05 09-07-2018'),
(663, 424, NULL, '05:08:36 25-11-2018'),
(664, 130, NULL, '22:06:11 15-03-2016'),
(665, 100, NULL, '11:02:24 14-04-2023'),
(666, 249, NULL, '12:20:57 14-09-2022'),
(667, 318, NULL, '05:54:56 22-02-2019'),
(668, 463, NULL, '05:33:27 21-06-2022'),
(669, 130, NULL, '17:46:09 29-11-2019'),
(670, 431, NULL, '10:05:32 26-04-2022'),
(671, 439, NULL, '13:01:49 13-04-2022'),
(672, 57, NULL, '05:50:00 13-10-2023'),
(673, 285, NULL, '16:00:06 13-02-2024'),
(674, 59, NULL, '00:50:43 01-09-2015'),
(675, 513, NULL, '10:32:50 15-09-2018'),
(676, 505, NULL, '16:38:50 12-10-2022'),
(677, 482, NULL, '23:21:15 16-12-2021'),
(678, 302, NULL, '17:06:35 18-09-2022'),
(679, 426, NULL, '08:26:38 26-02-2023'),
(680, 100, NULL, '00:10:13 11-09-2018'),
(681, 211, NULL, '16:20:02 12-10-2023'),
(682, 392, NULL, '00:28:38 07-05-2016'),
(683, 245, NULL, '16:58:36 15-11-2020'),
(684, 280, NULL, '21:33:32 08-01-2017'),
(685, 244, NULL, '05:08:58 19-12-2021'),
(686, 131, NULL, '19:22:25 15-12-2023'),
(687, 353, NULL, '04:58:48 25-07-2018'),
(688, 59, NULL, '19:40:10 03-04-2021'),
(689, 393, NULL, '18:52:48 15-02-2018'),
(690, 227, NULL, '23:40:36 26-10-2019'),
(691, 513, NULL, '15:31:56 27-10-2016'),
(692, 101, NULL, '08:34:32 25-09-2022'),
(693, 181, NULL, '21:56:55 01-11-2020'),
(694, 354, NULL, '21:41:39 20-11-2023'),
(695, 509, NULL, '05:00:54 02-11-2020'),
(696, 101, NULL, '11:25:53 06-12-2018'),
(697, 416, NULL, '07:25:39 25-04-2018'),
(698, 43, NULL, '10:27:55 11-08-2021'),
(699, 439, NULL, '20:29:55 08-04-2020'),
(700, 265, NULL, '18:31:18 30-03-2019'),
(701, 478, NULL, '17:16:08 23-11-2015'),
(702, 239, NULL, '01:49:53 08-02-2021'),
(703, 341, NULL, '04:32:49 05-11-2020'),
(704, 270, NULL, '07:05:41 17-11-2022'),
(705, 91, NULL, '22:27:13 05-05-2017'),
(706, 158, NULL, '04:35:33 06-02-2016'),
(707, 183, NULL, '20:01:25 28-12-2015'),
(708, 220, NULL, '20:16:59 19-12-2022'),
(709, 452, NULL, '15:44:07 17-10-2021'),
(710, 199, NULL, '23:43:56 23-10-2020'),
(711, 452, NULL, '19:46:08 14-07-2016'),
(712, 385, NULL, '11:06:21 20-03-2016'),
(713, 405, NULL, '01:59:23 13-06-2018'),
(714, 181, NULL, '15:22:04 03-09-2018'),
(715, 51, NULL, '21:33:24 03-08-2022'),
(716, 161, NULL, '23:17:58 24-11-2019'),
(717, 307, NULL, '08:35:05 26-09-2018'),
(718, 531, NULL, '22:14:02 27-08-2018'),
(719, 433, NULL, '08:27:04 16-07-2023'),
(720, 125, NULL, '08:45:11 20-03-2023'),
(721, 323, NULL, '15:36:39 18-09-2017'),
(722, 342, NULL, '05:10:52 04-01-2022'),
(723, 84, NULL, '05:31:29 20-08-2016'),
(724, 235, NULL, '18:33:54 30-10-2023'),
(725, 423, NULL, '02:59:03 25-07-2018'),
(726, 531, NULL, '06:25:53 29-04-2017'),
(727, 51, NULL, '06:46:58 29-11-2017'),
(728, 330, NULL, '17:52:45 26-11-2017'),
(729, 452, NULL, '03:34:39 14-11-2018'),
(730, 333, NULL, '23:51:13 02-05-2022'),
(731, 342, NULL, '08:12:00 07-12-2017'),
(732, 506, NULL, '18:34:34 15-12-2016'),
(733, 459, NULL, '01:39:25 31-03-2022'),
(734, 499, NULL, '08:21:35 28-03-2023'),
(735, 360, NULL, '10:57:49 21-07-2016'),
(736, 174, NULL, '13:45:28 15-11-2018'),
(737, 183, NULL, '15:29:17 24-11-2018'),
(738, 147, NULL, '18:28:48 11-03-2023'),
(739, 58, NULL, '02:31:13 28-09-2022'),
(740, 358, NULL, '15:54:53 05-11-2017'),
(741, 104, NULL, '20:47:32 18-11-2021'),
(742, 222, NULL, '23:05:46 29-09-2019'),
(743, 396, NULL, '22:41:40 23-09-2019'),
(744, 521, NULL, '02:56:32 27-06-2015'),
(745, 267, NULL, '12:26:33 20-04-2020'),
(746, 386, NULL, '06:06:16 07-05-2023'),
(747, 308, NULL, '15:34:09 10-10-2021'),
(748, 471, NULL, '08:05:05 25-02-2016'),
(749, 443, NULL, '20:02:17 17-09-2019'),
(750, 478, NULL, '18:30:32 25-11-2022'),
(751, 343, NULL, '08:35:47 14-01-2022'),
(752, 381, NULL, '21:01:53 23-08-2021'),
(753, 77, NULL, '10:57:49 19-06-2017'),
(754, 452, NULL, '07:22:17 29-11-2022'),
(755, 70, NULL, '01:02:03 07-06-2023'),
(756, 77, NULL, '04:32:17 04-03-2016'),
(757, 494, NULL, '20:57:43 23-02-2015'),
(758, 145, NULL, '17:39:02 10-02-2018'),
(759, 228, NULL, '07:56:28 06-07-2022'),
(760, 331, NULL, '23:37:11 30-01-2018'),
(761, 131, NULL, '05:19:43 26-11-2018'),
(762, 60, NULL, '01:18:52 15-02-2021'),
(763, 77, NULL, '12:16:24 10-04-2018'),
(764, 212, NULL, '08:16:44 16-05-2017'),
(765, 421, NULL, '05:11:06 15-02-2015'),
(766, 527, NULL, '22:14:35 15-12-2022'),
(767, 174, NULL, '22:53:56 19-05-2021'),
(768, 531, NULL, '20:34:52 21-11-2023'),
(769, 466, NULL, '04:08:23 11-03-2021'),
(770, 502, NULL, '17:05:01 20-05-2019'),
(771, 98, NULL, '00:38:28 24-08-2021'),
(772, 267, NULL, '12:54:03 18-12-2018'),
(773, 187, NULL, '16:43:29 31-10-2020'),
(774, 72, NULL, '00:41:02 05-01-2015'),
(775, 267, NULL, '14:18:00 17-03-2015'),
(776, 476, NULL, '06:30:42 28-06-2022'),
(777, 56, NULL, '05:39:55 28-01-2019'),
(778, 141, NULL, '10:25:07 17-04-2016'),
(779, 91, NULL, '12:22:11 22-02-2023'),
(780, 471, NULL, '08:55:00 01-03-2018'),
(781, 198, NULL, '04:38:14 25-01-2023'),
(782, 477, NULL, '17:43:12 12-02-2017'),
(783, 444, NULL, '11:51:00 16-11-2021'),
(784, 120, NULL, '15:36:39 22-08-2023'),
(785, 144, NULL, '17:42:10 16-05-2018'),
(786, 293, NULL, '10:04:20 12-06-2015'),
(787, 287, NULL, '01:33:11 27-12-2021'),
(788, 208, NULL, '08:12:45 17-04-2017'),
(789, 226, NULL, '17:59:41 08-10-2021'),
(790, 121, NULL, '12:48:44 31-08-2017'),
(791, 443, NULL, '02:12:00 08-10-2023'),
(792, 458, NULL, '18:11:42 06-01-2015'),
(793, 293, NULL, '20:52:50 02-01-2018'),
(794, 214, NULL, '03:49:04 15-06-2022'),
(795, 167, NULL, '18:43:33 07-06-2020'),
(796, 49, NULL, '20:48:13 30-03-2023'),
(797, 309, NULL, '10:47:21 10-08-2023'),
(798, 396, NULL, '17:41:52 07-12-2019'),
(799, 519, NULL, '01:33:31 24-04-2022'),
(800, 519, NULL, '23:41:18 24-09-2023'),
(801, 63, NULL, '06:32:35 13-04-2017'),
(802, 276, NULL, '07:23:19 10-01-2022'),
(803, 104, NULL, '14:56:23 20-06-2016'),
(804, 119, NULL, '01:40:08 08-05-2018'),
(805, 192, NULL, '09:21:59 20-11-2022'),
(806, 494, NULL, '14:26:58 29-01-2024'),
(807, 448, NULL, '01:42:24 04-03-2023'),
(808, 182, NULL, '17:22:39 31-08-2019'),
(809, 292, NULL, '12:26:41 26-02-2017'),
(810, 75, NULL, '15:48:57 15-12-2022'),
(811, 519, NULL, '07:12:36 12-02-2016'),
(812, 129, NULL, '13:41:46 06-08-2020'),
(813, 305, NULL, '20:04:50 26-01-2017'),
(814, 212, NULL, '07:00:52 28-12-2015'),
(815, 336, NULL, '04:57:03 11-02-2018'),
(816, 232, NULL, '00:15:05 30-10-2021'),
(817, 514, NULL, '17:54:39 11-10-2015'),
(818, 416, NULL, '20:47:07 15-01-2024'),
(819, 103, NULL, '06:00:09 24-03-2019'),
(820, 368, NULL, '19:11:34 28-12-2022'),
(821, 246, NULL, '20:00:29 12-09-2023'),
(822, 521, NULL, '12:14:11 13-12-2018'),
(823, 61, NULL, '22:29:28 03-07-2017'),
(824, 487, NULL, '17:34:41 10-11-2015'),
(825, 460, NULL, '07:01:17 25-01-2022'),
(826, 160, NULL, '03:43:09 14-08-2021'),
(827, 110, NULL, '16:59:46 17-03-2017'),
(828, 466, NULL, '09:15:38 23-09-2020'),
(829, 112, NULL, '07:54:07 25-04-2020'),
(830, 111, NULL, '03:21:57 30-08-2022'),
(831, 504, NULL, '11:36:42 31-05-2019'),
(832, 223, NULL, '08:33:02 08-06-2021'),
(833, 336, NULL, '08:03:16 29-02-2020'),
(834, 127, NULL, '21:14:13 24-07-2018'),
(835, 274, NULL, '22:33:00 22-06-2015'),
(836, 314, NULL, '12:55:43 03-12-2018'),
(837, 254, NULL, '01:01:22 29-03-2022'),
(838, 315, NULL, '05:51:52 07-11-2022'),
(839, 267, NULL, '20:14:54 18-10-2021'),
(840, 319, NULL, '04:56:38 13-02-2022'),
(841, 397, NULL, '00:04:51 31-05-2015'),
(842, 201, NULL, '16:05:36 01-11-2019'),
(843, 161, NULL, '14:07:29 10-08-2020'),
(844, 197, NULL, '18:17:30 21-06-2020'),
(845, 142, NULL, '21:11:18 08-03-2024'),
(846, 192, NULL, '20:02:59 27-06-2017'),
(847, 357, NULL, '11:14:36 20-02-2021'),
(848, 479, NULL, '23:51:12 08-08-2016'),
(849, 336, NULL, '02:36:46 18-05-2019'),
(850, 83, NULL, '14:29:37 23-01-2022'),
(851, 476, NULL, '12:18:17 05-07-2015'),
(852, 519, NULL, '21:58:15 17-06-2015'),
(853, 216, NULL, '23:13:31 11-09-2022'),
(854, 282, NULL, '19:57:38 25-01-2023'),
(855, 461, NULL, '08:27:58 27-05-2022'),
(856, 484, NULL, '08:29:07 17-06-2019'),
(857, 208, NULL, '22:15:47 22-11-2017'),
(858, 99, NULL, '04:57:16 26-05-2016'),
(859, 51, NULL, '23:54:06 17-12-2017'),
(860, 403, NULL, '09:41:46 10-12-2016'),
(861, 424, NULL, '14:59:19 15-04-2021'),
(862, 161, NULL, '16:48:19 06-03-2021'),
(863, 534, NULL, '22:51:26 10-01-2016'),
(864, 274, NULL, '20:52:02 29-08-2016'),
(865, 106, NULL, '04:18:56 03-04-2017'),
(866, 349, NULL, '18:32:12 26-05-2015'),
(867, 273, NULL, '03:02:46 12-07-2018'),
(868, 191, NULL, '08:08:39 29-02-2020'),
(869, 50, NULL, '15:31:28 17-05-2018'),
(870, 217, NULL, '19:35:02 12-04-2022'),
(871, 262, NULL, '18:42:08 20-04-2021'),
(872, 158, NULL, '20:56:47 19-05-2020'),
(873, 508, NULL, '17:59:26 12-08-2015'),
(874, 441, NULL, '15:18:20 18-01-2020'),
(875, 480, NULL, '01:58:56 07-11-2022'),
(876, 165, NULL, '00:42:04 09-08-2023'),
(877, 85, NULL, '01:32:27 18-01-2023'),
(878, 464, NULL, '03:55:54 07-07-2020'),
(879, 188, NULL, '22:39:06 02-08-2017'),
(880, 142, NULL, '03:17:25 24-07-2023'),
(881, 491, NULL, '14:26:08 24-06-2023'),
(882, 78, NULL, '07:46:13 30-01-2017'),
(883, 360, NULL, '13:28:30 20-11-2016'),
(884, 325, NULL, '00:19:55 23-05-2019'),
(885, 468, NULL, '01:10:34 07-10-2023'),
(886, 218, NULL, '12:14:05 14-11-2022'),
(887, 65, NULL, '09:25:50 29-04-2017'),
(888, 64, NULL, '20:11:25 30-01-2020'),
(889, 294, NULL, '23:36:57 09-01-2016'),
(890, 459, NULL, '01:47:00 24-06-2021'),
(891, 540, NULL, '08:00:58 16-06-2023'),
(892, 266, NULL, '20:13:29 23-10-2019'),
(893, 50, NULL, '10:11:16 06-12-2019'),
(894, 484, NULL, '01:27:20 28-04-2021'),
(895, 87, NULL, '16:27:58 24-02-2020'),
(896, 130, NULL, '07:54:20 24-03-2022'),
(897, 420, NULL, '07:45:25 23-01-2017'),
(898, 160, NULL, '19:05:04 25-07-2021'),
(899, 395, NULL, '14:22:03 24-11-2019'),
(900, 468, NULL, '10:44:23 30-12-2023'),
(901, 259, NULL, '05:57:39 10-09-2018'),
(902, 277, NULL, '23:52:16 15-08-2016'),
(903, 403, NULL, '02:19:53 01-05-2020'),
(904, 91, NULL, '00:45:22 14-12-2020'),
(905, 150, NULL, '07:31:35 09-06-2022'),
(906, 191, NULL, '22:26:55 09-05-2018'),
(907, 193, NULL, '04:25:10 23-06-2023'),
(908, 179, NULL, '02:27:55 02-07-2020'),
(909, 343, NULL, '19:49:29 04-10-2021'),
(910, 115, NULL, '04:19:01 09-09-2016'),
(911, 275, NULL, '02:18:36 02-10-2023'),
(912, 181, NULL, '10:57:07 17-06-2015'),
(913, 44, NULL, '12:41:57 14-06-2021'),
(914, 54, NULL, '08:13:04 26-09-2023'),
(915, 72, NULL, '21:26:32 07-05-2019'),
(916, 271, NULL, '02:16:33 09-03-2020'),
(917, 429, NULL, '12:49:10 22-09-2021'),
(918, 273, NULL, '01:57:02 21-04-2019'),
(919, 400, NULL, '05:40:25 19-12-2023'),
(920, 312, NULL, '04:44:23 23-01-2021'),
(921, 393, NULL, '04:02:12 23-10-2021'),
(922, 319, NULL, '00:00:14 19-05-2018'),
(923, 272, NULL, '04:54:05 01-10-2019'),
(924, 294, NULL, '22:39:21 22-02-2023'),
(925, 390, NULL, '20:56:44 02-03-2016'),
(926, 268, NULL, '22:10:15 04-08-2023'),
(927, 239, NULL, '01:26:07 04-06-2021'),
(928, 427, NULL, '14:55:06 02-05-2015'),
(929, 429, NULL, '22:24:00 02-10-2019'),
(930, 500, NULL, '19:09:22 06-01-2024'),
(931, 304, NULL, '19:39:42 07-03-2016'),
(932, 165, NULL, '12:00:51 07-05-2022'),
(933, 476, NULL, '00:11:29 28-10-2019'),
(934, 238, NULL, '17:39:07 26-06-2023'),
(935, 380, NULL, '22:32:01 14-12-2023'),
(936, 498, NULL, '06:21:47 13-02-2015'),
(937, 376, NULL, '01:00:28 28-02-2024'),
(938, 523, NULL, '15:02:08 16-12-2023'),
(939, 313, NULL, '19:51:33 08-12-2023'),
(940, 215, NULL, '07:20:56 06-05-2016'),
(941, 401, NULL, '04:33:00 15-06-2018'),
(942, 384, NULL, '17:47:06 19-09-2021'),
(943, 412, NULL, '13:51:04 30-07-2016'),
(944, 88, NULL, '00:27:09 11-08-2018'),
(945, 389, NULL, '01:11:25 06-02-2015'),
(946, 410, NULL, '00:27:23 26-05-2022'),
(947, 173, NULL, '07:45:15 25-01-2024'),
(948, 219, NULL, '16:01:21 04-01-2016'),
(949, 401, NULL, '08:05:54 29-06-2023'),
(950, 461, NULL, '11:03:46 01-03-2017'),
(951, 193, NULL, '07:14:17 03-09-2020'),
(952, 275, NULL, '23:25:55 03-05-2017'),
(953, 91, NULL, '13:55:58 17-12-2018'),
(954, 474, NULL, '23:52:12 16-11-2019'),
(955, 375, NULL, '11:12:40 10-12-2021'),
(956, 330, NULL, '18:41:16 24-03-2015'),
(957, 470, NULL, '14:08:20 30-05-2018'),
(958, 275, NULL, '18:49:00 24-11-2022'),
(959, 457, NULL, '21:07:28 11-05-2018'),
(960, 477, NULL, '09:45:54 06-08-2018'),
(961, 117, NULL, '22:25:47 05-05-2018'),
(962, 437, NULL, '08:49:33 28-06-2017'),
(963, 265, NULL, '16:14:36 05-11-2019'),
(964, 505, NULL, '12:28:14 29-11-2017'),
(965, 205, NULL, '12:03:46 20-05-2018'),
(966, 45, NULL, '14:48:32 04-11-2019'),
(967, 162, NULL, '02:15:55 06-01-2018'),
(968, 286, NULL, '01:02:22 14-05-2018'),
(969, 491, NULL, '19:28:03 19-07-2020'),
(970, 109, NULL, '09:02:13 30-01-2019'),
(971, 537, NULL, '05:48:10 10-06-2016'),
(972, 170, NULL, '08:16:28 07-12-2021'),
(973, 180, NULL, '08:19:59 04-08-2016'),
(974, 101, NULL, '08:31:48 29-01-2017'),
(975, 531, NULL, '23:16:13 17-06-2018'),
(976, 488, NULL, '18:18:56 17-12-2016'),
(977, 488, NULL, '22:07:46 25-04-2022'),
(978, 379, NULL, '14:07:00 13-03-2017'),
(979, 442, NULL, '17:42:06 14-08-2015'),
(980, 127, NULL, '10:26:15 23-09-2015'),
(981, 176, NULL, '23:35:07 01-08-2020'),
(982, 255, NULL, '03:14:02 30-07-2020'),
(983, 80, NULL, '03:50:22 19-04-2022'),
(984, 82, NULL, '16:00:49 10-03-2022'),
(985, 495, NULL, '06:35:12 10-02-2015'),
(986, 513, NULL, '02:02:11 24-04-2021'),
(987, 460, NULL, '01:20:56 06-07-2016'),
(988, 153, NULL, '14:37:07 03-08-2019'),
(989, 239, NULL, '21:08:00 27-08-2015'),
(990, 155, NULL, '04:12:00 06-02-2016'),
(991, 43, NULL, '19:42:38 12-03-2015'),
(992, 175, NULL, '21:24:50 04-02-2021'),
(993, 315, NULL, '20:35:40 25-01-2023'),
(994, 310, NULL, '01:14:10 17-08-2019'),
(995, 56, NULL, '16:19:21 20-03-2023'),
(996, 202, NULL, '00:03:51 08-09-2019'),
(997, 129, NULL, '23:35:20 14-09-2022'),
(998, 476, NULL, '07:39:10 20-02-2016'),
(999, 75, NULL, '00:27:03 21-03-2023'),
(1000, 382, NULL, '20:33:51 28-08-2019'),
(1001, 742, NULL, '08:47:14 27-06-2018'),
(1002, 743, NULL, '18:26:05 31-10-2019'),
(1003, 744, NULL, '18:25:08 06-01-2017'),
(1004, 745, NULL, '23:24:15 09-09-2015'),
(1005, 746, NULL, '00:15:07 06-04-2021'),
(1006, 747, NULL, '12:39:01 17-01-2015'),
(1007, 748, NULL, '09:25:53 03-01-2017'),
(1008, 749, NULL, '04:29:30 20-04-2017'),
(1009, 750, NULL, '01:54:38 25-10-2016'),
(1010, 751, NULL, '20:45:46 19-12-2015'),
(1011, 752, NULL, '16:22:33 18-12-2015'),
(1012, 753, NULL, '04:40:28 18-02-2022'),
(1013, 754, NULL, '13:07:48 23-06-2018'),
(1014, 755, NULL, '07:03:57 02-05-2017'),
(1015, 756, NULL, '04:56:50 01-09-2019'),
(1016, 757, NULL, '14:54:25 23-02-2016'),
(1017, 758, NULL, '00:45:06 24-02-2020'),
(1018, 759, NULL, '00:31:57 20-09-2016'),
(1019, 760, NULL, '06:03:43 30-04-2023'),
(1020, 761, NULL, '12:35:48 04-07-2016'),
(1021, 762, NULL, '07:11:42 14-10-2018'),
(1022, 763, NULL, '07:23:17 19-02-2019'),
(1023, 764, NULL, '22:38:33 08-07-2017'),
(1024, 765, NULL, '10:17:06 17-09-2015'),
(1025, 766, NULL, '22:03:17 02-06-2018'),
(1026, 767, NULL, '02:39:44 30-09-2023'),
(1027, 768, NULL, '15:53:44 20-06-2015'),
(1028, 769, NULL, '06:36:38 16-03-2021'),
(1029, 770, NULL, '17:05:31 11-11-2019'),
(1030, 771, NULL, '19:14:56 23-04-2023'),
(1031, 772, NULL, '03:00:08 02-08-2015'),
(1032, 773, NULL, '13:31:43 31-12-2016'),
(1033, 774, NULL, '16:07:12 12-10-2019'),
(1034, 775, NULL, '13:45:17 21-05-2015'),
(1035, 776, NULL, '04:28:19 10-01-2018'),
(1036, 777, NULL, '10:55:22 18-05-2018'),
(1037, 778, NULL, '17:22:16 19-02-2024'),
(1038, 779, NULL, '22:17:30 28-03-2022'),
(1039, 780, NULL, '07:27:30 02-01-2021'),
(1040, 781, NULL, '18:47:28 18-01-2021'),
(1041, 782, NULL, '11:03:51 02-12-2022'),
(1042, 783, NULL, '23:10:17 10-06-2019'),
(1043, 784, NULL, '22:35:58 11-10-2017'),
(1044, 785, NULL, '12:20:35 25-10-2020'),
(1045, 786, NULL, '19:07:02 01-10-2020'),
(1046, 787, NULL, '11:43:57 03-11-2020'),
(1047, 788, NULL, '10:53:08 04-03-2021'),
(1048, 789, NULL, '15:51:33 21-08-2017'),
(1049, 790, NULL, '12:27:03 01-06-2023'),
(1050, 791, NULL, '15:09:28 06-01-2024'),
(1051, NULL, 542, '21:32:37 31-12-2023'),
(1052, NULL, 543, '04:08:25 01-01-2016'),
(1053, NULL, 544, '13:37:56 18-10-2019'),
(1054, NULL, 545, '13:17:20 08-02-2022'),
(1055, NULL, 546, '08:30:03 13-10-2022'),
(1056, NULL, 547, '12:25:47 12-11-2023'),
(1057, NULL, 548, '01:06:49 21-03-2015'),
(1058, NULL, 549, '20:23:46 06-11-2020'),
(1059, NULL, 550, '18:20:24 01-06-2023'),
(1060, NULL, 551, '00:06:11 27-06-2016'),
(1061, NULL, 552, '21:56:52 29-11-2016'),
(1062, NULL, 553, '20:03:20 28-12-2016'),
(1063, NULL, 554, '19:40:23 07-06-2022'),
(1064, NULL, 555, '23:28:00 29-02-2016'),
(1065, NULL, 556, '23:34:01 29-01-2024'),
(1066, NULL, 557, '06:52:04 26-01-2024'),
(1067, NULL, 558, '10:03:26 21-12-2018'),
(1068, NULL, 559, '06:19:12 23-08-2023'),
(1069, NULL, 560, '13:01:05 18-03-2016'),
(1070, NULL, 561, '14:43:59 22-04-2020'),
(1071, NULL, 562, '11:49:32 12-11-2020'),
(1072, NULL, 563, '05:13:17 16-08-2015'),
(1073, NULL, 564, '15:48:47 27-05-2015'),
(1074, NULL, 565, '06:16:29 22-05-2017'),
(1075, NULL, 566, '02:17:07 13-03-2018'),
(1076, NULL, 567, '20:49:31 07-06-2015'),
(1077, NULL, 568, '03:38:37 09-12-2020'),
(1078, NULL, 569, '04:15:13 09-09-2018'),
(1079, NULL, 570, '19:52:59 16-03-2018'),
(1080, NULL, 571, '05:47:03 11-04-2021'),
(1081, NULL, 572, '08:06:34 21-02-2015'),
(1082, NULL, 573, '07:21:11 30-11-2017'),
(1083, NULL, 574, '15:52:17 11-06-2018'),
(1084, NULL, 575, '04:58:17 31-05-2020'),
(1085, NULL, 576, '18:24:10 25-05-2018'),
(1086, NULL, 577, '03:11:36 05-09-2015'),
(1087, NULL, 578, '04:39:23 06-12-2019'),
(1088, NULL, 579, '10:49:58 02-05-2019'),
(1089, NULL, 580, '20:19:43 03-05-2016'),
(1090, NULL, 581, '19:22:23 26-08-2020'),
(1091, NULL, 582, '14:09:18 13-04-2019'),
(1092, NULL, 583, '02:07:09 10-07-2016'),
(1093, NULL, 584, '19:27:22 17-11-2021'),
(1094, NULL, 585, '13:08:55 30-01-2023'),
(1095, NULL, 586, '17:52:34 14-03-2017'),
(1096, NULL, 587, '01:21:35 28-03-2022'),
(1097, NULL, 588, '00:08:43 14-07-2021'),
(1098, NULL, 589, '02:19:21 15-10-2018'),
(1099, NULL, 590, '18:47:37 27-06-2017'),
(1100, NULL, 591, '19:54:11 13-01-2024'),
(1101, NULL, 592, '08:55:27 13-04-2020'),
(1102, NULL, 593, '20:18:06 29-05-2023'),
(1103, NULL, 594, '00:49:11 31-07-2016'),
(1104, NULL, 595, '19:26:20 16-12-2022'),
(1105, NULL, 596, '13:53:49 02-10-2018'),
(1106, NULL, 597, '18:46:55 09-01-2017'),
(1107, NULL, 598, '13:33:54 13-10-2016'),
(1108, NULL, 599, '13:21:19 26-03-2019'),
(1109, NULL, 600, '11:26:47 08-10-2018'),
(1110, NULL, 601, '14:36:50 15-01-2015'),
(1111, NULL, 602, '05:38:05 23-03-2024'),
(1112, NULL, 603, '11:20:04 14-05-2017'),
(1113, NULL, 604, '02:54:23 21-05-2020'),
(1114, NULL, 605, '01:25:19 13-03-2020'),
(1115, NULL, 606, '15:07:21 25-08-2020'),
(1116, NULL, 607, '11:44:50 21-03-2018'),
(1117, NULL, 608, '08:10:50 03-06-2015'),
(1118, NULL, 609, '04:43:38 07-09-2016'),
(1119, NULL, 610, '21:11:52 26-05-2020'),
(1120, NULL, 611, '09:23:14 08-08-2023'),
(1121, NULL, 612, '05:38:50 07-05-2015'),
(1122, NULL, 613, '04:05:10 13-09-2017'),
(1123, NULL, 614, '20:49:06 04-09-2016'),
(1124, NULL, 615, '06:46:30 20-10-2019'),
(1125, NULL, 616, '21:53:17 17-03-2015'),
(1126, NULL, 617, '19:10:01 06-06-2018'),
(1127, NULL, 618, '11:55:44 05-06-2015'),
(1128, NULL, 619, '19:18:00 05-01-2019'),
(1129, NULL, 620, '20:33:14 13-10-2020'),
(1130, NULL, 621, '17:26:07 28-01-2024'),
(1131, NULL, 622, '07:16:21 06-03-2023'),
(1132, NULL, 623, '23:04:39 23-04-2017'),
(1133, NULL, 624, '05:36:52 16-03-2020'),
(1134, NULL, 625, '07:38:59 08-08-2021'),
(1135, NULL, 626, '14:55:09 19-03-2018'),
(1136, NULL, 627, '06:22:21 06-11-2022'),
(1137, NULL, 628, '01:36:13 04-11-2017'),
(1138, NULL, 629, '07:51:15 19-08-2018'),
(1139, NULL, 630, '15:09:55 24-03-2021'),
(1140, NULL, 631, '22:57:58 25-09-2023'),
(1141, NULL, 632, '10:46:12 12-10-2015'),
(1142, NULL, 633, '00:53:32 15-06-2018'),
(1143, NULL, 634, '23:38:30 24-01-2019'),
(1144, NULL, 635, '02:07:41 07-08-2022'),
(1145, NULL, 636, '13:08:52 09-07-2023'),
(1146, NULL, 637, '03:15:34 10-10-2016'),
(1147, NULL, 638, '09:52:16 17-08-2015'),
(1148, NULL, 639, '04:01:09 22-10-2019'),
(1149, NULL, 640, '04:25:19 31-05-2020'),
(1150, NULL, 641, '20:48:17 13-07-2020'),
(1151, NULL, 642, '18:29:14 04-10-2020'),
(1152, NULL, 643, '02:59:41 01-01-2023'),
(1153, NULL, 644, '10:02:07 09-07-2022'),
(1154, NULL, 645, '14:50:08 03-03-2017'),
(1155, NULL, 646, '07:37:41 27-11-2016'),
(1156, NULL, 647, '04:21:15 23-12-2022'),
(1157, NULL, 648, '09:55:45 30-04-2017'),
(1158, NULL, 649, '21:49:41 28-06-2015'),
(1159, NULL, 650, '16:37:35 20-06-2022'),
(1160, NULL, 651, '06:52:50 04-12-2019'),
(1161, NULL, 652, '14:38:32 09-06-2015'),
(1162, NULL, 653, '20:44:00 07-03-2016'),
(1163, NULL, 654, '02:24:46 24-08-2023'),
(1164, NULL, 655, '06:27:29 14-01-2018'),
(1165, NULL, 656, '20:44:30 05-11-2016'),
(1166, NULL, 657, '21:24:16 17-11-2023'),
(1167, NULL, 658, '16:17:13 15-09-2021'),
(1168, NULL, 659, '21:14:18 08-07-2022'),
(1169, NULL, 660, '22:31:43 23-05-2019'),
(1170, NULL, 661, '22:08:01 03-09-2019'),
(1171, NULL, 662, '08:39:52 10-02-2017'),
(1172, NULL, 663, '23:42:19 13-12-2016'),
(1173, NULL, 664, '22:11:44 31-12-2023'),
(1174, NULL, 665, '05:40:46 17-07-2021'),
(1175, NULL, 666, '03:48:21 06-08-2018'),
(1176, NULL, 667, '14:53:54 27-11-2022'),
(1177, NULL, 668, '15:12:29 27-04-2019'),
(1178, NULL, 669, '15:25:42 21-12-2023'),
(1179, NULL, 670, '00:41:34 10-06-2017'),
(1180, NULL, 671, '19:07:52 31-07-2019'),
(1181, NULL, 672, '08:02:49 05-11-2019'),
(1182, NULL, 673, '04:34:47 06-11-2022'),
(1183, NULL, 674, '13:02:09 23-08-2016'),
(1184, NULL, 675, '05:54:25 11-09-2015'),
(1185, NULL, 676, '22:21:29 05-12-2015'),
(1186, NULL, 677, '09:56:41 10-12-2019'),
(1187, NULL, 678, '18:16:56 21-10-2019'),
(1188, NULL, 679, '19:00:56 17-01-2018'),
(1189, NULL, 680, '17:07:04 19-01-2018'),
(1190, NULL, 681, '00:37:52 13-01-2020'),
(1191, NULL, 682, '18:54:30 17-12-2017'),
(1192, NULL, 683, '17:43:23 11-07-2017'),
(1193, NULL, 684, '09:42:35 16-10-2019'),
(1194, NULL, 685, '11:18:35 02-03-2024'),
(1195, NULL, 686, '01:39:08 23-10-2018'),
(1196, NULL, 687, '23:58:08 15-01-2021'),
(1197, NULL, 688, '04:56:25 10-08-2015'),
(1198, NULL, 689, '03:35:01 07-10-2020'),
(1199, NULL, 690, '10:23:55 24-05-2020'),
(1200, NULL, 691, '04:43:20 28-05-2022'),
(1201, NULL, 692, '15:45:19 24-09-2017'),
(1202, NULL, 693, '13:47:51 22-03-2023'),
(1203, NULL, 694, '21:05:42 07-04-2021'),
(1204, NULL, 695, '06:52:57 13-08-2019'),
(1205, NULL, 696, '04:53:30 04-04-2016'),
(1206, NULL, 697, '01:43:06 13-10-2019'),
(1207, NULL, 698, '18:39:56 31-03-2021'),
(1208, NULL, 699, '08:34:31 04-02-2015'),
(1209, NULL, 700, '05:54:14 02-10-2018'),
(1210, NULL, 701, '06:06:55 21-01-2023'),
(1211, NULL, 702, '03:17:32 20-05-2022'),
(1212, NULL, 703, '12:50:45 15-03-2023'),
(1213, NULL, 704, '02:15:23 06-03-2018'),
(1214, NULL, 705, '06:22:58 13-04-2022'),
(1215, NULL, 706, '22:59:02 16-08-2022'),
(1216, NULL, 707, '10:48:51 10-10-2017'),
(1217, NULL, 708, '04:48:48 07-06-2022'),
(1218, NULL, 709, '19:55:02 07-08-2018'),
(1219, NULL, 710, '13:23:19 21-12-2016'),
(1220, NULL, 711, '16:37:55 16-08-2021'),
(1221, NULL, 712, '01:13:02 21-12-2020'),
(1222, NULL, 713, '04:04:44 09-06-2016'),
(1223, NULL, 714, '02:35:22 17-01-2019'),
(1224, NULL, 715, '08:28:22 01-07-2019'),
(1225, NULL, 716, '12:14:32 16-03-2024'),
(1226, NULL, 717, '02:20:56 05-09-2023'),
(1227, NULL, 718, '21:04:50 28-09-2022'),
(1228, NULL, 719, '02:20:01 14-12-2015'),
(1229, NULL, 720, '16:54:52 18-12-2019'),
(1230, NULL, 721, '05:09:13 08-02-2024'),
(1231, NULL, 722, '05:31:35 14-04-2015'),
(1232, NULL, 723, '20:45:56 26-02-2023'),
(1233, NULL, 724, '23:44:36 21-11-2019'),
(1234, NULL, 725, '19:48:40 04-11-2022'),
(1235, NULL, 726, '02:01:21 08-07-2018'),
(1236, NULL, 727, '10:35:09 25-01-2022'),
(1237, NULL, 728, '16:18:20 05-01-2018'),
(1238, NULL, 729, '22:51:09 09-03-2019'),
(1239, NULL, 730, '07:56:55 29-11-2022'),
(1240, NULL, 731, '18:46:57 05-07-2015'),
(1241, NULL, 732, '09:14:18 18-04-2020'),
(1242, NULL, 733, '17:44:25 09-08-2020'),
(1243, NULL, 734, '03:47:52 14-03-2020'),
(1244, NULL, 735, '18:32:24 22-11-2023'),
(1245, NULL, 736, '21:13:12 03-07-2018'),
(1246, NULL, 737, '00:35:45 14-02-2021'),
(1247, NULL, 738, '05:16:20 09-02-2017'),
(1248, NULL, 739, '14:38:24 21-03-2016'),
(1249, NULL, 740, '11:34:39 09-05-2017'),
(1250, NULL, 741, '00:04:18 11-02-2017'),
(1251, NULL, 610, '03:57:49 06-05-2021'),
(1252, NULL, 627, '21:33:31 01-12-2016'),
(1253, NULL, 736, '00:38:36 31-01-2024'),
(1254, NULL, 573, '18:57:17 02-09-2020'),
(1255, NULL, 645, '22:26:04 23-08-2017'),
(1256, NULL, 666, '05:50:24 23-09-2016'),
(1257, NULL, 683, '05:47:39 18-10-2018'),
(1258, NULL, 687, '10:07:37 24-05-2018'),
(1259, NULL, 566, '05:21:38 24-04-2020'),
(1260, NULL, 555, '10:28:59 06-10-2018'),
(1261, NULL, 650, '06:14:08 26-07-2020'),
(1262, NULL, 550, '03:11:35 05-01-2018'),
(1263, NULL, 608, '09:55:15 02-06-2019'),
(1264, NULL, 697, '04:42:24 20-08-2020'),
(1265, NULL, 579, '18:24:20 28-04-2021'),
(1266, NULL, 596, '00:47:15 23-01-2024'),
(1267, NULL, 649, '22:39:20 12-03-2023'),
(1268, NULL, 568, '21:39:21 02-02-2018'),
(1269, NULL, 605, '11:50:36 12-04-2015'),
(1270, NULL, 733, '08:55:13 09-03-2017'),
(1271, NULL, 730, '17:51:37 10-07-2017'),
(1272, NULL, 596, '03:04:56 11-05-2016'),
(1273, NULL, 634, '23:38:21 04-04-2017'),
(1274, NULL, 711, '14:50:59 19-01-2024'),
(1275, NULL, 739, '12:43:32 10-02-2021'),
(1276, NULL, 575, '04:57:48 14-11-2019'),
(1277, NULL, 726, '16:32:54 14-06-2020');
INSERT INTO `zamowienie` (`id_zamowienia`, `id_klienta_detalicznego`, `id_klienta_hurtowego`, `data`) VALUES
(1278, NULL, 673, '21:43:15 15-12-2021'),
(1279, NULL, 712, '02:36:47 24-05-2016'),
(1280, NULL, 682, '22:53:07 13-08-2022'),
(1281, NULL, 625, '04:45:31 01-02-2024'),
(1282, NULL, 628, '12:25:49 10-08-2016'),
(1283, NULL, 574, '04:42:37 23-01-2016'),
(1284, NULL, 577, '01:25:49 05-07-2016'),
(1285, NULL, 728, '19:46:48 05-05-2016'),
(1286, NULL, 671, '03:51:13 22-02-2018'),
(1287, NULL, 545, '07:57:20 17-06-2022'),
(1288, NULL, 654, '23:04:18 10-12-2015'),
(1289, NULL, 674, '07:55:28 17-08-2015'),
(1290, NULL, 651, '22:02:28 06-04-2017'),
(1291, NULL, 552, '19:52:38 08-08-2017'),
(1292, NULL, 630, '05:44:57 16-01-2020'),
(1293, NULL, 649, '09:28:09 21-06-2019'),
(1294, NULL, 691, '16:10:39 16-10-2022'),
(1295, NULL, 552, '04:07:53 09-10-2017'),
(1296, NULL, 614, '10:16:29 16-09-2021'),
(1297, NULL, 621, '12:13:37 17-07-2023'),
(1298, NULL, 727, '12:19:35 26-06-2022'),
(1299, NULL, 560, '02:08:20 27-04-2022'),
(1300, NULL, 683, '03:10:31 06-05-2021'),
(1301, NULL, 665, '01:11:43 18-01-2015'),
(1302, NULL, 727, '13:27:04 23-08-2023'),
(1303, NULL, 545, '06:44:28 03-11-2016'),
(1304, NULL, 656, '04:28:52 15-06-2017'),
(1305, NULL, 557, '01:11:12 28-07-2021'),
(1306, NULL, 615, '03:54:39 22-06-2021'),
(1307, NULL, 646, '22:06:58 27-05-2016'),
(1308, NULL, 647, '18:09:32 21-02-2017'),
(1309, NULL, 690, '05:45:57 14-12-2020'),
(1310, NULL, 635, '13:49:24 21-09-2020'),
(1311, NULL, 688, '09:55:53 29-09-2023'),
(1312, NULL, 683, '16:59:19 14-11-2019'),
(1313, NULL, 638, '07:10:08 04-03-2016'),
(1314, NULL, 697, '06:03:49 25-12-2020'),
(1315, NULL, 627, '22:55:37 30-01-2019'),
(1316, NULL, 737, '16:33:57 25-09-2018'),
(1317, NULL, 599, '21:41:49 24-03-2016'),
(1318, NULL, 674, '07:25:41 06-12-2019'),
(1319, NULL, 594, '23:21:01 04-04-2019'),
(1320, NULL, 593, '01:52:58 04-12-2017'),
(1321, NULL, 707, '09:55:12 19-12-2021'),
(1322, NULL, 717, '01:48:18 31-12-2022'),
(1323, NULL, 708, '11:25:23 27-12-2021'),
(1324, NULL, 567, '09:38:40 29-05-2021'),
(1325, NULL, 579, '16:54:08 17-02-2022'),
(1326, NULL, 650, '22:16:38 23-03-2023'),
(1327, NULL, 741, '12:45:58 12-04-2020'),
(1328, NULL, 697, '00:29:01 28-06-2015'),
(1329, NULL, 619, '17:28:28 09-11-2022'),
(1330, NULL, 561, '10:00:55 14-11-2022'),
(1331, NULL, 721, '12:22:58 01-12-2021'),
(1332, NULL, 669, '20:14:04 31-08-2015'),
(1333, NULL, 568, '12:42:24 04-10-2017'),
(1334, NULL, 547, '05:16:54 18-06-2019'),
(1335, NULL, 664, '21:55:29 18-03-2016'),
(1336, NULL, 570, '13:49:51 23-06-2023'),
(1337, NULL, 640, '01:34:54 31-03-2021'),
(1338, NULL, 701, '02:41:32 07-03-2019'),
(1339, NULL, 674, '00:00:02 18-09-2021'),
(1340, NULL, 696, '19:58:52 13-11-2020'),
(1341, NULL, 665, '07:12:21 14-07-2019'),
(1342, NULL, 682, '11:34:00 16-03-2015'),
(1343, NULL, 630, '11:23:55 14-01-2021'),
(1344, NULL, 681, '09:14:58 30-06-2023'),
(1345, NULL, 639, '18:37:02 09-03-2022'),
(1346, NULL, 656, '04:23:29 31-10-2022'),
(1347, NULL, 600, '00:45:39 06-05-2020'),
(1348, NULL, 632, '21:47:31 03-10-2022'),
(1349, NULL, 596, '08:00:51 14-02-2016'),
(1350, NULL, 550, '05:18:56 24-04-2021'),
(1351, NULL, 684, '02:51:38 16-09-2017'),
(1352, NULL, 566, '11:44:32 18-06-2020'),
(1353, NULL, 675, '18:48:43 30-03-2024'),
(1354, NULL, 555, '08:54:50 01-03-2017'),
(1355, NULL, 591, '15:17:10 24-02-2024'),
(1356, NULL, 621, '00:19:10 27-10-2018'),
(1357, NULL, 563, '20:42:58 27-08-2018'),
(1358, NULL, 670, '15:16:02 26-11-2017'),
(1359, NULL, 654, '19:45:46 19-02-2017'),
(1360, NULL, 680, '12:28:52 11-04-2023'),
(1361, NULL, 692, '07:51:35 27-10-2022'),
(1362, NULL, 735, '18:24:12 07-01-2021'),
(1363, NULL, 696, '09:43:19 05-04-2016'),
(1364, NULL, 722, '01:33:07 09-02-2019'),
(1365, NULL, 543, '03:03:52 29-08-2022'),
(1366, NULL, 722, '19:41:39 12-06-2023'),
(1367, NULL, 578, '01:00:48 05-05-2023'),
(1368, NULL, 727, '01:54:01 03-02-2015'),
(1369, NULL, 584, '23:02:52 16-02-2019'),
(1370, NULL, 671, '04:19:17 21-09-2018'),
(1371, NULL, 656, '08:04:08 06-06-2015'),
(1372, NULL, 556, '07:23:27 15-05-2015'),
(1373, NULL, 601, '14:27:41 25-02-2016'),
(1374, NULL, 551, '10:54:01 30-09-2023'),
(1375, NULL, 709, '04:08:31 19-07-2019'),
(1376, NULL, 571, '05:32:18 22-12-2016'),
(1377, NULL, 689, '11:00:13 01-04-2016'),
(1378, NULL, 722, '01:05:23 16-04-2018'),
(1379, NULL, 704, '00:07:32 14-04-2022'),
(1380, NULL, 633, '11:56:12 13-11-2015'),
(1381, NULL, 635, '00:28:48 10-06-2020'),
(1382, NULL, 657, '13:36:49 11-04-2021'),
(1383, NULL, 726, '18:14:37 02-03-2018'),
(1384, NULL, 719, '07:05:48 17-01-2023'),
(1385, NULL, 562, '22:03:05 10-10-2019'),
(1386, NULL, 736, '06:08:56 01-12-2018'),
(1387, NULL, 652, '17:19:27 15-05-2019'),
(1388, NULL, 542, '18:23:03 20-02-2021'),
(1389, NULL, 545, '07:32:10 27-02-2016'),
(1390, NULL, 584, '20:42:17 11-08-2020'),
(1391, NULL, 578, '17:36:44 14-03-2022'),
(1392, NULL, 612, '03:22:58 16-03-2018'),
(1393, NULL, 545, '23:20:52 14-12-2020'),
(1394, NULL, 589, '22:17:01 06-05-2017'),
(1395, NULL, 711, '18:35:58 09-01-2019'),
(1396, NULL, 641, '13:58:07 28-05-2016'),
(1397, NULL, 663, '21:53:04 23-08-2018'),
(1398, NULL, 567, '03:27:47 01-11-2017'),
(1399, NULL, 608, '18:16:01 02-05-2019'),
(1400, NULL, 652, '11:48:26 07-08-2017'),
(1401, NULL, 681, '22:02:09 24-12-2022'),
(1402, NULL, 549, '17:38:43 22-12-2015'),
(1403, NULL, 666, '11:08:38 24-09-2019'),
(1404, NULL, 638, '06:56:12 13-04-2020'),
(1405, NULL, 654, '22:30:44 22-01-2016'),
(1406, NULL, 633, '17:24:56 19-01-2019'),
(1407, NULL, 567, '10:58:41 20-02-2018'),
(1408, NULL, 625, '09:21:22 27-12-2018'),
(1409, NULL, 586, '14:44:28 13-02-2020'),
(1410, NULL, 684, '09:55:18 03-10-2021'),
(1411, NULL, 737, '10:37:48 28-08-2018'),
(1412, NULL, 590, '00:54:18 29-01-2020'),
(1413, NULL, 582, '03:56:32 14-01-2017'),
(1414, NULL, 675, '00:44:48 12-09-2019'),
(1415, NULL, 702, '04:11:48 30-09-2020'),
(1416, NULL, 667, '01:14:09 18-07-2015'),
(1417, NULL, 559, '00:18:33 04-04-2019'),
(1418, NULL, 595, '06:35:13 01-06-2015'),
(1419, NULL, 552, '08:55:21 02-10-2023'),
(1420, NULL, 558, '13:00:24 08-02-2020'),
(1421, NULL, 686, '22:54:13 19-08-2023'),
(1422, NULL, 685, '00:26:19 29-09-2018'),
(1423, NULL, 612, '11:37:30 05-08-2017'),
(1424, NULL, 543, '14:00:04 21-02-2022'),
(1425, NULL, 628, '20:09:23 08-12-2020'),
(1426, NULL, 589, '03:07:59 07-07-2023'),
(1427, NULL, 586, '07:22:21 02-12-2018'),
(1428, NULL, 649, '11:40:29 01-07-2018'),
(1429, NULL, 580, '08:07:31 02-05-2019'),
(1430, NULL, 618, '01:42:45 02-03-2024'),
(1431, NULL, 639, '17:55:51 08-05-2017'),
(1432, NULL, 717, '06:57:43 04-10-2016'),
(1433, NULL, 578, '07:28:11 17-02-2020'),
(1434, NULL, 595, '13:13:56 09-08-2021'),
(1435, NULL, 570, '05:54:32 30-01-2015'),
(1436, NULL, 586, '07:29:21 12-06-2018'),
(1437, NULL, 656, '22:19:25 21-11-2018'),
(1438, NULL, 726, '06:42:28 23-06-2022'),
(1439, NULL, 627, '05:09:24 27-06-2019'),
(1440, NULL, 592, '15:34:22 06-08-2016'),
(1441, NULL, 565, '07:59:12 10-12-2018'),
(1442, NULL, 545, '03:59:52 31-12-2017'),
(1443, NULL, 709, '02:23:52 15-12-2018'),
(1444, NULL, 596, '03:19:32 21-12-2021'),
(1445, NULL, 666, '22:46:11 08-11-2023'),
(1446, NULL, 646, '08:57:55 17-08-2023'),
(1447, NULL, 646, '20:22:32 19-02-2020'),
(1448, NULL, 698, '14:46:58 24-02-2016'),
(1449, NULL, 723, '12:55:38 19-02-2022'),
(1450, NULL, 741, '15:00:18 12-12-2022'),
(1451, NULL, 590, '14:26:52 11-12-2022'),
(1452, NULL, 677, '19:50:03 12-02-2019'),
(1453, NULL, 629, '19:33:39 31-03-2018'),
(1454, NULL, 625, '15:01:37 10-08-2022'),
(1455, NULL, 735, '04:01:06 25-01-2015'),
(1456, NULL, 642, '15:50:29 02-04-2020'),
(1457, NULL, 574, '11:39:50 07-06-2020'),
(1458, NULL, 689, '14:11:10 19-06-2019'),
(1459, NULL, 674, '04:31:46 17-09-2020'),
(1460, NULL, 686, '10:08:43 11-02-2019'),
(1461, NULL, 618, '14:08:35 18-03-2020'),
(1462, NULL, 638, '02:23:06 22-04-2020'),
(1463, NULL, 591, '09:51:34 11-11-2017'),
(1464, NULL, 583, '07:54:24 09-07-2022'),
(1465, NULL, 591, '21:47:56 01-02-2024'),
(1466, NULL, 546, '20:38:16 13-03-2016'),
(1467, NULL, 723, '14:10:26 29-03-2024'),
(1468, NULL, 606, '19:20:29 03-06-2019'),
(1469, NULL, 584, '19:07:58 25-10-2018'),
(1470, NULL, 618, '08:14:49 16-03-2016'),
(1471, NULL, 716, '23:31:28 02-04-2023'),
(1472, NULL, 556, '01:21:00 24-11-2023'),
(1473, NULL, 712, '14:04:32 17-09-2017'),
(1474, NULL, 616, '00:50:03 17-10-2016'),
(1475, NULL, 551, '23:39:32 07-08-2018'),
(1476, NULL, 723, '12:47:11 07-07-2017'),
(1477, NULL, 735, '16:30:56 22-04-2019'),
(1478, NULL, 595, '20:13:45 07-08-2022'),
(1479, NULL, 556, '23:22:12 04-12-2017'),
(1480, NULL, 692, '12:28:05 21-05-2020'),
(1481, NULL, 637, '04:09:39 16-07-2020'),
(1482, NULL, 704, '03:23:34 03-06-2018'),
(1483, NULL, 571, '12:11:23 10-11-2015'),
(1484, NULL, 600, '01:45:24 25-02-2018'),
(1485, NULL, 615, '19:08:17 19-06-2020'),
(1486, NULL, 646, '23:50:39 23-05-2016'),
(1487, NULL, 621, '20:24:45 26-12-2016'),
(1488, NULL, 738, '15:26:57 12-05-2017'),
(1489, NULL, 633, '00:41:08 28-04-2016'),
(1490, NULL, 695, '08:24:23 09-02-2024'),
(1491, NULL, 637, '10:25:45 04-09-2015'),
(1492, NULL, 664, '01:51:39 04-12-2019'),
(1493, NULL, 577, '06:35:26 09-05-2017'),
(1494, NULL, 627, '15:24:55 05-06-2016'),
(1495, NULL, 564, '12:49:10 24-04-2019'),
(1496, NULL, 658, '23:30:58 11-02-2021'),
(1497, NULL, 680, '18:47:20 24-09-2019'),
(1498, NULL, 710, '00:09:14 04-04-2022'),
(1499, NULL, 725, '11:11:30 15-09-2018'),
(1500, NULL, 602, '19:48:54 10-06-2017'),
(1501, NULL, 732, '14:22:17 02-06-2016'),
(1502, NULL, 555, '01:00:28 01-02-2017'),
(1503, NULL, 738, '08:16:27 14-10-2023'),
(1504, NULL, 551, '04:16:26 23-04-2015'),
(1505, NULL, 560, '14:32:40 27-05-2019'),
(1506, NULL, 675, '13:42:17 03-06-2015'),
(1507, NULL, 626, '23:28:20 22-09-2015'),
(1508, NULL, 632, '20:28:10 14-02-2018'),
(1509, NULL, 544, '01:32:36 02-04-2020'),
(1510, NULL, 602, '23:05:05 10-11-2017'),
(1511, NULL, 574, '14:04:58 16-12-2020'),
(1512, NULL, 631, '22:46:07 02-06-2023'),
(1513, NULL, 559, '03:30:04 15-04-2016'),
(1514, NULL, 582, '04:32:42 28-03-2024'),
(1515, NULL, 647, '23:52:46 11-02-2017'),
(1516, NULL, 722, '09:35:06 17-11-2018'),
(1517, NULL, 652, '08:54:58 08-01-2017'),
(1518, NULL, 696, '02:30:15 19-06-2017'),
(1519, NULL, 694, '16:18:57 04-09-2020'),
(1520, NULL, 717, '17:55:33 12-04-2021'),
(1521, NULL, 549, '19:59:35 21-05-2019'),
(1522, NULL, 734, '12:41:15 26-08-2017'),
(1523, NULL, 654, '17:44:55 27-08-2021'),
(1524, NULL, 588, '11:22:47 28-01-2018'),
(1525, NULL, 640, '12:55:35 03-06-2017'),
(1526, NULL, 597, '23:00:33 14-10-2018'),
(1527, NULL, 557, '15:24:06 20-05-2019'),
(1528, NULL, 669, '15:03:22 22-02-2016'),
(1529, NULL, 681, '22:38:19 15-05-2016'),
(1530, NULL, 674, '20:52:00 02-06-2021'),
(1531, NULL, 634, '14:35:15 27-04-2016'),
(1532, NULL, 654, '15:53:15 22-06-2021'),
(1533, NULL, 653, '05:02:40 01-04-2016'),
(1534, NULL, 685, '21:07:08 11-10-2021'),
(1535, NULL, 543, '04:09:52 11-12-2019'),
(1536, NULL, 547, '17:09:16 03-10-2023'),
(1537, NULL, 615, '10:20:02 11-02-2018'),
(1538, NULL, 607, '05:03:48 03-07-2023'),
(1539, NULL, 689, '20:48:55 29-10-2015'),
(1540, NULL, 605, '22:09:22 28-08-2018'),
(1541, NULL, 704, '03:31:19 12-09-2021'),
(1542, NULL, 709, '00:52:11 05-01-2021'),
(1543, NULL, 602, '11:48:36 15-04-2022'),
(1544, NULL, 589, '16:21:59 25-12-2015'),
(1545, NULL, 611, '05:58:41 14-03-2022'),
(1546, NULL, 624, '12:24:37 15-06-2020'),
(1547, NULL, 702, '15:22:08 18-12-2016'),
(1548, NULL, 701, '18:45:08 16-02-2023'),
(1549, NULL, 652, '05:56:33 06-11-2022'),
(1550, NULL, 714, '16:37:42 08-01-2015'),
(1551, NULL, 629, '06:35:46 26-10-2017'),
(1552, NULL, 613, '06:27:18 07-02-2020'),
(1553, NULL, 695, '21:08:15 05-02-2022'),
(1554, NULL, 641, '09:26:35 05-09-2016'),
(1555, NULL, 684, '14:50:40 20-01-2023'),
(1556, NULL, 715, '22:33:54 28-10-2020'),
(1557, NULL, 595, '13:30:50 25-08-2021'),
(1558, NULL, 679, '02:37:25 23-02-2019'),
(1559, NULL, 629, '20:32:19 31-07-2019'),
(1560, NULL, 681, '16:34:29 04-08-2021'),
(1561, NULL, 643, '00:13:34 14-01-2020'),
(1562, NULL, 588, '18:42:34 17-08-2020'),
(1563, NULL, 604, '23:20:42 05-12-2023'),
(1564, NULL, 730, '17:57:45 19-06-2021'),
(1565, NULL, 703, '04:27:14 22-06-2015'),
(1566, NULL, 709, '11:21:53 12-11-2019'),
(1567, NULL, 649, '21:02:37 03-08-2015'),
(1568, NULL, 609, '08:43:45 26-08-2019'),
(1569, NULL, 593, '21:19:25 21-12-2022'),
(1570, NULL, 542, '21:59:57 23-03-2022'),
(1571, NULL, 584, '16:30:47 09-11-2021'),
(1572, NULL, 637, '08:52:30 31-10-2016'),
(1573, NULL, 606, '11:53:37 07-02-2022'),
(1574, NULL, 699, '06:33:55 23-03-2018'),
(1575, NULL, 704, '03:06:39 17-08-2019'),
(1576, NULL, 729, '08:51:53 21-04-2016'),
(1577, NULL, 658, '18:02:01 16-01-2017'),
(1578, NULL, 680, '15:30:36 14-10-2018'),
(1579, NULL, 680, '01:15:25 14-02-2017'),
(1580, NULL, 714, '05:21:44 04-10-2020'),
(1581, NULL, 706, '09:50:49 09-04-2015'),
(1582, NULL, 612, '10:35:00 22-02-2015'),
(1583, NULL, 583, '03:35:59 06-09-2023'),
(1584, NULL, 675, '07:50:20 30-11-2022'),
(1585, NULL, 639, '04:56:48 23-06-2019'),
(1586, NULL, 691, '17:42:42 28-10-2021'),
(1587, NULL, 653, '18:12:03 08-02-2015'),
(1588, NULL, 732, '04:12:15 29-06-2022'),
(1589, NULL, 713, '15:48:11 09-02-2016'),
(1590, NULL, 640, '17:32:26 25-03-2020'),
(1591, NULL, 683, '12:14:31 21-11-2015'),
(1592, NULL, 654, '02:01:16 30-03-2017'),
(1593, NULL, 586, '09:35:47 13-05-2020'),
(1594, NULL, 582, '12:21:15 19-04-2023'),
(1595, NULL, 717, '19:22:12 07-04-2016'),
(1596, NULL, 587, '17:50:30 22-01-2015'),
(1597, NULL, 619, '10:27:13 12-03-2020'),
(1598, NULL, 627, '00:58:57 05-05-2021'),
(1599, NULL, 601, '01:34:48 30-11-2018'),
(1600, NULL, 692, '12:53:25 12-09-2021'),
(1601, NULL, 594, '03:23:05 07-09-2021'),
(1602, NULL, 642, '16:22:37 07-02-2020'),
(1603, NULL, 607, '20:05:28 19-05-2015'),
(1604, NULL, 574, '19:31:08 26-10-2016'),
(1605, NULL, 662, '17:22:38 22-10-2016'),
(1606, NULL, 562, '10:54:10 31-07-2017'),
(1607, NULL, 568, '09:48:05 29-06-2017'),
(1608, NULL, 692, '06:19:51 05-02-2024'),
(1609, NULL, 627, '21:26:43 27-05-2015'),
(1610, NULL, 586, '21:15:12 09-10-2020'),
(1611, NULL, 694, '16:00:52 06-10-2018'),
(1612, NULL, 583, '12:23:00 09-10-2017'),
(1613, NULL, 607, '23:35:25 22-06-2018'),
(1614, NULL, 673, '12:32:17 08-08-2023'),
(1615, NULL, 550, '00:10:51 22-05-2023'),
(1616, NULL, 657, '04:56:44 21-06-2019'),
(1617, NULL, 590, '15:31:15 03-05-2022'),
(1618, NULL, 589, '23:27:14 17-09-2023'),
(1619, NULL, 591, '20:52:44 05-02-2019'),
(1620, NULL, 609, '23:44:58 22-12-2023'),
(1621, NULL, 618, '14:52:43 15-06-2018'),
(1622, NULL, 732, '22:08:53 20-05-2020'),
(1623, NULL, 647, '09:36:47 06-11-2019'),
(1624, NULL, 690, '09:46:41 15-10-2015'),
(1625, NULL, 730, '08:25:42 16-01-2019'),
(1626, NULL, 549, '18:19:38 11-01-2024'),
(1627, NULL, 689, '17:14:35 22-09-2021'),
(1628, NULL, 591, '18:37:23 13-09-2022'),
(1629, NULL, 640, '18:42:58 29-11-2017'),
(1630, NULL, 555, '08:19:05 18-10-2019'),
(1631, NULL, 569, '02:43:31 22-06-2016'),
(1632, NULL, 645, '04:44:13 06-06-2017'),
(1633, NULL, 557, '11:19:41 14-01-2024'),
(1634, NULL, 669, '16:57:03 14-04-2017'),
(1635, NULL, 606, '10:13:04 05-11-2023'),
(1636, NULL, 715, '22:54:15 17-05-2021'),
(1637, NULL, 692, '14:36:31 24-09-2020'),
(1638, NULL, 690, '18:24:01 03-11-2016'),
(1639, NULL, 712, '18:33:25 29-04-2018'),
(1640, NULL, 660, '22:36:42 27-08-2021'),
(1641, NULL, 619, '05:26:09 21-07-2020'),
(1642, NULL, 562, '05:32:30 25-08-2023'),
(1643, NULL, 683, '01:29:54 14-01-2024'),
(1644, NULL, 651, '21:45:21 03-08-2020'),
(1645, NULL, 673, '05:41:19 19-08-2022'),
(1646, NULL, 554, '07:08:18 05-09-2017'),
(1647, NULL, 727, '20:34:19 07-01-2016'),
(1648, NULL, 722, '20:51:03 11-01-2018'),
(1649, NULL, 670, '07:57:04 24-12-2020'),
(1650, NULL, 701, '06:40:34 27-01-2017'),
(1651, NULL, 604, '00:24:48 09-12-2022'),
(1652, NULL, 554, '16:17:43 17-02-2024'),
(1653, NULL, 714, '12:47:11 12-07-2019'),
(1654, NULL, 561, '15:46:28 29-08-2022'),
(1655, NULL, 544, '14:50:14 01-11-2017'),
(1656, NULL, 718, '15:59:21 29-04-2016'),
(1657, NULL, 620, '15:26:25 20-08-2022'),
(1658, NULL, 682, '23:48:16 18-03-2017'),
(1659, NULL, 633, '02:30:35 10-06-2021'),
(1660, NULL, 552, '08:47:23 09-03-2015'),
(1661, NULL, 544, '07:48:47 04-12-2020'),
(1662, NULL, 545, '02:32:58 10-02-2017'),
(1663, NULL, 654, '03:03:35 06-08-2016'),
(1664, NULL, 555, '07:29:03 19-06-2021'),
(1665, NULL, 699, '07:01:59 26-06-2021'),
(1666, NULL, 650, '04:58:09 20-12-2016'),
(1667, NULL, 733, '08:32:25 07-04-2020'),
(1668, NULL, 739, '05:23:53 01-09-2018'),
(1669, NULL, 723, '22:59:09 21-03-2022'),
(1670, NULL, 563, '15:57:35 30-09-2022'),
(1671, NULL, 573, '14:35:55 02-09-2020'),
(1672, NULL, 652, '04:56:10 25-04-2017'),
(1673, NULL, 577, '16:13:53 05-02-2016'),
(1674, NULL, 584, '01:45:16 03-06-2016'),
(1675, NULL, 556, '22:11:48 06-03-2021'),
(1676, NULL, 720, '10:36:31 15-02-2017'),
(1677, NULL, 707, '06:22:45 25-11-2015'),
(1678, NULL, 658, '20:56:15 05-11-2018'),
(1679, NULL, 674, '02:50:14 30-06-2018'),
(1680, NULL, 696, '16:36:24 05-09-2017'),
(1681, NULL, 604, '04:20:01 24-11-2015'),
(1682, NULL, 741, '19:33:05 26-10-2019'),
(1683, NULL, 654, '22:20:31 07-05-2019'),
(1684, NULL, 718, '15:50:05 30-12-2016'),
(1685, NULL, 741, '00:41:01 24-10-2018'),
(1686, NULL, 650, '09:28:58 18-04-2023'),
(1687, NULL, 557, '06:11:05 04-01-2019'),
(1688, NULL, 622, '19:06:39 03-10-2018'),
(1689, NULL, 709, '12:55:11 01-01-2021'),
(1690, NULL, 660, '23:17:04 08-08-2017'),
(1691, NULL, 615, '22:36:44 06-04-2019'),
(1692, NULL, 606, '09:26:51 13-09-2021'),
(1693, NULL, 637, '01:33:23 26-07-2023'),
(1694, NULL, 697, '00:14:04 26-12-2018'),
(1695, NULL, 688, '22:09:40 30-03-2015'),
(1696, NULL, 564, '10:28:39 28-04-2016'),
(1697, NULL, 543, '01:23:35 08-11-2023'),
(1698, NULL, 718, '18:04:47 04-05-2021'),
(1699, NULL, 649, '19:01:46 14-03-2020'),
(1700, NULL, 738, '16:16:49 11-07-2015'),
(1701, NULL, 598, '08:11:37 06-09-2022'),
(1702, NULL, 542, '11:28:18 03-12-2016'),
(1703, NULL, 608, '08:40:22 02-06-2020'),
(1704, NULL, 564, '23:11:40 12-01-2024'),
(1705, NULL, 654, '17:30:16 12-05-2023'),
(1706, NULL, 681, '04:09:54 10-09-2020'),
(1707, NULL, 583, '22:14:19 17-05-2017'),
(1708, NULL, 739, '15:59:42 23-08-2022'),
(1709, NULL, 589, '01:08:05 30-06-2015'),
(1710, NULL, 645, '23:29:25 01-07-2016'),
(1711, NULL, 703, '16:05:48 07-05-2021'),
(1712, NULL, 673, '03:04:10 28-03-2023'),
(1713, NULL, 695, '03:47:11 02-10-2022'),
(1714, NULL, 713, '23:23:15 13-03-2019'),
(1715, NULL, 560, '23:58:15 05-10-2021'),
(1716, NULL, 625, '09:33:33 11-04-2018'),
(1717, NULL, 649, '15:00:23 21-07-2021'),
(1718, NULL, 666, '21:50:24 23-11-2023'),
(1719, NULL, 617, '22:43:23 22-12-2023'),
(1720, NULL, 691, '11:34:28 04-06-2017'),
(1721, NULL, 610, '01:16:31 29-10-2019'),
(1722, NULL, 602, '05:45:28 12-07-2020'),
(1723, NULL, 698, '10:39:00 21-10-2015'),
(1724, NULL, 572, '05:55:45 12-01-2015'),
(1725, NULL, 672, '09:00:43 03-04-2016'),
(1726, NULL, 721, '15:23:18 14-09-2018'),
(1727, NULL, 646, '19:46:13 07-11-2020'),
(1728, NULL, 689, '14:03:59 28-03-2023'),
(1729, NULL, 660, '00:11:12 27-04-2023'),
(1730, NULL, 609, '21:55:29 08-09-2023'),
(1731, NULL, 549, '23:50:27 02-08-2019'),
(1732, NULL, 741, '03:35:09 16-10-2018'),
(1733, NULL, 683, '14:19:49 06-05-2017'),
(1734, NULL, 668, '00:17:04 25-08-2020'),
(1735, NULL, 604, '11:00:19 14-07-2016'),
(1736, NULL, 702, '10:40:04 06-12-2015'),
(1737, NULL, 719, '15:34:46 08-09-2016'),
(1738, NULL, 577, '14:16:09 09-08-2023'),
(1739, NULL, 642, '10:13:38 06-03-2021'),
(1740, NULL, 676, '15:17:52 05-06-2016'),
(1741, NULL, 732, '09:12:39 01-08-2022'),
(1742, NULL, 696, '06:03:49 22-07-2023'),
(1743, NULL, 633, '23:09:01 13-03-2017'),
(1744, NULL, 683, '06:30:54 26-01-2017'),
(1745, NULL, 647, '00:27:06 01-08-2021'),
(1746, NULL, 626, '17:56:25 02-02-2016'),
(1747, NULL, 713, '03:08:18 14-06-2020'),
(1748, NULL, 589, '08:16:45 29-05-2022'),
(1749, NULL, 680, '01:32:34 11-02-2019'),
(1750, NULL, 583, '02:21:03 09-07-2018'),
(1751, NULL, 656, '21:15:29 29-07-2018'),
(1752, NULL, 690, '18:42:52 20-02-2016'),
(1753, NULL, 563, '14:09:17 18-02-2019'),
(1754, NULL, 609, '02:41:39 24-04-2015'),
(1755, NULL, 567, '08:48:54 16-03-2022'),
(1756, NULL, 736, '22:22:13 22-11-2015'),
(1757, NULL, 569, '09:10:13 17-09-2017'),
(1758, NULL, 717, '08:19:49 11-01-2021'),
(1759, NULL, 681, '03:38:25 18-07-2021'),
(1760, NULL, 712, '08:39:48 20-09-2020'),
(1761, NULL, 585, '23:50:43 13-01-2015'),
(1762, NULL, 726, '22:54:47 05-04-2021'),
(1763, NULL, 711, '14:05:48 05-10-2020'),
(1764, NULL, 723, '05:20:58 06-04-2017'),
(1765, NULL, 630, '17:57:09 20-08-2019'),
(1766, NULL, 590, '14:52:22 10-09-2023'),
(1767, NULL, 725, '07:20:47 10-01-2015'),
(1768, NULL, 719, '08:19:11 25-09-2018'),
(1769, NULL, 738, '06:22:56 28-04-2016'),
(1770, NULL, 589, '14:29:43 04-06-2016'),
(1771, NULL, 563, '19:36:34 22-02-2023'),
(1772, NULL, 662, '22:10:32 02-04-2017'),
(1773, NULL, 667, '11:31:21 26-07-2023'),
(1774, NULL, 684, '14:16:19 29-04-2022'),
(1775, NULL, 669, '12:39:23 07-09-2019'),
(1776, NULL, 564, '10:05:12 13-05-2020'),
(1777, NULL, 546, '19:01:01 22-11-2020'),
(1778, NULL, 607, '21:34:16 31-03-2018'),
(1779, NULL, 692, '11:48:11 19-12-2023'),
(1780, NULL, 707, '12:39:53 06-05-2018'),
(1781, NULL, 615, '22:40:58 12-09-2020'),
(1782, NULL, 672, '05:34:48 26-11-2023'),
(1783, NULL, 603, '23:09:11 25-09-2023'),
(1784, NULL, 677, '12:48:34 03-10-2017'),
(1785, NULL, 662, '04:12:08 23-08-2022'),
(1786, NULL, 554, '07:27:32 06-02-2021'),
(1787, NULL, 712, '19:33:25 19-05-2018'),
(1788, NULL, 563, '00:53:59 03-12-2016'),
(1789, NULL, 600, '09:03:12 13-12-2016'),
(1790, NULL, 600, '02:37:20 18-01-2024'),
(1791, NULL, 721, '01:01:06 29-12-2020'),
(1792, NULL, 661, '05:32:04 05-12-2021'),
(1793, NULL, 596, '20:56:01 19-08-2021'),
(1794, NULL, 670, '11:56:53 19-12-2016'),
(1795, NULL, 583, '21:29:29 15-05-2021'),
(1796, NULL, 666, '17:14:10 13-12-2019'),
(1797, NULL, 733, '20:23:11 17-02-2015'),
(1798, NULL, 740, '01:29:47 03-10-2015'),
(1799, NULL, 712, '17:55:16 30-06-2023'),
(1800, NULL, 628, '23:06:38 31-12-2023'),
(1801, NULL, 636, '22:04:50 11-02-2022'),
(1802, NULL, 659, '10:04:13 09-07-2016'),
(1803, NULL, 632, '08:29:41 15-01-2022'),
(1804, NULL, 570, '13:56:16 21-12-2021'),
(1805, NULL, 690, '18:43:12 01-01-2020'),
(1806, NULL, 612, '02:48:15 07-10-2021'),
(1807, NULL, 548, '07:22:30 12-01-2020'),
(1808, NULL, 596, '15:33:15 09-07-2015'),
(1809, NULL, 586, '06:01:46 03-08-2021'),
(1810, NULL, 589, '08:40:26 30-07-2022'),
(1811, NULL, 543, '19:27:54 13-05-2020'),
(1812, NULL, 663, '10:17:14 04-07-2023'),
(1813, NULL, 630, '01:51:30 06-01-2020'),
(1814, NULL, 687, '13:54:18 06-05-2017'),
(1815, NULL, 617, '14:07:44 29-08-2019'),
(1816, NULL, 557, '19:48:50 21-02-2022'),
(1817, NULL, 545, '23:08:22 09-01-2018'),
(1818, NULL, 619, '21:01:05 13-08-2023'),
(1819, NULL, 582, '16:55:15 01-11-2015'),
(1820, NULL, 717, '23:33:22 24-09-2021'),
(1821, NULL, 708, '11:32:51 07-10-2019'),
(1822, NULL, 596, '01:40:19 10-01-2024'),
(1823, NULL, 580, '14:49:12 26-08-2018'),
(1824, NULL, 577, '16:00:32 29-02-2016'),
(1825, NULL, 725, '21:40:59 24-06-2022'),
(1826, NULL, 737, '12:07:09 20-09-2015'),
(1827, NULL, 619, '07:16:16 08-04-2015'),
(1828, NULL, 679, '05:19:23 04-07-2018'),
(1829, NULL, 607, '12:35:04 13-02-2024'),
(1830, NULL, 637, '21:57:08 22-12-2020'),
(1831, NULL, 596, '09:49:04 23-10-2017'),
(1832, NULL, 635, '08:06:41 24-02-2016'),
(1833, NULL, 649, '09:41:56 11-09-2019'),
(1834, NULL, 680, '16:02:44 07-02-2022'),
(1835, NULL, 562, '07:59:01 18-09-2016'),
(1836, NULL, 629, '09:16:28 02-01-2015'),
(1837, NULL, 620, '12:15:58 07-02-2016'),
(1838, NULL, 572, '20:54:48 21-01-2020'),
(1839, NULL, 691, '21:55:04 08-09-2020'),
(1840, NULL, 625, '03:33:42 18-12-2015'),
(1841, NULL, 678, '20:47:02 30-08-2018'),
(1842, NULL, 729, '14:30:13 23-05-2020'),
(1843, NULL, 652, '12:05:05 30-08-2017'),
(1844, NULL, 706, '08:10:34 13-01-2022'),
(1845, NULL, 667, '10:10:35 22-09-2021'),
(1846, NULL, 609, '22:03:33 25-01-2022'),
(1847, NULL, 724, '00:26:20 01-05-2018'),
(1848, NULL, 705, '05:23:44 23-07-2023'),
(1849, NULL, 716, '05:53:11 01-09-2017'),
(1850, NULL, 651, '22:03:05 12-06-2018'),
(1851, NULL, 601, '19:14:34 28-12-2015'),
(1852, NULL, 740, '20:11:20 09-06-2020'),
(1853, NULL, 594, '03:39:49 12-07-2022'),
(1854, NULL, 581, '00:24:49 15-09-2019'),
(1855, NULL, 661, '23:09:20 28-09-2023'),
(1856, NULL, 699, '16:55:31 13-02-2024'),
(1857, NULL, 636, '07:03:24 15-04-2023'),
(1858, NULL, 703, '09:58:01 14-01-2021'),
(1859, NULL, 631, '10:43:53 09-01-2019'),
(1860, NULL, 544, '17:10:06 03-11-2017'),
(1861, NULL, 647, '18:21:36 22-09-2016'),
(1862, NULL, 706, '03:18:46 31-10-2021'),
(1863, NULL, 731, '01:42:15 19-04-2019'),
(1864, NULL, 675, '20:54:19 03-06-2022'),
(1865, NULL, 622, '16:32:06 18-11-2021'),
(1866, NULL, 695, '17:05:12 26-11-2022'),
(1867, NULL, 732, '14:21:05 26-04-2020'),
(1868, NULL, 711, '06:46:53 21-11-2018'),
(1869, NULL, 667, '17:10:52 09-02-2021'),
(1870, NULL, 669, '13:33:00 26-04-2020'),
(1871, NULL, 692, '11:33:04 17-06-2018'),
(1872, NULL, 543, '19:34:47 28-03-2024'),
(1873, NULL, 596, '18:07:59 23-09-2017'),
(1874, NULL, 727, '18:15:25 20-04-2021'),
(1875, NULL, 565, '01:07:19 04-09-2020'),
(1876, NULL, 681, '08:23:02 24-12-2019'),
(1877, NULL, 643, '13:43:40 21-12-2016'),
(1878, NULL, 617, '19:14:22 19-05-2015'),
(1879, NULL, 623, '15:32:31 27-06-2023'),
(1880, NULL, 619, '20:12:29 05-12-2018'),
(1881, NULL, 594, '17:25:07 28-02-2016'),
(1882, NULL, 660, '12:51:16 02-01-2016'),
(1883, NULL, 710, '04:14:38 28-10-2020'),
(1884, NULL, 669, '14:37:36 07-09-2015'),
(1885, NULL, 688, '23:19:03 01-03-2019'),
(1886, NULL, 661, '06:26:54 01-09-2022'),
(1887, NULL, 712, '22:26:15 04-01-2019'),
(1888, NULL, 547, '22:22:40 30-03-2023'),
(1889, NULL, 569, '20:56:10 30-09-2020'),
(1890, NULL, 589, '18:30:30 26-09-2023'),
(1891, NULL, 586, '01:29:52 04-09-2015'),
(1892, NULL, 692, '17:16:29 17-07-2023'),
(1893, NULL, 555, '10:28:24 31-07-2018'),
(1894, NULL, 560, '22:07:58 30-01-2023'),
(1895, NULL, 629, '00:46:34 21-02-2022'),
(1896, NULL, 684, '16:39:38 22-06-2022'),
(1897, NULL, 577, '10:35:05 16-08-2021'),
(1898, NULL, 736, '08:18:32 23-11-2015'),
(1899, NULL, 544, '17:00:37 23-07-2023'),
(1900, NULL, 592, '10:21:23 05-04-2020'),
(1901, NULL, 567, '12:56:53 01-02-2024'),
(1902, NULL, 741, '17:15:51 09-04-2018'),
(1903, NULL, 712, '04:46:00 01-10-2021'),
(1904, NULL, 706, '08:49:43 19-03-2024'),
(1905, NULL, 678, '17:57:09 13-03-2017'),
(1906, NULL, 713, '21:25:54 01-02-2019'),
(1907, NULL, 600, '13:58:57 04-03-2020'),
(1908, NULL, 587, '06:20:41 04-01-2019'),
(1909, NULL, 692, '11:46:41 09-12-2018'),
(1910, NULL, 619, '23:46:47 05-05-2021'),
(1911, NULL, 712, '10:27:37 04-03-2018'),
(1912, NULL, 690, '10:45:53 06-10-2020'),
(1913, NULL, 587, '03:56:05 21-03-2016'),
(1914, NULL, 708, '22:34:01 06-01-2024'),
(1915, NULL, 624, '01:40:00 12-12-2022'),
(1916, NULL, 643, '10:55:36 14-03-2016'),
(1917, NULL, 671, '20:55:39 04-02-2018'),
(1918, NULL, 592, '06:13:22 09-03-2021'),
(1919, NULL, 698, '16:46:21 17-11-2020'),
(1920, NULL, 607, '01:40:04 21-05-2020'),
(1921, NULL, 592, '07:28:42 28-01-2023'),
(1922, NULL, 642, '05:54:34 23-11-2015'),
(1923, NULL, 685, '02:46:11 23-04-2015'),
(1924, NULL, 544, '06:22:22 26-06-2019'),
(1925, NULL, 659, '08:34:19 11-09-2023'),
(1926, NULL, 673, '20:52:05 13-03-2022'),
(1927, NULL, 590, '05:30:07 02-12-2020'),
(1928, NULL, 559, '22:54:36 27-04-2023'),
(1929, NULL, 619, '13:10:33 29-03-2023'),
(1930, NULL, 634, '02:09:57 07-07-2023'),
(1931, NULL, 560, '19:12:35 12-12-2015'),
(1932, NULL, 709, '21:54:44 15-11-2016'),
(1933, NULL, 547, '07:18:22 28-08-2018'),
(1934, NULL, 554, '11:24:36 01-11-2022'),
(1935, NULL, 666, '11:25:43 06-04-2022'),
(1936, NULL, 573, '04:01:07 23-11-2019'),
(1937, NULL, 690, '15:08:33 09-01-2018'),
(1938, NULL, 666, '10:55:26 03-11-2021'),
(1939, NULL, 695, '21:58:52 08-12-2019'),
(1940, NULL, 583, '16:25:01 09-06-2021'),
(1941, NULL, 654, '21:22:58 15-11-2019'),
(1942, NULL, 617, '18:24:04 24-07-2023'),
(1943, NULL, 698, '09:49:29 28-02-2024'),
(1944, NULL, 545, '17:16:32 08-09-2023'),
(1945, NULL, 664, '05:53:15 24-12-2018'),
(1946, NULL, 562, '02:42:13 27-09-2023'),
(1947, NULL, 607, '14:03:50 02-06-2016'),
(1948, NULL, 560, '08:53:04 26-10-2021'),
(1949, NULL, 674, '06:37:54 19-02-2024'),
(1950, NULL, 555, '19:29:49 01-12-2016'),
(1951, NULL, 641, '05:34:02 12-01-2016'),
(1952, NULL, 645, '14:29:09 26-05-2016'),
(1953, NULL, 695, '23:24:45 23-03-2021'),
(1954, NULL, 678, '01:01:01 31-10-2020'),
(1955, NULL, 649, '14:05:16 12-09-2023'),
(1956, NULL, 646, '14:20:22 17-02-2019'),
(1957, NULL, 615, '22:37:25 23-07-2017'),
(1958, NULL, 693, '22:09:27 01-01-2017'),
(1959, NULL, 709, '19:57:06 02-10-2019'),
(1960, NULL, 726, '03:32:05 20-11-2023'),
(1961, NULL, 597, '02:22:25 24-10-2020'),
(1962, NULL, 549, '01:53:06 26-12-2022'),
(1963, NULL, 582, '05:01:22 26-04-2022'),
(1964, NULL, 686, '07:38:21 22-11-2021'),
(1965, NULL, 590, '05:43:45 21-09-2020'),
(1966, NULL, 740, '19:21:43 30-05-2017'),
(1967, NULL, 601, '13:08:51 19-05-2023'),
(1968, NULL, 718, '12:03:06 11-11-2018'),
(1969, NULL, 718, '00:36:34 02-12-2018'),
(1970, NULL, 599, '22:47:12 30-07-2020'),
(1971, NULL, 638, '07:34:40 14-03-2024'),
(1972, NULL, 579, '01:05:35 31-01-2018'),
(1973, NULL, 565, '13:46:35 06-10-2023'),
(1974, NULL, 554, '19:44:43 23-03-2023'),
(1975, NULL, 714, '09:32:48 22-04-2015'),
(1976, NULL, 677, '20:03:56 05-10-2023'),
(1977, NULL, 583, '13:58:20 19-09-2019'),
(1978, NULL, 709, '23:09:30 17-09-2016'),
(1979, NULL, 736, '17:32:29 15-08-2015'),
(1980, NULL, 712, '13:38:10 03-03-2017'),
(1981, NULL, 716, '14:26:52 19-04-2019'),
(1982, NULL, 614, '20:28:20 11-07-2017'),
(1983, NULL, 595, '03:22:47 02-08-2021'),
(1984, NULL, 690, '04:13:10 11-01-2017'),
(1985, NULL, 734, '15:44:56 30-01-2015'),
(1986, NULL, 675, '13:49:42 19-03-2020'),
(1987, NULL, 674, '05:04:35 09-07-2016'),
(1988, NULL, 686, '06:34:47 21-04-2021'),
(1989, NULL, 664, '04:31:38 22-07-2017'),
(1990, NULL, 728, '00:11:04 29-01-2019'),
(1991, NULL, 680, '00:36:06 13-09-2020'),
(1992, NULL, 659, '20:12:21 04-08-2019'),
(1993, NULL, 732, '03:13:15 03-11-2021'),
(1994, NULL, 609, '08:54:51 23-05-2023'),
(1995, NULL, 608, '03:43:53 17-07-2018'),
(1996, NULL, 543, '02:57:27 22-03-2017'),
(1997, NULL, 646, '06:51:08 08-03-2016'),
(1998, NULL, 721, '08:11:57 27-06-2018'),
(1999, NULL, 705, '13:19:54 15-11-2017'),
(2000, NULL, 626, '13:11:11 14-01-2018'),
(2001, NULL, 563, '20:42:47 15-09-2023'),
(2002, NULL, 686, '12:15:55 25-09-2017'),
(2003, NULL, 650, '07:01:34 31-07-2019'),
(2004, NULL, 663, '05:46:14 12-07-2015'),
(2005, NULL, 698, '18:44:46 20-01-2019'),
(2006, NULL, 629, '13:44:08 19-09-2019'),
(2007, NULL, 556, '04:06:26 19-10-2022'),
(2008, NULL, 734, '04:16:08 13-05-2020'),
(2009, NULL, 691, '14:13:16 13-09-2022'),
(2010, NULL, 679, '04:26:41 30-01-2022'),
(2011, NULL, 682, '20:27:24 23-11-2018'),
(2012, NULL, 590, '06:47:15 18-12-2021'),
(2013, NULL, 575, '13:47:09 20-02-2023'),
(2014, NULL, 659, '16:04:56 20-06-2019'),
(2015, NULL, 589, '03:23:51 04-07-2015'),
(2016, NULL, 723, '05:48:16 22-10-2018'),
(2017, NULL, 650, '13:03:38 21-03-2024'),
(2018, NULL, 575, '04:21:22 22-04-2020'),
(2019, NULL, 546, '15:04:31 18-02-2023'),
(2020, NULL, 667, '02:15:41 27-09-2015'),
(2021, NULL, 638, '17:30:42 05-01-2023'),
(2022, NULL, 681, '23:27:22 04-09-2022'),
(2023, NULL, 609, '11:03:13 14-03-2018'),
(2024, NULL, 557, '08:52:06 10-05-2023'),
(2025, NULL, 637, '20:07:34 11-08-2023'),
(2026, NULL, 551, '10:36:16 22-09-2017'),
(2027, NULL, 583, '07:38:23 28-06-2019'),
(2028, NULL, 681, '07:16:26 16-12-2021'),
(2029, NULL, 649, '11:03:53 23-09-2015'),
(2030, NULL, 707, '20:04:43 28-09-2017'),
(2031, NULL, 659, '12:59:54 02-01-2017'),
(2032, NULL, 585, '23:40:01 28-02-2015'),
(2033, NULL, 616, '06:23:26 19-03-2021'),
(2034, NULL, 611, '01:20:37 20-01-2019'),
(2035, NULL, 572, '10:48:04 25-10-2017'),
(2036, NULL, 585, '03:18:11 24-04-2019'),
(2037, NULL, 658, '05:33:43 16-09-2017'),
(2038, NULL, 626, '19:17:41 24-09-2018'),
(2039, NULL, 638, '00:52:39 08-05-2022'),
(2040, NULL, 605, '20:29:45 22-12-2020'),
(2041, NULL, 682, '08:04:14 23-04-2021'),
(2042, NULL, 692, '18:01:57 29-05-2022'),
(2043, NULL, 583, '15:17:55 06-09-2022'),
(2044, NULL, 623, '04:51:43 17-04-2019'),
(2045, NULL, 721, '14:56:48 07-03-2019'),
(2046, NULL, 542, '22:32:48 26-11-2021'),
(2047, NULL, 741, '17:55:48 05-01-2020'),
(2048, NULL, 640, '08:44:44 17-03-2022'),
(2049, NULL, 606, '07:52:56 10-12-2018'),
(2050, NULL, 587, '07:51:53 04-02-2024');

--
-- Indeksy dla zrzutów tabel
--

--
-- Indeksy dla tabeli `dostawa`
--
ALTER TABLE `dostawa`
  ADD PRIMARY KEY (`id_dostawy`),
  ADD KEY `id_producenta` (`id_producenta`),
  ADD KEY `id_magazynu` (`id_magazynu`);

--
-- Indeksy dla tabeli `dostawa_towar`
--
ALTER TABLE `dostawa_towar`
  ADD PRIMARY KEY (`id_towaru`,`id_dostawy`),
  ADD KEY `id_dostawy` (`id_dostawy`);

--
-- Indeksy dla tabeli `komunikat`
--
ALTER TABLE `komunikat`
  ADD PRIMARY KEY (`id_komunikatu`),
  ADD KEY `id_pracownika` (`id_pracownika`),
  ADD KEY `id_producenta` (`id_producenta`);

--
-- Indeksy dla tabeli `magazyn`
--
ALTER TABLE `magazyn`
  ADD PRIMARY KEY (`id_magazynu`),
  ADD KEY `id_kierownika` (`id_kierownika`);

--
-- Indeksy dla tabeli `pracownik_magazyn`
--
ALTER TABLE `pracownik_magazyn`
  ADD PRIMARY KEY (`id_pracownika`,`id_magazynu`),
  ADD KEY `id_magazynu` (`id_magazynu`);

--
-- Indeksy dla tabeli `towar`
--
ALTER TABLE `towar`
  ADD PRIMARY KEY (`id_towaru`),
  ADD KEY `id_producenta` (`id_producenta`);

--
-- Indeksy dla tabeli `towar_magazyn`
--
ALTER TABLE `towar_magazyn`
  ADD PRIMARY KEY (`id_towaru`,`id_magazynu`),
  ADD KEY `id_magazynu` (`id_magazynu`);

--
-- Indeksy dla tabeli `towar_zamowienie`
--
ALTER TABLE `towar_zamowienie`
  ADD PRIMARY KEY (`id_towaru`,`id_zamowienia`),
  ADD KEY `id_zamowienia` (`id_zamowienia`);

--
-- Indeksy dla tabeli `uzytkownik`
--
ALTER TABLE `uzytkownik`
  ADD PRIMARY KEY (`id_uzytkownika`);

--
-- Indeksy dla tabeli `wysylka`
--
ALTER TABLE `wysylka`
  ADD PRIMARY KEY (`id_wysylki`),
  ADD KEY `id_klienta_detalicznego` (`id_klienta_detalicznego`),
  ADD KEY `id_klienta_hurtowego` (`id_klienta_hurtowego`),
  ADD KEY `id_wysylki_cyklicznej` (`id_wysylki_cyklicznej`);

--
-- Indeksy dla tabeli `wysylka_cykliczna`
--
ALTER TABLE `wysylka_cykliczna`
  ADD PRIMARY KEY (`id_wysylki_cyklicznej`),
  ADD KEY `id_klienta_detalicznego` (`id_klienta_detalicznego`),
  ADD KEY `id_klienta_hurtowego` (`id_klienta_hurtowego`);

--
-- Indeksy dla tabeli `wysylka_towar`
--
ALTER TABLE `wysylka_towar`
  ADD PRIMARY KEY (`id_towaru`,`id_wysylki`),
  ADD KEY `id_wysylki` (`id_wysylki`);

--
-- Indeksy dla tabeli `zadanie`
--
ALTER TABLE `zadanie`
  ADD PRIMARY KEY (`id_zadania`),
  ADD KEY `id_pracownika` (`id_pracownika`),
  ADD KEY `id_kierownika` (`id_kierownika`);

--
-- Indeksy dla tabeli `zamowienie`
--
ALTER TABLE `zamowienie`
  ADD PRIMARY KEY (`id_zamowienia`),
  ADD KEY `id_klienta_detalicznego` (`id_klienta_detalicznego`),
  ADD KEY `id_klienta_hurtowego` (`id_klienta_hurtowego`);

--
-- AUTO_INCREMENT for dumped tables
--

--
-- AUTO_INCREMENT for table `dostawa`
--
ALTER TABLE `dostawa`
  MODIFY `id_dostawy` int(7) NOT NULL AUTO_INCREMENT, AUTO_INCREMENT=101;

--
-- AUTO_INCREMENT for table `komunikat`
--
ALTER TABLE `komunikat`
  MODIFY `id_komunikatu` int(7) NOT NULL AUTO_INCREMENT, AUTO_INCREMENT=201;

--
-- AUTO_INCREMENT for table `magazyn`
--
ALTER TABLE `magazyn`
  MODIFY `id_magazynu` int(7) NOT NULL AUTO_INCREMENT, AUTO_INCREMENT=4;

--
-- AUTO_INCREMENT for table `towar`
--
ALTER TABLE `towar`
  MODIFY `id_towaru` int(7) NOT NULL AUTO_INCREMENT, AUTO_INCREMENT=21;

--
-- AUTO_INCREMENT for table `uzytkownik`
--
ALTER TABLE `uzytkownik`
  MODIFY `id_uzytkownika` int(7) NOT NULL AUTO_INCREMENT, AUTO_INCREMENT=800;

--
-- AUTO_INCREMENT for table `wysylka`
--
ALTER TABLE `wysylka`
  MODIFY `id_wysylki` int(7) NOT NULL AUTO_INCREMENT, AUTO_INCREMENT=501;

--
-- AUTO_INCREMENT for table `wysylka_cykliczna`
--
ALTER TABLE `wysylka_cykliczna`
  MODIFY `id_wysylki_cyklicznej` int(7) NOT NULL AUTO_INCREMENT, AUTO_INCREMENT=101;

--
-- AUTO_INCREMENT for table `zadanie`
--
ALTER TABLE `zadanie`
  MODIFY `id_zadania` int(7) NOT NULL AUTO_INCREMENT, AUTO_INCREMENT=81;

--
-- AUTO_INCREMENT for table `zamowienie`
--
ALTER TABLE `zamowienie`
  MODIFY `id_zamowienia` int(7) NOT NULL AUTO_INCREMENT, AUTO_INCREMENT=2051;

--
-- Constraints for dumped tables
--

--
-- Constraints for table `dostawa`
--
ALTER TABLE `dostawa`
  ADD CONSTRAINT `dostawa_ibfk_1` FOREIGN KEY (`id_producenta`) REFERENCES `uzytkownik` (`id_uzytkownika`),
  ADD CONSTRAINT `dostawa_ibfk_2` FOREIGN KEY (`id_magazynu`) REFERENCES `magazyn` (`id_magazynu`);

--
-- Constraints for table `dostawa_towar`
--
ALTER TABLE `dostawa_towar`
  ADD CONSTRAINT `dostawa_towar_ibfk_1` FOREIGN KEY (`id_towaru`) REFERENCES `towar` (`id_towaru`),
  ADD CONSTRAINT `dostawa_towar_ibfk_2` FOREIGN KEY (`id_dostawy`) REFERENCES `dostawa` (`id_dostawy`);

--
-- Constraints for table `komunikat`
--
ALTER TABLE `komunikat`
  ADD CONSTRAINT `komunikat_ibfk_1` FOREIGN KEY (`id_pracownika`) REFERENCES `uzytkownik` (`id_uzytkownika`),
  ADD CONSTRAINT `komunikat_ibfk_2` FOREIGN KEY (`id_producenta`) REFERENCES `uzytkownik` (`id_uzytkownika`);

--
-- Constraints for table `magazyn`
--
ALTER TABLE `magazyn`
  ADD CONSTRAINT `magazyn_ibfk_1` FOREIGN KEY (`id_kierownika`) REFERENCES `uzytkownik` (`id_uzytkownika`);

--
-- Constraints for table `pracownik_magazyn`
--
ALTER TABLE `pracownik_magazyn`
  ADD CONSTRAINT `pracownik_magazyn_ibfk_1` FOREIGN KEY (`id_pracownika`) REFERENCES `uzytkownik` (`id_uzytkownika`),
  ADD CONSTRAINT `pracownik_magazyn_ibfk_2` FOREIGN KEY (`id_magazynu`) REFERENCES `magazyn` (`id_magazynu`);

--
-- Constraints for table `towar`
--
ALTER TABLE `towar`
  ADD CONSTRAINT `towar_ibfk_1` FOREIGN KEY (`id_producenta`) REFERENCES `uzytkownik` (`id_uzytkownika`);

--
-- Constraints for table `towar_magazyn`
--
ALTER TABLE `towar_magazyn`
  ADD CONSTRAINT `towar_magazyn_ibfk_1` FOREIGN KEY (`id_towaru`) REFERENCES `towar` (`id_towaru`),
  ADD CONSTRAINT `towar_magazyn_ibfk_2` FOREIGN KEY (`id_magazynu`) REFERENCES `magazyn` (`id_magazynu`);

--
-- Constraints for table `towar_zamowienie`
--
ALTER TABLE `towar_zamowienie`
  ADD CONSTRAINT `towar_zamowienie_ibfk_1` FOREIGN KEY (`id_towaru`) REFERENCES `towar` (`id_towaru`),
  ADD CONSTRAINT `towar_zamowienie_ibfk_2` FOREIGN KEY (`id_zamowienia`) REFERENCES `zamowienie` (`id_zamowienia`);

--
-- Constraints for table `wysylka`
--
ALTER TABLE `wysylka`
  ADD CONSTRAINT `wysylka_ibfk_1` FOREIGN KEY (`id_klienta_detalicznego`) REFERENCES `uzytkownik` (`id_uzytkownika`),
  ADD CONSTRAINT `wysylka_ibfk_2` FOREIGN KEY (`id_klienta_hurtowego`) REFERENCES `uzytkownik` (`id_uzytkownika`),
  ADD CONSTRAINT `wysylka_ibfk_3` FOREIGN KEY (`id_wysylki_cyklicznej`) REFERENCES `wysylka_cykliczna` (`id_wysylki_cyklicznej`);

--
-- Constraints for table `wysylka_cykliczna`
--
ALTER TABLE `wysylka_cykliczna`
  ADD CONSTRAINT `wysylka_cykliczna_ibfk_1` FOREIGN KEY (`id_klienta_detalicznego`) REFERENCES `uzytkownik` (`id_uzytkownika`),
  ADD CONSTRAINT `wysylka_cykliczna_ibfk_2` FOREIGN KEY (`id_klienta_hurtowego`) REFERENCES `uzytkownik` (`id_uzytkownika`);

--
-- Constraints for table `wysylka_towar`
--
ALTER TABLE `wysylka_towar`
  ADD CONSTRAINT `wysylka_towar_ibfk_1` FOREIGN KEY (`id_towaru`) REFERENCES `towar` (`id_towaru`),
  ADD CONSTRAINT `wysylka_towar_ibfk_2` FOREIGN KEY (`id_wysylki`) REFERENCES `wysylka` (`id_wysylki`);

--
-- Constraints for table `zadanie`
--
ALTER TABLE `zadanie`
  ADD CONSTRAINT `zadanie_ibfk_1` FOREIGN KEY (`id_pracownika`) REFERENCES `uzytkownik` (`id_uzytkownika`),
  ADD CONSTRAINT `zadanie_ibfk_2` FOREIGN KEY (`id_kierownika`) REFERENCES `uzytkownik` (`id_uzytkownika`);

--
-- Constraints for table `zamowienie`
--
ALTER TABLE `zamowienie`
  ADD CONSTRAINT `zamowienie_ibfk_1` FOREIGN KEY (`id_klienta_detalicznego`) REFERENCES `uzytkownik` (`id_uzytkownika`),
  ADD CONSTRAINT `zamowienie_ibfk_2` FOREIGN KEY (`id_klienta_hurtowego`) REFERENCES `uzytkownik` (`id_uzytkownika`);
COMMIT;

/*!40101 SET CHARACTER_SET_CLIENT=@OLD_CHARACTER_SET_CLIENT */;
/*!40101 SET CHARACTER_SET_RESULTS=@OLD_CHARACTER_SET_RESULTS */;
/*!40101 SET COLLATION_CONNECTION=@OLD_COLLATION_CONNECTION */;
