-- phpMyAdmin SQL Dump
-- version 5.2.1
-- https://www.phpmyadmin.net/
--
-- Host: 127.0.0.1
-- Generation Time: Jun 05, 2024 at 11:19 AM
-- Server version: 10.4.32-MariaDB
-- PHP Version: 8.2.12

SET SQL_MODE = "NO_AUTO_VALUE_ON_ZERO";
START TRANSACTION;
SET time_zone = "+00:00";


/*!40101 SET @OLD_CHARACTER_SET_CLIENT=@@CHARACTER_SET_CLIENT */;
/*!40101 SET @OLD_CHARACTER_SET_RESULTS=@@CHARACTER_SET_RESULTS */;
/*!40101 SET @OLD_COLLATION_CONNECTION=@@COLLATION_CONNECTION */;
/*!40101 SET NAMES utf8mb4 */;

--
-- Database: `hurtownia`
--

-- --------------------------------------------------------

--
-- Table structure for table `dostawa`
--

DROP DATABASE IF EXISTS `hurtownia`;
CREATE DATABASE `hurtownia`;
USE `hurtownia`;

CREATE TABLE `dostawa` (
  `id_dostawy` int(7) NOT NULL,
  `id_producenta` int(7) DEFAULT NULL,
  `id_magazynu` int(7) DEFAULT NULL,
  `data` varchar(19) DEFAULT NULL,
  `status` varchar(20) DEFAULT NULL,
  `id_kierowcy` int(7) DEFAULT NULL,
  `adres` varchar(50) DEFAULT NULL
) ENGINE=InnoDB DEFAULT CHARSET=utf8mb4 COLLATE=utf8mb4_general_ci;

--
-- Dumping data for table `dostawa`
--

INSERT INTO `dostawa` (`id_dostawy`, `id_producenta`, `id_magazynu`, `data`, `status`, `id_kierowcy`, `adres`) VALUES
(1, 3, 1, '18:16:23 29-07-2015', 'zrealizowana', 31, 'ul. Zbożowa 92/41 15-584 Łomża'),
(2, 3, 3, '23:37:41 12-03-2015', 'zrealizowana', 29, 'pl. Owocowa 18/27 47-247 Kętrzyn'),
(3, 8, 3, '23:38:39 24-11-2017', 'zrealizowana', 33, 'al. Kaliska 49/12 72-506 Giżycko'),
(4, 8, 1, '09:47:13 08-05-2015', 'zrealizowana', 29, 'aleja Sucharskiego 206 18-259 Bolesławiec'),
(5, 10, 2, '19:58:51 28-11-2020', 'zrealizowana', 37, 'al. Plażowa 22 34-378 Żywiec'),
(6, 10, 3, '11:33:02 31-12-2019', 'zrealizowana', 29, 'pl. Stolarska 12 45-159 Sochaczew'),
(7, 7, 1, '15:52:52 25-05-2021', 'zrealizowana', 36, 'ul. Wilcza 34/36 39-697 Katowice'),
(8, 2, 1, '13:00:52 09-12-2018', 'zrealizowana', 33, 'ul. Chmielna 64 95-834 Mikołów'),
(9, 1, 1, '02:17:30 12-04-2015', 'zrealizowana', 38, 'ul. Wspólna 666 88-245 Jaworzno'),
(10, 10, 3, '01:19:11 04-03-2020', 'zrealizowana', 34, 'pl. Boczna 682 03-459 Chrzanów'),
(11, 3, 1, '17:58:45 20-02-2017', 'zrealizowana', 37, 'al. Torowa 30/83 17-371 Sochaczew'),
(12, 5, 2, '21:09:38 18-01-2018', 'zrealizowana', 33, 'pl. Kasprowicza 09/64 92-603 Starogard Gdański'),
(13, 7, 1, '16:24:47 28-04-2019', 'zrealizowana', 37, 'ul. Irysowa 97 81-146 Piastów'),
(14, 6, 3, '19:24:39 03-12-2019', 'zrealizowana', 36, 'aleja Cegielniana 10/25 61-662 Ostrów Mazowiecka'),
(15, 8, 1, '03:09:10 23-02-2022', 'zrealizowana', 31, 'pl. Lubelska 15/78 62-358 Kraśnik'),
(16, 4, 2, '01:48:29 30-11-2019', 'zrealizowana', 30, 'pl. Cicha 86 34-139 Świnoujście'),
(17, 6, 2, '19:17:34 21-12-2020', 'zrealizowana', 29, 'pl. Kołłątaja 836 78-256 Bielawa'),
(18, 8, 3, '08:59:05 21-11-2021', 'zrealizowana', 36, 'ul. Kraszewskiego 088 03-180 Kościerzyna'),
(19, 7, 1, '16:19:58 17-05-2020', 'zrealizowana', 33, 'al. Dworska 78 97-085 Otwock'),
(20, 9, 2, '22:17:48 15-06-2015', 'zrealizowana', 38, 'plac Źródlana 08 70-840 Leszno'),
(21, 7, 3, '02:29:47 10-01-2021', 'zrealizowana', 34, 'ulica Makuszyńskiego 87 94-473 Gliwice'),
(22, 2, 1, '03:42:30 20-11-2018', 'zrealizowana', 36, 'al. Kruczkowskiego 45/60 29-533 Kłodzko'),
(23, 4, 3, '08:42:37 29-09-2015', 'zrealizowana', 29, 'aleja Konarskiego 23 38-458 Jaworzno'),
(24, 9, 3, '18:22:19 01-11-2021', 'zrealizowana', 29, 'ulica Szafirowa 32 41-393 Luboń'),
(25, 5, 3, '16:20:56 16-07-2015', 'zrealizowana', 29, 'ulica Wiklinowa 753 27-243 Suwałki'),
(26, 2, 2, '16:11:17 15-01-2020', 'zrealizowana', 38, 'al. Dąbrowskiej 536 08-324 Legnica'),
(27, 7, 3, '19:30:30 01-10-2015', 'zrealizowana', 36, 'al. Gdańska 94/90 24-610 Krotoszyn'),
(28, 7, 1, '09:16:31 10-08-2021', 'zrealizowana', 38, 'ulica Mała 88 51-782 Otwock'),
(29, 1, 3, '07:17:39 07-01-2022', 'zrealizowana', 32, 'al. Składowa 15 22-023 Dzierżoniów'),
(30, 3, 3, '15:30:50 20-04-2017', 'zrealizowana', 29, 'pl. Olchowa 64 27-860 Olkusz'),
(31, 9, 2, '05:01:00 12-08-2023', 'zrealizowana', 38, 'ul. Sadowa 76/07 12-717 Legnica'),
(32, 9, 2, '10:35:49 14-12-2021', 'zrealizowana', 37, 'ulica Mazowiecka 121 52-277 Żory'),
(33, 9, 2, '08:40:38 01-04-2015', 'zrealizowana', 32, 'pl. Bursztynowa 35/82 17-392 Luboń'),
(34, 9, 1, '13:39:57 27-04-2019', 'zrealizowana', 30, 'al. Chmielna 74/40 31-683 Żagań'),
(35, 8, 2, '19:25:45 04-08-2015', 'zrealizowana', 35, 'ulica Malinowa 65 91-922 Iława'),
(36, 7, 1, '12:58:41 05-03-2018', 'zrealizowana', 36, 'ul. Rybacka 50 90-017 Wałcz'),
(37, 10, 2, '16:11:15 25-02-2022', 'zrealizowana', 36, 'ul. Krótka 55/16 31-710 Świnoujście'),
(38, 5, 1, '12:12:41 12-09-2016', 'zrealizowana', 33, 'al. Jana Pawła II 72 19-194 Nysa'),
(39, 6, 2, '13:52:31 26-06-2023', 'zrealizowana', 29, 'plac Niepodległości 468 61-143 Kluczbork'),
(40, 6, 3, '13:00:49 02-07-2022', 'zrealizowana', 37, 'al. Chełmońskiego 56/17 66-163 Przemyśl'),
(41, 3, 1, '00:43:48 10-04-2020', 'zrealizowana', 30, 'ul. Paderewskiego 49/07 24-656 Nowa Sól'),
(42, 8, 1, '05:41:04 06-10-2023', 'zrealizowana', 30, 'plac Letniskowa 16 24-546 Puławy'),
(43, 4, 2, '00:42:03 24-10-2022', 'zrealizowana', 32, 'aleja Strzelecka 383 93-947 Kalisz'),
(44, 2, 1, '09:27:30 17-03-2017', 'zrealizowana', 31, 'plac Strażacka 77/29 50-180 Jastrzębie-Zdrój'),
(45, 2, 1, '21:49:22 12-02-2019', 'zrealizowana', 29, 'al. Kolonia 919 13-004 Białogard'),
(46, 10, 1, '00:31:19 25-12-2018', 'zrealizowana', 34, 'pl. Cyprysowa 16/20 16-503 Swarzędz'),
(47, 8, 3, '04:53:16 04-12-2022', 'zrealizowana', 35, 'al. Wiślana 53/90 78-044 Tychy'),
(48, 5, 2, '01:17:45 13-06-2019', 'zrealizowana', 35, 'al. Jana Pawła II 42 98-296 Wyszków'),
(49, 4, 1, '17:31:15 08-06-2023', 'zrealizowana', 30, 'pl. Zwycięstwa 26 78-268 Tomaszów Mazowiecki'),
(50, 1, 3, '04:22:48 13-04-2023', 'zrealizowana', 38, 'al. Nadbrzeżna 40/92 74-519 Kędzierzyn-Koźle'),
(51, 6, 2, '21:11:41 09-05-2021', 'zrealizowana', 29, 'ulica Bolesława Krzywoustego 463 31-286 Łódź'),
(52, 6, 3, '20:51:50 06-05-2018', 'zrealizowana', 34, 'ul. Tylna 216 60-664 Jelenia Góra'),
(53, 3, 2, '00:34:57 19-07-2018', 'zrealizowana', 35, 'aleja Grzybowa 58 44-564 Sochaczew'),
(54, 6, 2, '16:46:01 21-09-2020', 'zrealizowana', 35, 'al. Reymonta 11 30-283 Wałcz'),
(55, 9, 1, '21:32:06 30-11-2021', 'zrealizowana', 30, 'ulica Makuszyńskiego 986 68-514 Środa Wielkopolska'),
(56, 1, 3, '03:30:52 04-12-2023', 'zrealizowana', 29, 'aleja Widokowa 115 21-502 Kraków'),
(57, 3, 1, '05:03:50 28-10-2017', 'zrealizowana', 33, 'aleja Działkowa 768 43-365 Mielec'),
(58, 6, 3, '08:37:25 07-06-2015', 'zrealizowana', 32, 'aleja Jana III Sobieskiego 18 50-644 Sochaczew'),
(59, 2, 1, '20:09:01 31-10-2018', 'zrealizowana', 30, 'pl. Brzozowa 95/12 34-459 Rumia'),
(60, 9, 3, '16:29:19 27-05-2015', 'zrealizowana', 36, 'ulica Wałowa 70 41-606 Włocławek'),
(61, 10, 2, '00:29:09 28-11-2016', 'zrealizowana', 33, 'ulica Żwirki i Wigury 13 45-209 Elbląg'),
(62, 9, 3, '07:42:57 01-02-2015', 'zrealizowana', 29, 'aleja Piękna 32/54 34-922 Krotoszyn'),
(63, 3, 3, '23:18:21 11-03-2015', 'zrealizowana', 29, 'pl. Zaciszna 94 35-200 Zabrze'),
(64, 2, 2, '06:44:25 20-04-2020', 'zrealizowana', 36, 'ul. Wyzwolenia 53 54-013 Płock'),
(65, 9, 3, '16:08:55 01-06-2018', 'zrealizowana', 35, 'plac Nadrzeczna 93/76 72-744 Wodzisław Śląski'),
(66, 8, 1, '18:38:43 22-09-2021', 'zrealizowana', 38, 'aleja Dworska 40 85-492 Świebodzice'),
(67, 6, 3, '09:21:25 23-02-2015', 'zrealizowana', 37, 'al. Zielna 246 14-058 Piotrków Trybunalski'),
(68, 5, 3, '10:25:12 18-05-2016', 'zrealizowana', 33, 'pl. Maczka 31/37 18-451 Goleniów'),
(69, 2, 2, '18:47:13 04-10-2016', 'zrealizowana', 34, 'plac Sikorskiego 02/11 10-123 Brodnica'),
(70, 4, 2, '00:37:03 20-12-2020', 'zrealizowana', 33, 'pl. Głowackiego 95 11-753 Płock'),
(71, 1, 2, '03:59:09 01-04-2023', 'zrealizowana', 33, 'pl. Piwna 06/41 45-409 Łomża'),
(72, 3, 1, '00:28:10 12-11-2023', 'zrealizowana', 38, 'plac Olchowa 265 26-515 Wyszków'),
(73, 7, 2, '15:14:43 30-09-2020', 'zrealizowana', 35, 'ul. Słowicza 10 12-225 Poznań'),
(74, 6, 3, '22:14:45 11-02-2018', 'zrealizowana', 31, 'al. Rolnicza 77/87 36-039 Gdańsk'),
(75, 1, 1, '16:22:32 25-03-2018', 'zrealizowana', 30, 'pl. Bukowa 496 81-024 Lubartów'),
(76, 7, 3, '03:27:31 08-10-2022', 'zrealizowana', 31, 'aleja Armii Krajowej 11 43-558 Tczew'),
(77, 3, 2, '13:35:50 30-06-2017', 'zrealizowana', 38, 'plac Królewska 357 34-193 Chełm'),
(78, 5, 3, '06:56:58 18-01-2021', 'zrealizowana', 35, 'plac Kazimierza Wielkiego 36 55-144 Iława'),
(79, 6, 3, '19:01:07 15-01-2023', 'zrealizowana', 35, 'al. Wieniawskiego 321 79-882 Kościan'),
(80, 2, 1, '09:36:44 09-03-2017', 'zrealizowana', 31, 'pl. Żeglarska 02/70 32-033 Otwock'),
(81, 7, 1, '04:27:41 13-01-2018', 'zrealizowana', 33, 'ul. Wrzosowa 186 18-554 Dąbrowa Górnicza'),
(82, 3, 3, '16:31:22 29-07-2023', 'zrealizowana', 31, 'ulica Dworska 45/65 59-049 Nowy Targ'),
(83, 7, 3, '12:05:15 30-01-2015', 'zrealizowana', 38, 'plac Irysowa 225 64-889 Bytom'),
(84, 9, 2, '07:18:21 16-01-2017', 'zrealizowana', 37, 'aleja Spokojna 283 84-709 Dzierżoniów'),
(85, 10, 3, '05:10:54 30-09-2020', 'zrealizowana', 35, 'aleja Przemysłowa 38 06-567 Grodzisk Mazowiecki'),
(86, 8, 3, '19:05:20 03-11-2016', 'zrealizowana', 35, 'ulica Władysława Jagiełły 167 02-197 Wałcz'),
(87, 3, 3, '08:30:08 30-06-2022', 'zrealizowana', 33, 'ul. Partyzantów 01 50-706 Elbląg'),
(88, 9, 1, '14:25:17 26-09-2017', 'zrealizowana', 31, 'aleja Witosa 76/78 64-615 Wołomin'),
(89, 8, 2, '09:44:02 22-07-2022', 'zrealizowana', 29, 'ulica Cmentarna 124 01-927 Racibórz'),
(90, 2, 3, '06:13:26 20-11-2017', 'zrealizowana', 31, 'ulica Norwida 10 09-562 Kalisz'),
(91, 3, 2, '13:59:09 18-03-2021', 'zrealizowana', 32, 'al. Ptasia 94 68-499 Łuków'),
(92, 10, 1, '13:08:11 21-09-2021', 'zrealizowana', 35, 'aleja Śląska 801 87-908 Piła'),
(93, 8, 3, '09:39:31 20-11-2022', 'zrealizowana', 34, 'pl. Kolejowa 51/51 58-707 Radomsko'),
(94, 9, 1, '15:39:59 17-11-2023', 'zrealizowana', 34, 'pl. Żeromskiego 325 12-894 Wyszków'),
(95, 7, 2, '11:32:36 24-11-2022', 'zrealizowana', 31, 'al. Leszczynowa 981 25-908 Radomsko'),
(96, 7, 2, '23:28:45 31-03-2024', 'zrealizowana', 32, 'al. Sportowa 579 05-593 Łomża'),
(97, 1, 2, '14:11:10 30-10-2015', 'zrealizowana', 30, 'ulica Stolarska 870 49-100 Ostrowiec Świętokrzyski'),
(98, 10, 3, '02:55:48 31-12-2018', 'zrealizowana', 35, 'aleja Władysława Jagiełły 95/09 82-816 Polkowice'),
(99, 4, 1, '15:55:38 23-01-2015', 'zrealizowana', 35, 'ul. Radosna 72 24-922 Kielce'),
(100, 7, 3, '06:40:48 23-10-2015', 'zrealizowana', 33, 'pl. Szmaragdowa 885 08-147 Pruszków'),
(101, 7, 3, '18:16:23 01-06-2024', 'oczekujaca', 796, 'ul. Wilcza 34/36 39-697 Katowice');

-- --------------------------------------------------------

--
-- Table structure for table `dostawa_towar`
--

CREATE TABLE `dostawa_towar` (
  `id_towaru` int(7) NOT NULL,
  `id_dostawy` int(7) NOT NULL,
  `ilosc` int(7) DEFAULT NULL
) ENGINE=InnoDB DEFAULT CHARSET=utf8mb4 COLLATE=utf8mb4_general_ci;

--
-- Dumping data for table `dostawa_towar`
--

INSERT INTO `dostawa_towar` (`id_towaru`, `id_dostawy`, `ilosc`) VALUES
(1, 65, 320),
(1, 87, 435),
(2, 56, 455),
(2, 88, 275),
(3, 3, 276),
(3, 22, 408),
(3, 24, 37),
(3, 48, 91),
(3, 56, 15),
(3, 68, 361),
(3, 80, 306),
(3, 100, 412),
(4, 2, 496),
(4, 5, 170),
(4, 34, 27),
(4, 42, 352),
(4, 58, 136),
(4, 72, 47),
(4, 95, 392),
(5, 27, 202),
(5, 57, 160),
(6, 13, 224),
(6, 15, 404),
(6, 31, 471),
(6, 43, 11),
(6, 67, 354),
(6, 74, 20),
(6, 75, 252),
(6, 82, 157),
(6, 89, 241),
(7, 12, 224),
(7, 33, 306),
(7, 40, 488),
(7, 52, 488),
(7, 57, 450),
(7, 59, 281),
(7, 61, 134),
(7, 70, 169),
(7, 73, 283),
(7, 84, 362),
(7, 93, 231),
(8, 5, 23),
(8, 17, 52),
(8, 19, 442),
(8, 25, 203),
(8, 35, 231),
(8, 38, 477),
(8, 45, 147),
(8, 46, 368),
(9, 23, 78),
(9, 28, 98),
(9, 49, 455),
(9, 55, 73),
(9, 77, 142),
(9, 83, 373),
(9, 92, 33),
(10, 14, 32),
(10, 53, 328),
(10, 75, 363),
(10, 79, 480),
(10, 96, 340),
(11, 18, 93),
(11, 20, 95),
(11, 32, 266),
(11, 51, 347),
(11, 59, 280),
(11, 86, 340),
(11, 97, 496),
(12, 11, 378),
(12, 22, 96),
(12, 30, 14),
(12, 32, 163),
(12, 39, 17),
(12, 54, 306),
(12, 62, 187),
(12, 78, 280),
(12, 89, 17),
(12, 98, 358),
(13, 16, 240),
(13, 99, 425),
(14, 29, 399),
(14, 62, 446),
(14, 90, 426),
(14, 91, 81),
(15, 1, 418),
(15, 8, 267),
(15, 27, 360),
(15, 36, 54),
(15, 50, 54),
(15, 60, 37),
(15, 63, 260),
(15, 66, 445),
(15, 77, 429),
(15, 79, 386),
(16, 1, 497),
(16, 21, 265),
(16, 42, 14),
(16, 94, 32),
(17, 6, 353),
(17, 7, 197),
(17, 26, 456),
(17, 45, 146),
(17, 50, 456),
(18, 56, 460),
(18, 57, 102),
(18, 64, 185),
(18, 76, 396),
(18, 85, 169),
(18, 86, 76),
(19, 4, 263),
(19, 23, 219),
(19, 44, 210),
(19, 47, 450),
(19, 69, 179),
(19, 71, 496),
(19, 74, 415),
(20, 9, 212),
(20, 10, 201),
(20, 32, 210),
(20, 37, 76),
(20, 41, 387),
(20, 81, 398),
(20, 89, 46),
(20, 91, 478),
(20, 95, 490);

-- --------------------------------------------------------

--
-- Table structure for table `komunikat`
--

CREATE TABLE `komunikat` (
  `id_komunikatu` int(7) NOT NULL,
  `id_nadawcy` int(7) DEFAULT NULL,
  `id_odbiorcy` int(7) DEFAULT NULL,
  `tresc` varchar(300) DEFAULT NULL,
  `czy_odczytano` tinyint(1) DEFAULT NULL,
  `data` varchar(19) DEFAULT NULL
) ENGINE=InnoDB DEFAULT CHARSET=utf8mb4 COLLATE=utf8mb4_general_ci;

--
-- Dumping data for table `komunikat`
--

INSERT INTO `komunikat` (`id_komunikatu`, `id_nadawcy`, `id_odbiorcy`, `tresc`, `czy_odczytano`, `data`) VALUES
(1, 17, 9, 'Oferta', 0, '12:36:03 20-06-2015'),
(2, 36, 1, 'Skarga na towar!', 0, '21:50:35 25-11-2016'),
(3, 36, 10, 'Oferta', 0, '02:49:53 22-01-2016'),
(4, 41, 9, 'Zabraklo towaru!', 0, '09:25:43 16-01-2023'),
(5, 37, 8, 'Oferta', 1, '03:53:00 12-01-2023'),
(6, 39, 4, 'Skarga na towar!', 1, '01:11:15 22-11-2021'),
(7, 21, 10, 'Zabraklo towaru!', 0, '12:08:57 21-07-2023'),
(8, 26, 5, 'Zabraklo towaru!', 1, '20:46:15 15-10-2020'),
(9, 12, 9, 'Zabraklo towaru!', 1, '11:50:48 09-06-2017'),
(10, 28, 7, 'Oferta', 1, '00:25:55 24-02-2016'),
(11, 17, 2, 'Oferta', 1, '11:22:31 08-07-2023'),
(12, 21, 9, 'Zabraklo towaru!', 0, '19:26:17 09-08-2019'),
(13, 25, 6, 'Nadmiar towaru!', 1, '17:23:30 06-04-2019'),
(14, 31, 10, 'Oferta', 1, '20:00:53 10-05-2022'),
(15, 26, 5, 'Zabraklo towaru!', 1, '17:22:23 30-10-2023'),
(16, 13, 4, 'Oferta', 0, '17:07:27 11-08-2015'),
(17, 30, 2, 'Nadmiar towaru!', 0, '04:47:40 24-01-2019'),
(18, 25, 5, 'Skarga na towar!', 1, '20:18:17 14-04-2017'),
(19, 40, 6, 'Skarga na towar!', 0, '00:33:08 05-08-2015'),
(20, 29, 10, 'Oferta', 0, '13:55:49 30-07-2023'),
(21, 11, 5, 'Oferta', 0, '04:41:08 10-08-2017'),
(22, 11, 7, 'Oferta', 0, '05:10:37 04-12-2022'),
(23, 24, 6, 'Skarga na towar!', 1, '16:41:17 25-02-2021'),
(24, 18, 6, 'Skarga na towar!', 0, '07:43:11 05-12-2015'),
(25, 20, 10, 'Oferta', 0, '10:32:24 05-06-2017'),
(26, 18, 7, 'Skarga na towar!', 0, '06:51:36 27-07-2019'),
(27, 40, 8, 'Oferta', 0, '18:53:19 10-04-2018'),
(28, 33, 7, 'Nadmiar towaru!', 0, '02:45:47 18-03-2015'),
(29, 23, 3, 'Zabraklo towaru!', 1, '04:51:10 05-07-2021'),
(30, 16, 8, 'Oferta', 0, '15:36:49 25-01-2024'),
(31, 15, 7, 'Nadmiar towaru!', 1, '07:16:47 12-12-2018'),
(32, 21, 3, 'Oferta', 1, '19:42:06 08-03-2022'),
(33, 13, 2, 'Skarga na towar!', 1, '15:28:39 29-05-2016'),
(34, 16, 3, 'Nadmiar towaru!', 1, '09:10:13 13-08-2017'),
(35, 21, 3, 'Skarga na towar!', 1, '13:22:48 03-11-2016'),
(36, 23, 3, 'Nadmiar towaru!', 1, '16:41:58 13-06-2021'),
(37, 37, 6, 'Nadmiar towaru!', 0, '05:40:54 08-02-2022'),
(38, 32, 2, 'Skarga na towar!', 0, '11:56:36 03-06-2016'),
(39, 17, 2, 'Nadmiar towaru!', 1, '05:45:29 22-04-2017'),
(40, 23, 9, 'Zabraklo towaru!', 0, '15:13:55 01-12-2021'),
(41, 40, 1, 'Nadmiar towaru!', 1, '13:32:51 31-08-2016'),
(42, 32, 10, 'Oferta', 0, '00:42:55 13-05-2020'),
(43, 15, 5, 'Zabraklo towaru!', 1, '14:39:49 19-04-2015'),
(44, 21, 6, 'Skarga na towar!', 1, '08:24:13 29-03-2016'),
(45, 32, 9, 'Nadmiar towaru!', 0, '15:18:30 17-09-2021'),
(46, 19, 1, 'Nadmiar towaru!', 0, '12:21:10 06-09-2018'),
(47, 33, 2, 'Oferta', 1, '14:22:50 26-07-2017'),
(48, 28, 1, 'Zabraklo towaru!', 0, '00:25:33 25-03-2021'),
(49, 32, 3, 'Nadmiar towaru!', 1, '21:04:56 07-10-2015'),
(50, 34, 10, 'Nadmiar towaru!', 0, '18:05:45 17-06-2019'),
(51, 17, 3, 'Nadmiar towaru!', 0, '00:23:13 01-04-2023'),
(52, 11, 4, 'Nadmiar towaru!', 1, '05:52:24 29-05-2023'),
(53, 26, 5, 'Oferta', 0, '15:44:43 28-05-2017'),
(54, 11, 10, 'Nadmiar towaru!', 0, '22:04:46 04-10-2015'),
(55, 16, 1, 'Zabraklo towaru!', 0, '13:12:42 24-04-2017'),
(56, 16, 5, 'Skarga na towar!', 0, '07:58:59 28-06-2020'),
(57, 34, 8, 'Zabraklo towaru!', 1, '00:29:34 15-04-2016'),
(58, 38, 5, 'Nadmiar towaru!', 1, '10:11:53 09-08-2019'),
(59, 26, 1, 'Zabraklo towaru!', 1, '21:15:14 14-08-2019'),
(60, 31, 6, 'Nadmiar towaru!', 0, '12:38:18 09-01-2016'),
(61, 27, 9, 'Zabraklo towaru!', 0, '12:46:33 28-04-2019'),
(62, 28, 5, 'Nadmiar towaru!', 0, '21:31:00 28-07-2021'),
(63, 27, 8, 'Nadmiar towaru!', 0, '16:27:51 05-06-2017'),
(64, 39, 9, 'Nadmiar towaru!', 0, '16:36:40 12-03-2019'),
(65, 15, 10, 'Oferta', 1, '06:55:23 29-08-2021'),
(66, 23, 4, 'Zabraklo towaru!', 0, '09:45:21 13-04-2022'),
(67, 19, 4, 'Nadmiar towaru!', 1, '10:10:37 15-06-2018'),
(68, 13, 5, 'Nadmiar towaru!', 0, '20:53:07 06-02-2017'),
(69, 12, 6, 'Oferta', 1, '01:19:07 01-05-2022'),
(70, 37, 9, 'Oferta', 1, '12:11:12 30-09-2021'),
(71, 20, 8, 'Zabraklo towaru!', 1, '10:50:11 01-02-2015'),
(72, 31, 1, 'Skarga na towar!', 1, '10:31:39 02-10-2022'),
(73, 41, 3, 'Skarga na towar!', 1, '17:17:16 06-10-2016'),
(74, 25, 5, 'Skarga na towar!', 0, '04:49:36 20-01-2024'),
(75, 30, 6, 'Zabraklo towaru!', 1, '13:01:08 29-04-2022'),
(76, 38, 7, 'Zabraklo towaru!', 1, '02:46:07 19-09-2021'),
(77, 22, 10, 'Nadmiar towaru!', 1, '22:24:29 11-12-2018'),
(78, 17, 3, 'Zabraklo towaru!', 0, '05:45:14 20-05-2021'),
(79, 13, 6, 'Skarga na towar!', 1, '02:47:57 01-09-2016'),
(80, 34, 2, 'Skarga na towar!', 0, '01:43:34 24-08-2020'),
(81, 27, 3, 'Zabraklo towaru!', 0, '12:38:21 30-07-2022'),
(82, 13, 10, 'Oferta', 0, '05:53:17 05-04-2020'),
(83, 31, 6, 'Zabraklo towaru!', 1, '09:36:32 20-09-2021'),
(84, 22, 9, 'Oferta', 0, '02:02:27 17-01-2015'),
(85, 15, 8, 'Zabraklo towaru!', 0, '23:53:04 15-12-2018'),
(86, 37, 5, 'Zabraklo towaru!', 0, '12:40:06 09-09-2022'),
(87, 31, 10, 'Skarga na towar!', 0, '13:29:33 20-05-2020'),
(88, 13, 1, 'Oferta', 1, '23:35:26 17-05-2023'),
(89, 23, 7, 'Skarga na towar!', 1, '14:03:38 26-06-2021'),
(90, 27, 2, 'Skarga na towar!', 1, '11:13:10 27-08-2017'),
(91, 39, 7, 'Skarga na towar!', 1, '18:14:33 26-07-2023'),
(92, 25, 1, 'Skarga na towar!', 1, '19:10:16 17-09-2020'),
(93, 13, 4, 'Skarga na towar!', 0, '20:28:14 28-07-2018'),
(94, 33, 4, 'Nadmiar towaru!', 0, '07:13:49 02-10-2019'),
(95, 34, 3, 'Oferta', 0, '06:28:56 24-11-2018'),
(96, 38, 7, 'Skarga na towar!', 0, '15:29:50 22-12-2016'),
(97, 12, 10, 'Nadmiar towaru!', 1, '03:57:41 20-07-2019'),
(98, 26, 5, 'Oferta', 0, '12:16:58 23-01-2016'),
(99, 25, 4, 'Nadmiar towaru!', 1, '10:43:26 22-04-2020'),
(100, 28, 4, 'Oferta', 1, '00:39:59 25-07-2017'),
(101, 36, 7, 'Oferta', 0, '10:05:38 01-05-2020'),
(102, 20, 5, 'Skarga na towar!', 1, '19:36:29 29-01-2021'),
(103, 30, 4, 'Skarga na towar!', 0, '15:55:59 17-06-2018'),
(104, 39, 1, 'Oferta', 0, '23:17:19 25-08-2017'),
(105, 20, 3, 'Oferta', 0, '07:44:36 12-10-2018'),
(106, 35, 1, 'Skarga na towar!', 1, '04:37:08 29-05-2019'),
(107, 41, 9, 'Nadmiar towaru!', 0, '02:36:29 22-09-2021'),
(108, 19, 8, 'Skarga na towar!', 1, '12:46:31 16-10-2023'),
(109, 41, 2, 'Zabraklo towaru!', 1, '01:02:21 23-02-2016'),
(110, 30, 2, 'Nadmiar towaru!', 1, '22:43:29 06-10-2023'),
(111, 20, 5, 'Oferta', 1, '17:57:13 27-10-2016'),
(112, 11, 7, 'Zabraklo towaru!', 0, '11:14:27 22-08-2022'),
(113, 14, 3, 'Skarga na towar!', 1, '09:05:07 25-08-2021'),
(114, 40, 8, 'Nadmiar towaru!', 0, '07:49:06 20-07-2022'),
(115, 15, 1, 'Nadmiar towaru!', 0, '02:39:57 30-11-2020'),
(116, 13, 1, 'Skarga na towar!', 0, '08:40:26 21-01-2018'),
(117, 22, 6, 'Skarga na towar!', 1, '14:39:51 03-04-2020'),
(118, 26, 9, 'Oferta', 1, '04:10:29 22-09-2022'),
(119, 36, 6, 'Oferta', 1, '23:39:05 20-08-2023'),
(120, 32, 9, 'Nadmiar towaru!', 0, '09:42:31 12-01-2016'),
(121, 12, 1, 'Zabraklo towaru!', 1, '22:35:27 05-07-2018'),
(122, 14, 10, 'Skarga na towar!', 1, '12:38:09 28-08-2022'),
(123, 18, 9, 'Zabraklo towaru!', 1, '11:59:16 09-11-2019'),
(124, 40, 9, 'Zabraklo towaru!', 1, '14:29:39 18-10-2019'),
(125, 13, 2, 'Nadmiar towaru!', 1, '00:12:16 05-06-2022'),
(126, 41, 1, 'Skarga na towar!', 0, '18:23:45 10-10-2023'),
(127, 32, 1, 'Skarga na towar!', 0, '09:24:19 15-10-2018'),
(128, 20, 10, 'Oferta', 1, '07:57:50 10-02-2024'),
(129, 19, 6, 'Zabraklo towaru!', 1, '04:41:23 29-05-2016'),
(130, 35, 8, 'Oferta', 0, '06:50:38 31-05-2019'),
(131, 39, 6, 'Zabraklo towaru!', 1, '12:59:23 03-12-2015'),
(132, 20, 4, 'Nadmiar towaru!', 1, '22:35:36 13-10-2023'),
(133, 38, 3, 'Oferta', 1, '11:07:30 31-12-2021'),
(134, 20, 7, 'Skarga na towar!', 1, '20:03:38 15-01-2024'),
(135, 29, 1, 'Oferta', 1, '20:13:49 11-03-2024'),
(136, 40, 3, 'Skarga na towar!', 1, '00:45:20 24-06-2020'),
(137, 41, 9, 'Zabraklo towaru!', 0, '00:33:06 02-07-2023'),
(138, 29, 4, 'Zabraklo towaru!', 0, '18:57:14 21-11-2020'),
(139, 33, 9, 'Skarga na towar!', 0, '13:43:45 11-06-2019'),
(140, 23, 10, 'Oferta', 1, '14:13:14 09-11-2021'),
(141, 32, 7, 'Zabraklo towaru!', 0, '01:25:11 08-06-2020'),
(142, 21, 1, 'Nadmiar towaru!', 1, '23:53:07 03-03-2024'),
(143, 16, 3, 'Nadmiar towaru!', 0, '18:08:47 19-01-2024'),
(144, 25, 3, 'Zabraklo towaru!', 1, '10:49:55 01-12-2015'),
(145, 23, 9, 'Zabraklo towaru!', 1, '03:31:02 08-01-2021'),
(146, 22, 10, 'Zabraklo towaru!', 1, '23:32:34 12-03-2019'),
(147, 17, 10, 'Skarga na towar!', 0, '20:09:05 18-02-2017'),
(148, 32, 8, 'Nadmiar towaru!', 0, '06:33:42 05-08-2022'),
(149, 16, 8, 'Oferta', 0, '10:11:13 04-12-2019'),
(150, 17, 10, 'Oferta', 1, '02:45:05 03-07-2017'),
(151, 37, 10, 'Zabraklo towaru!', 0, '18:02:23 23-06-2021'),
(152, 28, 3, 'Skarga na towar!', 0, '07:56:13 07-08-2015'),
(153, 31, 8, 'Nadmiar towaru!', 1, '08:03:00 11-03-2017'),
(154, 34, 1, 'Zabraklo towaru!', 1, '12:56:35 27-02-2021'),
(155, 33, 3, 'Nadmiar towaru!', 1, '18:38:05 28-08-2016'),
(156, 28, 2, 'Oferta', 0, '17:49:45 25-06-2023'),
(157, 18, 4, 'Oferta', 1, '01:36:09 09-08-2020'),
(158, 40, 7, 'Skarga na towar!', 0, '08:17:40 03-01-2021'),
(159, 24, 8, 'Nadmiar towaru!', 1, '17:16:16 26-12-2018'),
(160, 34, 10, 'Skarga na towar!', 1, '11:11:59 03-03-2016'),
(161, 31, 10, 'Skarga na towar!', 1, '01:06:20 12-03-2023'),
(162, 31, 9, 'Zabraklo towaru!', 0, '07:06:55 10-05-2023'),
(163, 23, 3, 'Skarga na towar!', 1, '07:56:57 13-10-2016'),
(164, 17, 3, 'Oferta', 0, '14:30:38 25-06-2018'),
(165, 25, 9, 'Skarga na towar!', 0, '12:25:12 10-05-2016'),
(166, 28, 1, 'Zabraklo towaru!', 0, '04:19:24 04-04-2022'),
(167, 13, 1, 'Zabraklo towaru!', 0, '09:40:32 26-05-2019'),
(168, 23, 7, 'Nadmiar towaru!', 0, '21:08:32 30-12-2019'),
(169, 25, 1, 'Nadmiar towaru!', 0, '04:00:06 25-06-2016'),
(170, 41, 9, 'Zabraklo towaru!', 0, '05:07:49 21-02-2021'),
(171, 32, 3, 'Oferta', 1, '13:52:21 07-11-2018'),
(172, 18, 6, 'Nadmiar towaru!', 0, '18:09:37 22-03-2022'),
(173, 15, 7, 'Oferta', 1, '10:43:24 05-03-2018'),
(174, 11, 1, 'Oferta', 0, '17:58:25 25-03-2022'),
(175, 21, 2, 'Nadmiar towaru!', 1, '14:22:20 06-04-2016'),
(176, 26, 4, 'Skarga na towar!', 1, '06:03:41 09-08-2018'),
(177, 21, 7, 'Nadmiar towaru!', 1, '11:21:55 06-07-2016'),
(178, 26, 1, 'Skarga na towar!', 0, '23:19:46 23-02-2023'),
(179, 23, 7, 'Skarga na towar!', 1, '10:31:41 04-07-2015'),
(180, 14, 2, 'Skarga na towar!', 0, '19:17:21 19-01-2020'),
(181, 15, 1, 'Nadmiar towaru!', 0, '10:11:04 19-06-2017'),
(182, 34, 8, 'Skarga na towar!', 1, '13:25:40 15-09-2020'),
(183, 22, 10, 'Nadmiar towaru!', 1, '08:55:14 02-07-2019'),
(184, 13, 9, 'Skarga na towar!', 1, '18:06:08 24-05-2017'),
(185, 31, 6, 'Zabraklo towaru!', 1, '23:10:56 24-07-2023'),
(186, 38, 6, 'Nadmiar towaru!', 0, '08:34:09 16-11-2022'),
(187, 22, 7, 'Nadmiar towaru!', 1, '01:31:26 20-10-2017'),
(188, 18, 8, 'Zabraklo towaru!', 0, '17:57:21 26-11-2023'),
(189, 15, 8, 'Skarga na towar!', 0, '07:01:30 20-09-2018'),
(190, 11, 6, 'Oferta', 0, '19:27:05 14-03-2016'),
(191, 19, 5, 'Zabraklo towaru!', 1, '18:07:38 13-02-2016'),
(192, 36, 4, 'Oferta', 0, '11:27:53 18-11-2022'),
(193, 39, 10, 'Oferta', 1, '02:10:39 28-06-2021'),
(194, 27, 2, 'Skarga na towar!', 1, '10:29:40 26-10-2019'),
(195, 34, 7, 'Zabraklo towaru!', 1, '02:20:29 14-12-2020'),
(196, 32, 7, 'Skarga na towar!', 0, '01:33:56 12-06-2022'),
(197, 14, 10, 'Zabraklo towaru!', 1, '08:41:20 03-06-2019'),
(198, 25, 7, 'Nadmiar towaru!', 1, '03:07:52 29-05-2018'),
(199, 17, 8, 'Zabraklo towaru!', 0, '11:52:08 11-07-2017'),
(200, 38, 8, 'Nadmiar towaru!', 0, '13:02:23 30-11-2017');

-- --------------------------------------------------------

--
-- Table structure for table `magazyn`
--

CREATE TABLE `magazyn` (
  `id_magazynu` int(7) NOT NULL,
  `id_kierownika` int(7) NOT NULL,
  `adres` varchar(50) DEFAULT NULL,
  `pojemnosc` int(7) DEFAULT NULL
) ENGINE=InnoDB DEFAULT CHARSET=utf8mb4 COLLATE=utf8mb4_general_ci;

--
-- Dumping data for table `magazyn`
--

INSERT INTO `magazyn` (`id_magazynu`, `id_kierownika`, `adres`, `pojemnosc`) VALUES
(1, 11, 'al. Plater 25/88 11-729 Puławy', 3219),
(2, 12, 'pl. Boczna 98/26 31-836 Augustów', 4452),
(3, 795, 'ul. Skargi 70/07 43-584 Rzeszów', 4585);

-- --------------------------------------------------------

--
-- Table structure for table `pracownik_magazyn`
--

CREATE TABLE `pracownik_magazyn` (
  `id_pracownika` int(7) NOT NULL,
  `id_magazynu` int(7) NOT NULL
) ENGINE=InnoDB DEFAULT CHARSET=utf8mb4 COLLATE=utf8mb4_general_ci;

--
-- Dumping data for table `pracownik_magazyn`
--

INSERT INTO `pracownik_magazyn` (`id_pracownika`, `id_magazynu`) VALUES
(14, 2),
(15, 2),
(16, 1),
(17, 2),
(18, 1),
(19, 3),
(20, 3),
(21, 3),
(22, 2),
(23, 1),
(24, 2),
(25, 3),
(26, 2),
(27, 2),
(28, 1),
(31, 3),
(796, 3);

-- --------------------------------------------------------

--
-- Table structure for table `towar`
--

CREATE TABLE `towar` (
  `id_towaru` int(7) NOT NULL,
  `id_producenta` int(7) NOT NULL,
  `nazwa` varchar(30) DEFAULT NULL,
  `kategoria` varchar(20) DEFAULT NULL
) ENGINE=InnoDB DEFAULT CHARSET=utf8mb4 COLLATE=utf8mb4_general_ci;

--
-- Dumping data for table `towar`
--

INSERT INTO `towar` (`id_towaru`, `id_producenta`, `nazwa`, `kategoria`) VALUES
(1, 1, 'ziemniaki', 'zywnosc'),
(2, 2, 'węgiel', 'paliwa'),
(3, 3, 'ekogroszek', 'paliwa'),
(4, 4, 'drewno', 'paliwa'),
(5, 5, 'marmur', 'materialy'),
(6, 6, 'granit', 'materialy'),
(7, 7, 'koks', 'paliwa'),
(8, 8, 'benzyna', 'paliwa'),
(9, 9, 'piasek', 'materialy'),
(10, 10, 'buraki', 'zywnosc'),
(11, 10, 'pszenica', 'zywnosc'),
(12, 4, 'ryż', 'zywnosc'),
(13, 9, 'gaz', 'paliwa'),
(14, 5, 'glina', 'materialy'),
(15, 6, 'ropa', 'paliwa'),
(16, 4, 'olej', 'paliwa'),
(17, 8, 'jabłka', 'zywnosc'),
(18, 8, 'stal', 'materialy'),
(19, 7, 'beton', 'materialy'),
(20, 1, 'wapień', 'materialy');

-- --------------------------------------------------------

--
-- Table structure for table `towar_magazyn`
--

CREATE TABLE `towar_magazyn` (
  `id_towaru` int(7) NOT NULL,
  `id_magazynu` int(7) NOT NULL,
  `max_ilosc` int(7) DEFAULT NULL,
  `ilosc` int(7) DEFAULT 0
) ENGINE=InnoDB DEFAULT CHARSET=utf8mb4 COLLATE=utf8mb4_general_ci;

--
-- Dumping data for table `towar_magazyn`
--

INSERT INTO `towar_magazyn` (`id_towaru`, `id_magazynu`, `max_ilosc`, `ilosc`) VALUES
(1, 1, 187, 0),
(1, 2, 132, 128),
(1, 3, 338, 8),
(2, 1, 864, 153),
(2, 2, 129, 0),
(2, 3, 270, 0),
(3, 1, 857, 0),
(3, 2, 998, 52),
(3, 3, 79, 33),
(4, 1, 162, 0),
(4, 2, 749, 652),
(4, 3, 215, 0),
(5, 1, 855, 0),
(5, 2, 240, 63),
(5, 3, 553, 289),
(6, 1, 312, 257),
(6, 2, 986, 567),
(6, 3, 493, 191),
(7, 1, 414, 0),
(7, 2, 29, 26),
(7, 3, 457, 411),
(8, 1, 253, 195),
(8, 2, 232, 42),
(8, 3, 783, 452),
(9, 1, 954, 329),
(9, 2, 840, 834),
(9, 3, 962, 895),
(10, 1, 460, 309),
(10, 2, 426, 241),
(10, 3, 489, 401),
(11, 1, 281, 116),
(11, 2, 757, 453),
(11, 3, 517, 0),
(12, 1, 496, 477),
(12, 2, 360, 201),
(12, 3, 260, 0),
(13, 1, 552, 0),
(13, 2, 405, 223),
(13, 3, 775, 154),
(14, 1, 37, 11),
(14, 2, 931, 92),
(14, 3, 476, 0),
(15, 1, 667, 65),
(15, 2, 611, 32),
(15, 3, 65, 0),
(16, 1, 417, 292),
(16, 2, 969, 574),
(16, 3, 477, 0),
(17, 1, 828, 426),
(17, 2, 585, 584),
(17, 3, 127, 57),
(18, 1, 197, 51),
(18, 2, 132, 124),
(18, 3, 215, 199),
(19, 1, 893, 0),
(19, 2, 850, 283),
(19, 3, 743, 142),
(20, 1, 38, 36),
(20, 2, 491, 106),
(20, 3, 447, 92);

-- --------------------------------------------------------

--
-- Table structure for table `uzytkownik`
--

CREATE TABLE `uzytkownik` (
  `id_uzytkownika` int(7) NOT NULL,
  `email` varchar(50) NOT NULL,
  `imie` varchar(20) DEFAULT NULL,
  `nazwisko` varchar(30) DEFAULT NULL,
  `haslo` varchar(255) DEFAULT NULL,
  `telefon` varchar(20) DEFAULT NULL,
  `stanowisko` varchar(20) DEFAULT NULL,
  `nazwa_firmy` varchar(40) DEFAULT NULL,
  `pensja` float DEFAULT NULL,
  `czy_aktywny` tinyint(1) DEFAULT 1,
  `czy_pracownik` tinyint(1) DEFAULT 0,
  `czy_producent` tinyint(1) DEFAULT 0,
  `czy_klient_detaliczny` tinyint(1) DEFAULT 0,
  `czy_klient_hurtowy` tinyint(1) DEFAULT 0
) ENGINE=InnoDB DEFAULT CHARSET=utf8mb4 COLLATE=utf8mb4_general_ci;

--
-- Dumping data for table `uzytkownik`
--

INSERT INTO `uzytkownik` (`id_uzytkownika`, `email`, `imie`, `nazwisko`, `haslo`, `telefon`, `stanowisko`, `nazwa_firmy`, `pensja`, `czy_aktywny`, `czy_pracownik`, `czy_producent`, `czy_klient_detaliczny`, `czy_klient_hurtowy`) VALUES
(1, 'watrasleonard@example.com', NULL, NULL, 'Np9@HFXQlQ', '+48 22 939 49 32', NULL, 'Stowarzyszenie Maciuk Sp.j.', NULL, 1, 0, 1, 0, 0),
(2, 'bodzionydorota@example.org', NULL, NULL, 'Yx2^NJLtyewDzSxh', '666 592 987', NULL, 'Stowarzyszenie Moździerz Sp.k.', NULL, 1, 0, 1, 0, 0),
(3, 'bednarowiczjulita@example.com', NULL, NULL, 'Pp0+EHo', '720 243 625', NULL, 'Stowarzyszenie Procek Sp. z o.o. Sp.k.', NULL, 1, 0, 1, 0, 0),
(4, 'bartek04@example.org', NULL, NULL, 'Fe1{DfjbbWj', '+48 508 945 137', NULL, 'Spółdzielnia Milej i syn s.c.', NULL, 1, 0, 1, 0, 0),
(5, 'ksaweryaleksa@example.net', NULL, NULL, 'Fa5$TCHXwtaaD', '+48 570 946 668', NULL, 'Sadoch-Bodek Sp.j.', NULL, 1, 0, 1, 0, 0),
(6, 'ryszardciastek@example.net', NULL, NULL, 'Ls6%LPGfkzreBcQJHl', '537 768 538', NULL, 'Fundacja Wydmuch', NULL, 1, 0, 1, 0, 0),
(7, 'andrzejworonko@example.com', NULL, NULL, 'Bo5^Fon', '+48 514 059 308', NULL, 'Stowarzyszenie Przerwa S.A.', NULL, 1, 0, 1, 0, 0),
(8, 'aleksstelmasiak@example.net', NULL, NULL, 'Ry5+jxuPAUquxnWYRpC', '506 612 572', NULL, 'Majak-Szymanik Sp. z o.o. Sp.k.', NULL, 1, 0, 1, 0, 0),
(9, 'znestorowicz@example.net', NULL, NULL, 'Vy1>Irw', '+48 729 436 606', NULL, 'Grupa Wielgos', NULL, 1, 0, 1, 0, 0),
(10, 'jedrzej79@example.com', NULL, NULL, 'Gj3=sic', '+48 501 804 538', NULL, 'Fundacja Han-Zaczyk Sp.j.', NULL, 1, 0, 1, 0, 0),
(11, 'bobikprzemyslaw@example.net', 'Mikołaj', 'Dziarmaga', 'Pr6(feKKrXD', '+48 733 136 088', 'kierownik magazynu', NULL, 8000, 1, 1, 0, 0, 0),
(12, 'klaramalon@example.org', 'Cyprian', 'Jargieło', 'Ww1=ORPpwSccjSBBNg', '721 637 158', 'kierownik magazynu', NULL, 8000, 1, 1, 0, 0, 0),
(13, 'anitabracha@example.com', 'Karina', 'Kycia', 'Sd0!MRDkwtqvwJshlRQ', '882 264 842', 'kierownik magazynu', NULL, 8000, 1, 1, 0, 0, 0),
(14, 'qkubasiak@example.com', 'Kornelia', 'Lorenz', 'Co2#SdwGf', '22 457 50 94', 'magazynier', NULL, 4820, 1, 1, 0, 0, 0),
(15, 'nataniel85@example.com', 'Blanka', 'Gros', 'Xq5=uDwJEdtKwv', '694 976 931', 'magazynier', NULL, 4820, 1, 1, 0, 0, 0),
(16, 'wojtaszczykrozalia@example.net', 'Ida', 'Łusiak', 'Gk1-NeqNNBZzZT', '+48 22 973 23 60', 'magazynier', NULL, 4820, 1, 1, 0, 0, 0),
(17, 'justyna56@example.com', 'Wojciech', 'Bancerz', 'Sf9^dsednUkMm', '799 845 156', 'magazynier', NULL, 4820, 1, 1, 0, 0, 0),
(18, 'aciula@example.org', 'Aleks', 'Kotala', 'Ta6)iRwWFbwRboaT', '32 481 11 92', 'magazynier', NULL, 4820, 1, 1, 0, 0, 0),
(19, 'kaniola@example.net', 'Apolonia', 'Wilma', 'Zd7}ZVsCESHprcEXjzil', '+48 578 730 055', 'magazynier', NULL, 4820, 1, 1, 0, 0, 0),
(20, 'zdydo@example.com', 'Kalina', 'Boduch', 'Td2iWCDwYVD', '22 066 71 39', 'magazynier', NULL, 4820, 1, 1, 0, 0, 0),
(21, 'kszramka@example.org', 'Kamil', 'Pesta', 'Kl6;LIyMAKbwOSjieU', '+48 515 182 253', 'magazynier', NULL, 4820, 1, 1, 0, 0, 0),
(22, 'cczura@example.com', 'Maks', 'Gajownik', 'Gw1_PmUOa', '+48 792 959 481', 'magazynier', NULL, 4820, 1, 1, 0, 0, 0),
(23, 'iwo12@example.org', 'Fabian', 'Wiencek', 'Sf1!FoEXfOlKuzOz', '+48 736 900 547', 'magazynier', NULL, 4820, 1, 1, 0, 0, 0),
(24, 'karina65@example.org', 'Urszula', 'Koczy', 'Ar2{zmLaSGIvN', '604 623 663', 'magazynier', NULL, 4820, 1, 1, 0, 0, 0),
(25, 'elzbieta25@example.org', 'Jeremi', 'Macheta', 'Px6{WIdmGsjOao', '737 659 989', 'magazynier', NULL, 4820, 1, 1, 0, 0, 0),
(26, 'anastazjafranaszek@example.net', 'Kazimierz', 'Dziczek', 'Ir4>hfXODdcaUceSfCkZ', '516 679 201', 'magazynier', NULL, 4820, 1, 1, 0, 0, 0),
(27, 'gabriel68@example.com', 'Józef', 'Ciećko', 'Vp8zNAOhELG', '+48 531 908 446', 'magazynier', NULL, 4820, 1, 1, 0, 0, 0),
(28, 'jacek38@example.org', 'Aleksander', 'Matela', 'Qg5=kmUk', '+48 888 802 688', 'magazynier', NULL, 4820, 1, 1, 0, 0, 0),
(29, 'twesoly@example.net', 'Natan', 'Para', 'Bc9+guJBVFNHjMi', '574 633 530', 'kierowca', NULL, 5000, 1, 1, 0, 0, 0),
(30, 'marikapastula@example.net', 'Alan', 'Wisz', 'Dd3%ensT', '+48 666 280 953', 'kierowca', NULL, 5000, 1, 1, 0, 0, 0),
(31, 'kazimierz55@example.net', 'Elżbieta', 'Częścik', 'Ut1_jwKUSL', '692 606 615', 'kierowca', NULL, 5000, 1, 1, 0, 0, 0),
(32, 'yludwiniak@example.org', 'Kamil', 'Skonieczka', 'Ie7-JVJLPVmJMP', '+48 796 088 599', 'kierowca', NULL, 5000, 1, 1, 0, 0, 0),
(33, 'zielkekarol@example.org', 'Elżbieta', 'Symonowicz', 'Yu4*Ivuo', '+48 510 486 032', 'kierowca', NULL, 5000, 1, 1, 0, 0, 0),
(34, 'tomasz18@example.org', 'Jakub', 'Sutor', 'Pt1(ZpRaAgKrFIYeTS', '+48 738 416 557', 'kierowca', NULL, 5000, 1, 1, 0, 0, 0),
(35, 'szwiecryszard@example.org', 'Hubert', 'Hejna', 'Wu6=LCAueJYxnBTiRa', '+48 518 180 305', 'kierowca', NULL, 5000, 1, 1, 0, 0, 0),
(36, 'ewolczyk@example.org', 'Melania', 'Pacia', 'Pn0$CjlB', '880 477 633', 'kierowca', NULL, 5000, 1, 1, 0, 0, 0),
(37, 'styczka@example.net', 'Maciej', 'Słupek', 'Dd8>odAIL', '+48 504 186 958', 'kierowca', NULL, 5000, 1, 1, 0, 0, 0),
(38, 'julianna23@example.com', 'Bartek', 'Strzelczak', 'Zx1^raQrhcWqnhQb', '+48 796 788 230', 'kierowca', NULL, 5000, 1, 1, 0, 0, 0),
(39, 'elzbietaksiezak@example.net', 'Maksymilian', 'Zaborek', 'Dy7-RXIBlykej', '884 290 026', 'koordynator', NULL, 6200, 1, 1, 0, 0, 0),
(40, 'oliwier65@example.com', 'Grzegorz', 'Częścik', 'By4$EksUAIqSGjvSW', '690 193 056', 'koordynator', NULL, 6200, 1, 1, 0, 0, 0),
(41, 'majdakkazimierz@example.net', 'Robert', 'Szalast', 'Io8;qW', '+48 885 835 070', 'administrator', NULL, 9000, 1, 1, 0, 0, 0),
(42, 'elzbietajozwik@example.org', 'Krzysztof', 'Szkatuła', 'Bm3#FSzWbgP', '+48 609 837 784', NULL, NULL, NULL, 1, 0, 0, 1, 0),
(43, 'ziemkiewicznatasza@example.com', 'Maciej', 'Halik', 'Gt9{scjjeypZy', '782 013 902', NULL, NULL, NULL, 1, 0, 0, 1, 0),
(44, 'albertparada@example.com', 'Maks', 'Greszta', 'Gn5{rGA', '784 854 626', NULL, NULL, NULL, 1, 0, 0, 1, 0),
(45, 'trabiej@example.net', 'Antoni', 'Lulek', 'Dj7-PFaHOSQlMyYP', '+48 784 594 448', NULL, NULL, NULL, 1, 0, 0, 1, 0),
(46, 'imacias@example.com', 'Eryk', 'Sarota', 'Jd3)hGWauS', '606 706 015', NULL, NULL, NULL, 1, 0, 0, 1, 0),
(47, 'stanislaw18@example.net', 'Maurycy', 'Januchta', 'Ao0)VreBYsitQD', '+48 886 729 930', NULL, NULL, NULL, 1, 0, 0, 1, 0),
(48, 'kjanka@example.com', 'Mateusz', 'Gomuła', 'Xr9^tqNsyxpxuKz', '739 469 458', NULL, NULL, NULL, 1, 0, 0, 1, 0),
(49, 'wesolakacper@example.org', 'Alex', 'Parda', 'Pz8{JtkHaZVPdAd', '+48 728 678 035', NULL, NULL, NULL, 1, 0, 0, 1, 0),
(50, 'dagmara50@example.net', 'Kazimierz', 'Fogt', 'Fi5>mhVtAacD', '697 007 933', NULL, NULL, NULL, 1, 0, 0, 1, 0),
(51, 'tobiaszdrobot@example.net', 'Leonard', 'Megger', 'My0WhsqGSYJgMSEPLj', '782 570 372', NULL, NULL, NULL, 1, 0, 0, 1, 0),
(52, 'fabiandzialak@example.com', 'Albert', 'Usarek', 'Ny5~jfYsnmvRFDW', '512 543 141', NULL, NULL, NULL, 1, 0, 0, 1, 0),
(53, 'zaraskornelia@example.com', 'Fabian', 'Widuch', 'Xz1*TUr', '733 325 138', NULL, NULL, NULL, 1, 0, 0, 1, 0),
(54, 'leonduniec@example.net', 'Borys', 'Ryznar', 'Qh7=FroqhhFiadsrzBvU', '882 565 892', NULL, NULL, NULL, 1, 0, 0, 1, 0),
(55, 'oliwier01@example.com', 'Ada', 'Dywan', 'Hm1>yRLwQGAImDwsha', '+48 720 949 400', NULL, NULL, NULL, 1, 0, 0, 1, 0),
(56, 'ileszcz@example.com', 'Sonia', 'Nyc', 'Wq7<abyCRCJCmCMrC', '665 334 479', NULL, NULL, NULL, 1, 0, 0, 1, 0),
(57, 'stefan63@example.com', 'Daniel', 'Gal', 'Lg3)cayWdCrBGToonX', '+48 694 887 575', NULL, NULL, NULL, 1, 0, 0, 1, 0),
(58, 'omaksym@example.net', 'Janina', 'Gołofit', 'Lk1vzdqb', '+48 22 437 83 40', NULL, NULL, NULL, 1, 0, 0, 1, 0),
(59, 'emil06@example.org', 'Nikodem', 'Leszcz', 'Ek4@hwQMYYv', '513 584 262', NULL, NULL, NULL, 1, 0, 0, 1, 0),
(60, 'daniel26@example.net', 'Gabriel', 'Trąbka', 'Ib0%AIQlhmnGPmQhKf', '504 554 060', NULL, NULL, NULL, 1, 0, 0, 1, 0),
(61, 'jaszczyszynanastazja@example.org', 'Wojciech', 'Fedyk', 'Te2=pLM', '728 274 914', NULL, NULL, NULL, 1, 0, 0, 1, 0),
(62, 'ulosiak@example.net', 'Malwina', 'Wlizło', 'Cr8)SajFDGZDHmO', '+48 22 300 38 41', NULL, NULL, NULL, 1, 0, 0, 1, 0),
(63, 'kazimierzlenc@example.com', 'Karina', 'Mizia', 'Wd0*gKnSvKPKy', '+48 791 194 779', NULL, NULL, NULL, 1, 0, 0, 1, 0),
(64, 'rozalia29@example.org', 'Kalina', 'Morgała', 'Es0#Za', '+48 662 151 627', NULL, NULL, NULL, 1, 0, 0, 1, 0),
(65, 'mojsapatryk@example.net', 'Nela', 'Cudzich', 'El7;OGXIfWi', '691 323 697', NULL, NULL, NULL, 1, 0, 0, 1, 0),
(66, 'kczosnyka@example.org', 'Mikołaj', 'Stachów', 'Np9=RCslchFv', '+48 501 862 916', NULL, NULL, NULL, 1, 0, 0, 1, 0),
(67, 'nikodem71@example.net', 'Tola', 'Kozieja', 'Ck2!jR', '+48 884 656 749', NULL, NULL, NULL, 1, 0, 0, 1, 0),
(68, 'edorna@example.org', 'Kornelia', 'Smolorz', 'Ej4-gui', '+48 502 549 865', NULL, NULL, NULL, 1, 0, 0, 1, 0),
(69, 'imielaapolonia@example.org', 'Ida', 'Stanclik', 'Tg8!gWnXCMKnpy', '+48 667 770 010', NULL, NULL, NULL, 1, 0, 0, 1, 0),
(70, 'cdoroszuk@example.net', 'Dawid', 'Mitera', 'Aa0)cShfe', '+48 738 810 344', NULL, NULL, NULL, 1, 0, 0, 1, 0),
(71, 'krystianficner@example.org', 'Maks', 'Plaskota', 'Bt9~oQcinvfnaFZJ', '880 558 286', NULL, NULL, NULL, 1, 0, 0, 1, 0),
(72, 'rrzezniczak@example.org', 'Ewa', 'Wawszczyk', 'Xc2=IbRkMSCdG', '+48 606 574 914', NULL, NULL, NULL, 1, 0, 0, 1, 0),
(73, 'rkochanowicz@example.com', 'Jacek', 'Niesporek', 'Kn0{JxzIxyaCVFpbp', '535 093 343', NULL, NULL, NULL, 1, 0, 0, 1, 0),
(74, 'mularzmarianna@example.net', 'Monika', 'Ładziak', 'Mn2<mIvmXvtKFwa', '574 590 177', NULL, NULL, NULL, 1, 0, 0, 1, 0),
(75, 'iwo04@example.org', 'Robert', 'Imiela', 'Qu8^CGsGtXEVI', '+48 787 315 931', NULL, NULL, NULL, 1, 0, 0, 1, 0),
(76, 'ziolaszymon@example.com', 'Albert', 'Wawryniuk', 'Fl0>QmdSjjadhLKJxl', '+48 531 271 016', NULL, NULL, NULL, 1, 0, 0, 1, 0),
(77, 'natasza77@example.org', 'Alex', 'Kochel', 'Wn7$zcmRVWmGfYsEg', '+48 734 507 676', NULL, NULL, NULL, 1, 0, 0, 1, 0),
(78, 'przemyslawbekus@example.net', 'Nikodem', 'Malara', 'Mk1(BY', '664 704 987', NULL, NULL, NULL, 1, 0, 0, 1, 0),
(79, 'kurylowiczmalwina@example.com', 'Daniel', 'Bochnak', 'Qy5@WyPgL', '665 704 082', NULL, NULL, NULL, 1, 0, 0, 1, 0),
(80, 'elizawiewiorka@example.net', 'Robert', 'Narożny', 'Bp2@LkBeL', '+48 507 696 706', NULL, NULL, NULL, 1, 0, 0, 1, 0),
(81, 'wiktorroczniak@example.net', 'Konstanty', 'Makoś', 'Yk1!UdCOYajz', '+48 780 648 481', NULL, NULL, NULL, 1, 0, 0, 1, 0),
(82, 'przeklasakornelia@example.com', 'Janina', 'Marchlewicz', 'Nr5+UTkZfxZiqGHmqhrP', '+48 724 473 855', NULL, NULL, NULL, 1, 0, 0, 1, 0),
(83, 'monikawicha@example.com', 'Maurycy', 'Frelich', 'Eb1%gP', '786 684 336', NULL, NULL, NULL, 1, 0, 0, 1, 0),
(84, 'tadeusz84@example.net', 'Julian', 'Janczarek', 'Yq8$MoTBiLbvaFMrh', '783 821 292', NULL, NULL, NULL, 1, 0, 0, 1, 0),
(85, 'lidiafiedoruk@example.com', 'Sonia', 'Łyjak', 'Ba3(nmljeOFTr', '662 743 726', NULL, NULL, NULL, 1, 0, 0, 1, 0),
(86, 'oslizlojozef@example.com', 'Leon', 'Tabisz', 'Kr1#MSZ', '794 163 846', NULL, NULL, NULL, 1, 0, 0, 1, 0),
(87, 'dmalcher@example.net', 'Oliwier', 'Janic', 'Dd1@xCsfvhRcHvowLl', '799 365 373', NULL, NULL, NULL, 1, 0, 0, 1, 0),
(88, 'liwia51@example.org', 'Leon', 'Achtelik', 'Uu3@eHXaCTnMePFJxFS', '+48 32 702 38 72', NULL, NULL, NULL, 1, 0, 0, 1, 0),
(89, 'gajabladek@example.org', 'Albert', 'Sadownik', 'Ir2{WIP', '721 908 864', NULL, NULL, NULL, 1, 0, 0, 1, 0),
(90, 'julian76@example.net', 'Maurycy', 'Łuksza', 'Aw4~hFUjGHqVxcriM', '+48 720 077 734', NULL, NULL, NULL, 1, 0, 0, 1, 0),
(91, 'mjedruch@example.org', 'Filip', 'Mały', 'Fa9wkYWmROSYUlM', '783 573 922', NULL, NULL, NULL, 1, 0, 0, 1, 0),
(92, 'dwoloch@example.org', 'Andrzej', 'Bluszcz', 'Wl0%oEVvnxBKzN', '799 951 360', NULL, NULL, NULL, 1, 0, 0, 1, 0),
(93, 'blazejszeszko@example.net', 'Paweł', 'Wiertelak', 'Of2<wzIzrtjvAvtu', '+48 722 264 137', NULL, NULL, NULL, 1, 0, 0, 1, 0),
(94, 'kornel12@example.org', 'Blanka', 'Baka', 'Kx6#ymZ', '500 966 371', NULL, NULL, NULL, 1, 0, 0, 1, 0),
(95, 'isinkiewicz@example.net', 'Kaja', 'Pastor', 'Rc2%VssGpJHzFsJOphlH', '512 396 638', NULL, NULL, NULL, 1, 0, 0, 1, 0),
(96, 'alan68@example.com', 'Jerzy', 'Gawliczek', 'Ql1qfgqDKohFl', '889 831 634', NULL, NULL, NULL, 1, 0, 0, 1, 0),
(97, 'dyliksylwia@example.net', 'Alan', 'Potoczna', 'Lj6$IbUJkyzdAKdiaKm', '517 304 805', NULL, NULL, NULL, 1, 0, 0, 1, 0),
(98, 'stanaszekolga@example.net', 'Jacek', 'Rubin', 'Bg7#WBrJyCytOlhgg', '+48 793 405 612', NULL, NULL, NULL, 1, 0, 0, 1, 0),
(99, 'vmikita@example.org', 'Jan', 'Wiesiołek', 'Va6:GwTnHSzb', '578 050 307', NULL, NULL, NULL, 1, 0, 0, 1, 0),
(100, 'przemyslaw69@example.org', 'Nela', 'Oleksiewicz', 'Xg9(hoyAMXMjqorGmnXC', '+48 512 572 597', NULL, NULL, NULL, 1, 0, 0, 1, 0),
(101, 'kosowicztymoteusz@example.com', 'Natasza', 'Gietka', 'Xv2~lzkfDoeRwJxLHB', '+48 690 621 732', NULL, NULL, NULL, 1, 0, 0, 1, 0),
(102, 'mbialasik@example.com', 'Kamila', 'Fijoł', 'Vy0=kXLURRMmUbEWIAU', '+48 602 615 965', NULL, NULL, NULL, 1, 0, 0, 1, 0),
(103, 'antonikoniec@example.org', 'Eliza', 'Stachelek', 'Oh4#OUtaeKc', '782 589 075', NULL, NULL, NULL, 1, 0, 0, 1, 0),
(104, 'lukaszgalica@example.net', 'Kamil', 'Kaja', 'Vf7~OKlG', '+48 519 203 355', NULL, NULL, NULL, 1, 0, 0, 1, 0),
(105, 'naczkanita@example.org', 'Ksawery', 'Bakalarczyk', 'Ek1%HT', '880 020 484', NULL, NULL, NULL, 1, 0, 0, 1, 0),
(106, 'maciejmakosz@example.net', 'Konstanty', 'Kukuczka', 'Ji7=eujZXxyYN', '501 356 921', NULL, NULL, NULL, 1, 0, 0, 1, 0),
(107, 'wforysiak@example.net', 'Eryk', 'Gzyl', 'Hx0=Yrr', '883 863 093', NULL, NULL, NULL, 1, 0, 0, 1, 0),
(108, 'ksawery60@example.net', 'Mateusz', 'Piszcz', 'Tx3<bAJu', '539 970 114', NULL, NULL, NULL, 1, 0, 0, 1, 0),
(109, 'elzbieta84@example.com', 'Hubert', 'Geisler', 'Qp9$FoSsrAEfQ', '+48 510 569 837', NULL, NULL, NULL, 1, 0, 0, 1, 0),
(110, 'kocajmarcel@example.org', 'Wiktor', 'Jarczak', 'Iu8!AVx', '+48 539 268 560', NULL, NULL, NULL, 1, 0, 0, 1, 0),
(111, 'tymoteusz43@example.org', 'Sandra', 'Loba', 'Te8$WcItPuEphuT', '+48 663 692 305', NULL, NULL, NULL, 1, 0, 0, 1, 0),
(112, 'yfurgal@example.org', 'Klara', 'Miros', 'Rk5@tKnVjzdZhpSZd', '509 095 835', NULL, NULL, NULL, 1, 0, 0, 1, 0),
(113, 'maciej60@example.org', 'Malwina', 'Dziarmaga', 'Ds1~eecj', '+48 602 959 957', NULL, NULL, NULL, 1, 0, 0, 1, 0),
(114, 'orusnak@example.net', 'Robert', 'Wiencek', 'Hx4_iYiVzCjXUpnMNcd', '+48 792 435 612', NULL, NULL, NULL, 1, 0, 0, 1, 0),
(115, 'piotr32@example.org', 'Dariusz', 'Pałac', 'Re8#duUpoAag', '+48 799 065 366', NULL, NULL, NULL, 1, 0, 0, 1, 0),
(116, 'dziedzinaadrian@example.net', 'Witold', 'Bałazy', 'Pl5{ehCIHnzEcZO', '+48 698 591 108', NULL, NULL, NULL, 1, 0, 0, 1, 0),
(117, 'anastazja98@example.net', 'Marika', 'Surdyk', 'Wt9-qlqjNX', '+48 503 729 154', NULL, NULL, NULL, 1, 0, 0, 1, 0),
(118, 'ernest05@example.net', 'Gustaw', 'Kiepas', 'Av9{RuTMThXdfa', '886 075 938', NULL, NULL, NULL, 1, 0, 0, 1, 0),
(119, 'lidia27@example.org', 'Dagmara', 'Gołas', 'Bu5-qxvPlvDaMdHiRjp', '505 580 539', NULL, NULL, NULL, 1, 0, 0, 1, 0),
(120, 'jozefjanasik@example.com', 'Maciej', 'Aleksa', 'Du0+MMVX', '789 666 203', NULL, NULL, NULL, 1, 0, 0, 1, 0),
(121, 'bryczekjeremi@example.net', 'Natan', 'Duras', 'Gk3$dKRBkKX', '+48 22 055 70 95', NULL, NULL, NULL, 1, 0, 0, 1, 0),
(122, 'broter@example.com', 'Kalina', 'Żymełka', 'Et7{RflqydJLMCBzSO', '535 977 619', NULL, NULL, NULL, 1, 0, 0, 1, 0),
(123, 'ngrzelec@example.com', 'Sonia', 'Truchan', 'Oq7+bGtx', '+48 502 651 795', NULL, NULL, NULL, 1, 0, 0, 1, 0),
(124, 'przemyslaw70@example.net', 'Nikodem', 'Moroń', 'Wx7^Bl', '+48 885 955 390', NULL, NULL, NULL, 1, 0, 0, 1, 0),
(125, 'tadeuszsiemek@example.net', 'Klara', 'Andrys', 'Gp5=NGqKmAhrYSHHDwT', '517 223 983', NULL, NULL, NULL, 1, 0, 0, 1, 0),
(126, 'ojalowiec@example.org', 'Róża', 'Wowra', 'Tp3_mjVe', '579 144 093', NULL, NULL, NULL, 1, 0, 0, 1, 0),
(127, 'gpieszak@example.com', 'Damian', 'Konieczek', 'La5$gKr', '885 181 827', NULL, NULL, NULL, 1, 0, 0, 1, 0),
(128, 'maksymilian22@example.org', 'Fryderyk', 'Sabak', 'Vq0(IpuESQYBw', '+48 797 077 016', NULL, NULL, NULL, 1, 0, 0, 1, 0),
(129, 'yduczek@example.org', 'Emil', 'Szczypiór', 'Kp3%bxDGeXGRbFXRujX', '+48 881 180 715', NULL, NULL, NULL, 1, 0, 0, 1, 0),
(130, 'korneliastarostka@example.org', 'Mariusz', 'Stanaszek', 'Gw0=CVrwSX', '+48 695 089 333', NULL, NULL, NULL, 1, 0, 0, 1, 0),
(131, 'rozagosek@example.com', 'Przemysław', 'Dzwonnik', 'Le6$VhyWgut', '32 818 35 30', NULL, NULL, NULL, 1, 0, 0, 1, 0),
(132, 'mjanasz@example.org', 'Rozalia', 'Kleina', 'Hx3>ZWYLFxEM', '+48 574 553 897', NULL, NULL, NULL, 1, 0, 0, 1, 0),
(133, 'karolnastaly@example.org', 'Rozalia', 'Michnowicz', 'Gp9@An', '22 242 76 34', NULL, NULL, NULL, 1, 0, 0, 1, 0),
(134, 'szlachciclidia@example.net', 'Kornelia', 'Miotke', 'Bl0(Rs', '22 008 49 08', NULL, NULL, NULL, 1, 0, 0, 1, 0),
(135, 'dimiolczyk@example.com', 'Jacek', 'Wojtoń', 'Qb6}IyqHspdwky', '+48 889 326 340', NULL, NULL, NULL, 1, 0, 0, 1, 0),
(136, 'patryk37@example.org', 'Alan', 'Szpyrka', 'Yp5=FcVfLgYqaLzCS', '663 464 130', NULL, NULL, NULL, 1, 0, 0, 1, 0),
(137, 'paniczada@example.net', 'Andrzej', 'Kenig', 'Ba6{TRxYfbUTCoMWEKXD', '32 354 54 05', NULL, NULL, NULL, 1, 0, 0, 1, 0),
(138, 'karolstrojna@example.net', 'Mateusz', 'Strzępek', 'Fj0_lj', '603 983 872', NULL, NULL, NULL, 1, 0, 0, 1, 0),
(139, 'hlizurej@example.com', 'Kazimierz', 'Litwa', 'Uo7-fUkQokSKskCQMcD', '+48 571 438 911', NULL, NULL, NULL, 1, 0, 0, 1, 0),
(140, 'migdamikolaj@example.com', 'Witold', 'Radke', 'Ea7^MzVhyQ', '609 374 124', NULL, NULL, NULL, 1, 0, 0, 1, 0),
(141, 'tymoteuszpodpora@example.com', 'Sylwia', 'Andrejczuk', 'Hj4_WTzTBry', '+48 725 830 874', NULL, NULL, NULL, 1, 0, 0, 1, 0),
(142, 'emilmajorczyk@example.com', 'Melania', 'Zander', 'He1+IuAPnDDcqdej', '784 494 279', NULL, NULL, NULL, 1, 0, 0, 1, 0),
(143, 'wojtanowiczkornelia@example.com', 'Dawid', 'Macias', 'Ui8@rZiZK', '794 994 456', NULL, NULL, NULL, 1, 0, 0, 1, 0),
(144, 'tadeuszherba@example.net', 'Artur', 'Łabaj', 'Gn6+oBJJPSBrvrRZaz', '+48 607 690 503', NULL, NULL, NULL, 1, 0, 0, 1, 0),
(145, 'apolonia83@example.net', 'Anna Maria', 'Myrcik', 'Kc9>QqiJUqRLLVDwV', '+48 517 428 305', NULL, NULL, NULL, 1, 0, 0, 1, 0),
(146, 'leszczakarkadiusz@example.org', 'Alex', 'Świstek', 'Qd0;YQjzlyHzHao', '515 078 086', NULL, NULL, NULL, 1, 0, 0, 1, 0),
(147, 'jgrund@example.org', 'Liwia', 'Zamora', 'Yy3(qyZTduAe', '+48 32 932 05 75', NULL, NULL, NULL, 1, 0, 0, 1, 0),
(148, 'nkrecichwost@example.org', 'Paweł', 'Gwizdek', 'Jj4:wR', '723 379 061', NULL, NULL, NULL, 1, 0, 0, 1, 0),
(149, 'natanmich@example.net', 'Liwia', 'Flasza', 'Ff3@Py', '535 341 851', NULL, NULL, NULL, 1, 0, 0, 1, 0),
(150, 'lorenscezary@example.org', 'Nataniel', 'Kut', 'Ly0!oUkmGjyT', '533 158 544', NULL, NULL, NULL, 1, 0, 0, 1, 0),
(151, 'alan83@example.org', 'Bianka', 'Nastały', 'Br6!BwFm', '+48 502 023 332', NULL, NULL, NULL, 1, 0, 0, 1, 0),
(152, 'krystynaspolnik@example.org', 'Nicole', 'Nazar', 'Fw6}DPhBnuRfl', '513 277 459', NULL, NULL, NULL, 1, 0, 0, 1, 0),
(153, 'lbrzek@example.org', 'Kacper', 'Groth', 'Ia5:XpgponOiUQaGdKg', '+48 799 237 045', NULL, NULL, NULL, 1, 0, 0, 1, 0),
(154, 'wochnadorota@example.net', 'Damian', 'Godzisz', 'Hr0%zK', '792 979 616', NULL, NULL, NULL, 1, 0, 0, 1, 0),
(155, 'ihelak@example.com', 'Dominik', 'Cisoń', 'Be7^SxHRH', '32 395 07 10', NULL, NULL, NULL, 1, 0, 0, 1, 0),
(156, 'bstanislawczyk@example.net', 'Justyna', 'Kopij', 'Qe2(lR', '+48 787 534 856', NULL, NULL, NULL, 1, 0, 0, 1, 0),
(157, 'gpieczarka@example.org', 'Karol', 'Gorgol', 'Gq0<jCtDbFxdeuyvd', '884 190 966', NULL, NULL, NULL, 1, 0, 0, 1, 0),
(158, 'leonard66@example.net', 'Tymon', 'Ryndak', 'Zt5zMJAuFYpYi', '+48 22 851 55 98', NULL, NULL, NULL, 1, 0, 0, 1, 0),
(159, 'wezykmichal@example.org', 'Maksymilian', 'Molka', 'Wy1JQJTFJwFdeMdWGy', '+48 32 561 57 25', NULL, NULL, NULL, 1, 0, 0, 1, 0),
(160, 'hsteinke@example.org', 'Aleksander', 'Stoltmann', 'Mi3$WHftnm', '+48 795 149 721', NULL, NULL, NULL, 1, 0, 0, 1, 0),
(161, 'lbregula@example.net', 'Józef', 'Malka', 'Ys1@JpkQDMoHJyRPzY', '+48 787 170 743', NULL, NULL, NULL, 1, 0, 0, 1, 0),
(162, 'patryksmela@example.com', 'Bianka', 'Kretek', 'Yn4~baenshn', '537 286 736', NULL, NULL, NULL, 1, 0, 0, 1, 0),
(163, 'krzysztof98@example.net', 'Tola', 'Zapora', 'Lc2*JCgDtVNfs', '+48 574 305 520', NULL, NULL, NULL, 1, 0, 0, 1, 0),
(164, 'oliwierpowazka@example.com', 'Urszula', 'Mandrysz', 'Xc2*DBOq', '885 717 910', NULL, NULL, NULL, 1, 0, 0, 1, 0),
(165, 'wylegalaaleks@example.com', 'Miłosz', 'Smolorz', 'Yh5}UCo', '669 692 152', NULL, NULL, NULL, 1, 0, 0, 1, 0),
(166, 'elizawojtalik@example.org', 'Julian', 'Kurpanik', 'Pu5(XEUFazup', '+48 604 683 625', NULL, NULL, NULL, 1, 0, 0, 1, 0),
(167, 'kurczakoskar@example.org', 'Elżbieta', 'Żero', 'Ub5}MAs', '+48 888 611 114', NULL, NULL, NULL, 1, 0, 0, 1, 0),
(168, 'szymon69@example.org', 'Marek', 'Tylek', 'Rr7}fdngCx', '604 862 771', NULL, NULL, NULL, 1, 0, 0, 1, 0),
(169, 'xdynia@example.net', 'Filip', 'Duchnik', 'Rh3:YTdZpJEtmOLwBVBq', '+48 661 904 132', NULL, NULL, NULL, 1, 0, 0, 1, 0),
(170, 'cyprian48@example.net', 'Arkadiusz', 'Kiełek', 'Ww8@MaCBHPcgplNVPS', '886 952 507', NULL, NULL, NULL, 1, 0, 0, 1, 0),
(171, 'wichasylwia@example.com', 'Tomasz', 'Kuczaj', 'Ps6-tChizNkSDd', '22 718 98 54', NULL, NULL, NULL, 1, 0, 0, 1, 0),
(172, 'wojtynaadam@example.org', 'Kajetan', 'Zmyślony', 'Pr9@oTeP', '+48 22 723 29 74', NULL, NULL, NULL, 1, 0, 0, 1, 0),
(173, 'hubertlosiak@example.com', 'Lidia', 'Łaszcz', 'No8}BDUOnj', '605 749 220', NULL, NULL, NULL, 1, 0, 0, 1, 0),
(174, 'ksawery10@example.com', 'Dominik', 'Stosik', 'Nq7=zTZtuyUis', '501 633 929', NULL, NULL, NULL, 1, 0, 0, 1, 0),
(175, 'iklinkosz@example.org', 'Tymoteusz', 'Ćmiel', 'Va5$exi', '783 539 849', NULL, NULL, NULL, 1, 0, 0, 1, 0),
(176, 'szarpaknikodem@example.com', 'Witold', 'Podpora', 'Vs6~NYMyR', '+48 780 704 500', NULL, NULL, NULL, 1, 0, 0, 1, 0),
(177, 'mareksosniak@example.com', 'Ignacy', 'Pawliczek', 'Xs4+ZlBtvM', '+48 532 189 401', NULL, NULL, NULL, 1, 0, 0, 1, 0),
(178, 'wasaznikprzemyslaw@example.org', 'Dagmara', 'Lewko', 'Bl0<zxXjM', '661 430 472', NULL, NULL, NULL, 1, 0, 0, 1, 0),
(179, 'yprucnal@example.com', 'Fabian', 'Andrejczuk', 'Ec4~nMWrIN', '22 215 87 66', NULL, NULL, NULL, 1, 0, 0, 1, 0),
(180, 'sadyalex@example.com', 'Albert', 'Grodek', 'Hc3~VMzjIsjUzJxw', '519 266 547', NULL, NULL, NULL, 1, 0, 0, 1, 0),
(181, 'witold64@example.net', 'Radosław', 'Banyś', 'Fo2<JrmexdnXWEhfj', '+48 575 253 560', NULL, NULL, NULL, 1, 0, 0, 1, 0),
(182, 'wslebioda@example.org', 'Konrad', 'Osipiuk', 'Pt1$xCRWfrdzQZxn', '+48 519 669 824', NULL, NULL, NULL, 1, 0, 0, 1, 0),
(183, 'btrojanek@example.org', 'Mariusz', 'Ignatiuk', 'Po7$Yvsw', '32 449 97 83', NULL, NULL, NULL, 1, 0, 0, 1, 0),
(184, 'olafchomiak@example.org', 'Łukasz', 'Prawdzik', 'Py7@PPLk', '794 372 555', NULL, NULL, NULL, 1, 0, 0, 1, 0),
(185, 'blazej83@example.net', 'Olga', 'Tomaszuk', 'Ou6;UflsaLJPnJ', '+48 723 554 994', NULL, NULL, NULL, 1, 0, 0, 1, 0),
(186, 'marek26@example.org', 'Radosław', 'Gal', 'Iq4@YsUyJy', '518 238 506', NULL, NULL, NULL, 1, 0, 0, 1, 0),
(187, 'alekskolendo@example.com', 'Borys', 'Horbacz', 'Tw8(ChGpWthRNAMC', '+48 692 786 412', NULL, NULL, NULL, 1, 0, 0, 1, 0),
(188, 'boryslempart@example.org', 'Andrzej', 'Maciejko', 'Qp5:DdUSQUzz', '576 846 319', NULL, NULL, NULL, 1, 0, 0, 1, 0),
(189, 'iwidlak@example.org', 'Patryk', 'Cieciura', 'Gk8-kYnJ', '+48 32 270 19 96', NULL, NULL, NULL, 1, 0, 0, 1, 0),
(190, 'haremzaadam@example.org', 'Ewa', 'Woronko', 'Jz0*dec', '+48 795 432 694', NULL, NULL, NULL, 1, 0, 0, 1, 0),
(191, 'janwrochna@example.com', 'Stanisław', 'Imiela', 'Gc9(LcdEDthChPbUQ', '794 520 956', NULL, NULL, NULL, 1, 0, 0, 1, 0),
(192, 'broszkiewicznatasza@example.org', 'Marika', 'Dziób', 'Ou4~gqijtazHkTYT', '883 693 866', NULL, NULL, NULL, 1, 0, 0, 1, 0),
(193, 'kornelia79@example.net', 'Gustaw', 'Szczypek', 'Oq5}HSCLXmsMF', '+48 783 548 843', NULL, NULL, NULL, 1, 0, 0, 1, 0),
(194, 'fitrzykroksana@example.net', 'Józef', 'Godzisz', 'Dc0+JclPy', '799 844 353', NULL, NULL, NULL, 1, 0, 0, 1, 0),
(195, 'olaf17@example.com', 'Julian', 'Szklarek', 'Kq1:BQmQBZwgj', '+48 32 474 42 61', NULL, NULL, NULL, 1, 0, 0, 1, 0),
(196, 'aleksanderstachelek@example.net', 'Albert', 'Drost', 'Uh8@ewTchDcEjUHmhKs', '885 527 450', NULL, NULL, NULL, 1, 0, 0, 1, 0),
(197, 'jerzy35@example.net', 'Alex', 'Księżak', 'Rk4<bvYzznqjS', '+48 514 307 357', NULL, NULL, NULL, 1, 0, 0, 1, 0),
(198, 'amordal@example.net', 'Maks', 'Grzech', 'Pt0~DXGWhkLsArXXDUk', '+48 22 929 81 35', NULL, NULL, NULL, 1, 0, 0, 1, 0),
(199, 'kiciakdominik@example.org', 'Ewa', 'Listwan', 'La3@HjXR', '781 786 808', NULL, NULL, NULL, 1, 0, 0, 1, 0),
(200, 'nesterowiczjulita@example.org', 'Marcel', 'Kosak', 'Tk9*bZqYCvj', '601 412 266', NULL, NULL, NULL, 1, 0, 0, 1, 0),
(201, 'janmatraszek@example.net', 'Konrad', 'Bugno', 'Rq0*lFHIrtulxmZjG', '504 257 578', NULL, NULL, NULL, 1, 0, 0, 1, 0),
(202, 'kawulajanina@example.org', 'Wiktor', 'Strawa', 'Aq5<LEfEoVOyMHHLVctY', '+48 728 208 169', NULL, NULL, NULL, 1, 0, 0, 1, 0),
(203, 'pieczyrakapolonia@example.org', 'Alan', 'Wójs', 'Vn2>rXnrK', '783 524 632', NULL, NULL, NULL, 1, 0, 0, 1, 0),
(204, 'drobikalbert@example.net', 'Jakub', 'Wydrych', 'Vi7}HEHAZL', '+48 22 745 13 49', NULL, NULL, NULL, 1, 0, 0, 1, 0),
(205, 'mieszko36@example.org', 'Mieszko', 'Baś', 'Vb5>wwf', '510 258 620', NULL, NULL, NULL, 1, 0, 0, 1, 0),
(206, 'jacektadla@example.org', 'Konstanty', 'Burnat', 'Qr4{DxxvyGHQuHr', '691 619 964', NULL, NULL, NULL, 1, 0, 0, 1, 0),
(207, 'jacekkuza@example.com', 'Nataniel', 'Mizgała', 'Qj1:yeetSoVMQsGJO', '793 805 195', NULL, NULL, NULL, 1, 0, 0, 1, 0),
(208, 'galtymoteusz@example.net', 'Natan', 'Pierzak', 'Tj1*ArlrnYAynEwCp', '22 456 10 22', NULL, NULL, NULL, 1, 0, 0, 1, 0),
(209, 'fdomon@example.com', 'Kacper', 'Nieradko', 'Wq6~yiDVBlyaWwG', '+48 500 283 118', NULL, NULL, NULL, 1, 0, 0, 1, 0),
(210, 'arkadiuszstawowczyk@example.net', 'Kornelia', 'Prokopiak', 'Fe6@KQTYp', '574 467 893', NULL, NULL, NULL, 1, 0, 0, 1, 0),
(211, 'mateuszszalas@example.org', 'Anita', 'Kondej', 'Ds8=AUJgehdbm', '+48 723 846 756', NULL, NULL, NULL, 1, 0, 0, 1, 0),
(212, 'wislawiktor@example.net', 'Anastazja', 'Bok', 'Dv2*fGHiTIivuiwZkDCK', '693 564 838', NULL, NULL, NULL, 1, 0, 0, 1, 0),
(213, 'zaraseliza@example.net', 'Gaja', 'Siembab', 'Tg8;ufNozvac', '571 285 730', NULL, NULL, NULL, 1, 0, 0, 1, 0),
(214, 'jeremidrobek@example.com', 'Jacek', 'Orpel', 'Lu4;fD', '605 360 150', NULL, NULL, NULL, 1, 0, 0, 1, 0),
(215, 'holubowiczmichal@example.com', 'Adrian', 'Goj', 'Dm1>RvWNrOgETeB', '738 744 359', NULL, NULL, NULL, 1, 0, 0, 1, 0),
(216, 'okraskaapolonia@example.com', 'Aleksander', 'Cich', 'Km1~vTbBavG', '880 987 456', NULL, NULL, NULL, 1, 0, 0, 1, 0),
(217, 'bialasikanastazja@example.org', 'Gabriel', 'Borysiuk', 'Zn0tXbjcUrbLY', '513 348 824', NULL, NULL, NULL, 1, 0, 0, 1, 0),
(218, 'elizawelc@example.org', 'Oliwier', 'Albin', 'Dl0(fd', '885 024 708', NULL, NULL, NULL, 1, 0, 0, 1, 0),
(219, 'obarankiewicz@example.net', 'Justyna', 'Mesjasz', 'Nn3)bPbTeeOWpU', '+48 608 889 129', NULL, NULL, NULL, 1, 0, 0, 1, 0),
(220, 'macharobert@example.org', 'Maksymilian', 'Patoła', 'Tv8$drUjknc', '+48 661 147 398', NULL, NULL, NULL, 1, 0, 0, 1, 0),
(221, 'oczupryna@example.org', 'Dagmara', 'Wyciszkiewicz', 'Tg1*LbWOYmSVbNZey', '666 684 752', NULL, NULL, NULL, 1, 0, 0, 1, 0),
(222, 'wnagel@example.org', 'Jeremi', 'Para', 'Kw7(TAhpagJqrrwHYkK', '605 292 585', NULL, NULL, NULL, 1, 0, 0, 1, 0),
(223, 'zwawrzynowicz@example.org', 'Błażej', 'Spychaj', 'Me0)HUFqfXXnbasFvqLz', '+48 735 075 316', NULL, NULL, NULL, 1, 0, 0, 1, 0),
(224, 'wiakewa@example.org', 'Justyna', 'Kiepas', 'It2%Zf', '+48 572 756 895', NULL, NULL, NULL, 1, 0, 0, 1, 0),
(225, 'ciubatola@example.net', 'Błażej', 'Kubek', 'Fn3!RUlkZtIhxfBDRjp', '32 554 80 00', NULL, NULL, NULL, 1, 0, 0, 1, 0),
(226, 'marianna08@example.com', 'Tobiasz', 'Niećko', 'Gr6@lUSJateJDdaVlB', '+48 32 950 12 32', NULL, NULL, NULL, 1, 0, 0, 1, 0),
(227, 'kubasiaksonia@example.com', 'Tymoteusz', 'Karkut', 'Iy6=cKkvJMkXtR', '+48 514 317 022', NULL, NULL, NULL, 1, 0, 0, 1, 0),
(228, 'vpazera@example.com', 'Marcel', 'Franc', 'Hp3(ZGoqB', '+48 505 652 959', NULL, NULL, NULL, 1, 0, 0, 1, 0),
(229, 'mfront@example.net', 'Gaja', 'Kadela', 'Ye1_PyiDClz', '785 109 434', NULL, NULL, NULL, 1, 0, 0, 1, 0),
(230, 'witold00@example.org', 'Konrad', 'Nieścioruk', 'Kb6;eZCQiZE', '+48 730 482 389', NULL, NULL, NULL, 1, 0, 0, 1, 0),
(231, 'justynazacharek@example.org', 'Ernest', 'Rosołek', 'Zw6~yyCQxLd', '788 673 740', NULL, NULL, NULL, 1, 0, 0, 1, 0),
(232, 'ewelinamorka@example.org', 'Marcel', 'Jędryczka', 'Dr3(OAgqTXfxNL', '+48 782 266 018', NULL, NULL, NULL, 1, 0, 0, 1, 0),
(233, 'gajachomik@example.net', 'Sylwia', 'Mosiołek', 'As2=eLKT', '+48 519 156 270', NULL, NULL, NULL, 1, 0, 0, 1, 0),
(234, 'nataniel44@example.net', 'Janina', 'Hetmańczyk', 'In7;mIQwGHIpOT', '511 884 309', NULL, NULL, NULL, 1, 0, 0, 1, 0),
(235, 'apolonia56@example.com', 'Franciszek', 'Pospiech', 'Va9>HwxGuB', '575 476 814', NULL, NULL, NULL, 1, 0, 0, 1, 0),
(236, 'dawid56@example.org', 'Marcelina', 'Stuglik', 'Ep5>VUv', '32 479 58 78', NULL, NULL, NULL, 1, 0, 0, 1, 0),
(237, 'adrianrejniak@example.org', 'Anastazja', 'Seta', 'Oi3!cJNMUAEVh', '22 930 12 96', NULL, NULL, NULL, 1, 0, 0, 1, 0),
(238, 'karinakaczmarkiewicz@example.net', 'Inga', 'Larysz', 'Cr2{jUcCpCuTzAC', '+48 32 224 93 90', NULL, NULL, NULL, 1, 0, 0, 1, 0),
(239, 'krencklara@example.org', 'Natasza', 'Frydrychowicz', 'Tj4+phWWaaxsvMNIDfc', '22 805 05 03', NULL, NULL, NULL, 1, 0, 0, 1, 0),
(240, 'chaberekrafal@example.net', 'Patryk', 'Getka', 'Hd4+HjT', '+48 795 922 592', NULL, NULL, NULL, 1, 0, 0, 1, 0),
(241, 'nlesny@example.org', 'Apolonia', 'Gryka', 'Gz3$UNJMmLSBbeFNjxV', '+48 791 246 444', NULL, NULL, NULL, 1, 0, 0, 1, 0),
(242, 'czuryloblazej@example.net', 'Eliza', 'Sommer', 'Km5~qsymfOTxNIh', '693 773 677', NULL, NULL, NULL, 1, 0, 0, 1, 0),
(243, 'osiewiera@example.net', 'Liwia', 'Jakubaszek', 'Sf8@Uh', '730 627 262', NULL, NULL, NULL, 1, 0, 0, 1, 0),
(244, 'skonieczkajulianna@example.net', 'Jacek', 'Warwas', 'Ay0)nxJTdHlQmugb', '+48 508 352 901', NULL, NULL, NULL, 1, 0, 0, 1, 0),
(245, 'neskaklara@example.com', 'Sebastian', 'Drobny', 'Ml7)OsmnxjU', '+48 668 841 330', NULL, NULL, NULL, 1, 0, 0, 1, 0),
(246, 'ingakukier@example.org', 'Mariusz', 'Kościuszko', 'Kr8{CjxKuMlfW', '883 124 129', NULL, NULL, NULL, 1, 0, 0, 1, 0),
(247, 'chomikeliza@example.org', 'Kacper', 'Boba', 'Je6:aUMGh', '502 384 784', NULL, NULL, NULL, 1, 0, 0, 1, 0),
(248, 'tdabrowka@example.com', 'Aurelia', 'Mirga', 'Ql5pZLFaCbRUlWjQbzcB', '+48 785 150 891', NULL, NULL, NULL, 1, 0, 0, 1, 0),
(249, 'justynamartyn@example.net', 'Mateusz', 'Rudzik', 'Aw6(nrVyjkurwQTevARX', '+48 729 599 339', NULL, NULL, NULL, 1, 0, 0, 1, 0),
(250, 'dchatys@example.org', 'Nikodem', 'Strzała', 'Fk2bbspkoufEhpDBodNn', '+48 721 200 652', NULL, NULL, NULL, 1, 0, 0, 1, 0),
(251, 'anitaoleszko@example.org', 'Mieszko', 'Kujda', 'Vx7#Ctlka', '786 385 179', NULL, NULL, NULL, 1, 0, 0, 1, 0),
(252, 'urszulaiwanow@example.org', 'Mateusz', 'Dudkowiak', 'Hu1)zF', '+48 793 742 745', NULL, NULL, NULL, 1, 0, 0, 1, 0),
(253, 'wojciech06@example.org', 'Tymoteusz', 'Kraszkiewicz', 'Hi8:wiCXnlhrzufG', '+48 500 085 047', NULL, NULL, NULL, 1, 0, 0, 1, 0),
(254, 'olgierdplewnia@example.com', 'Leonard', 'Cholewka', 'Ts0_zN', '+48 660 393 696', NULL, NULL, NULL, 1, 0, 0, 1, 0),
(255, 'olga86@example.org', 'Adrian', 'Oleszczak', 'Hj3{yQBG', '+48 572 623 137', NULL, NULL, NULL, 1, 0, 0, 1, 0),
(256, 'bilikgustaw@example.org', 'Jeremi', 'Ludwiniak', 'Hb7<BwWpBdaVYMQ', '+48 661 787 948', NULL, NULL, NULL, 1, 0, 0, 1, 0),
(257, 'olafdrobik@example.com', 'Natan', 'Dąbkiewicz', 'Ni1#gNZiOfScnFNbK', '609 936 542', NULL, NULL, NULL, 1, 0, 0, 1, 0),
(258, 'mojkonstanty@example.org', 'Jakub', 'Kwak', 'Eg3^WWIuvwNHpttn', '+48 608 573 594', NULL, NULL, NULL, 1, 0, 0, 1, 0),
(259, 'gabrielherda@example.net', 'Marcelina', 'Łakota', 'Ms6>tlAZSNjFSX', '518 814 864', NULL, NULL, NULL, 1, 0, 0, 1, 0),
(260, 'kalina30@example.org', 'Arkadiusz', 'Makosz', 'Wh9*HdBrAUMJCt', '+48 32 481 59 41', NULL, NULL, NULL, 1, 0, 0, 1, 0),
(261, 'rafal94@example.net', 'Paweł', 'Rajczyk', 'Yn3#KifD', '729 323 697', NULL, NULL, NULL, 1, 0, 0, 1, 0),
(262, 'dnowotka@example.net', 'Sebastian', 'Choroś', 'Hu7$gEoHGT', '32 259 06 40', NULL, NULL, NULL, 1, 0, 0, 1, 0),
(263, 'dagmarakozlak@example.org', 'Monika', 'Grupa', 'Md1:BMplOhkY', '+48 885 366 135', NULL, NULL, NULL, 1, 0, 0, 1, 0),
(264, 'franciszekchoina@example.com', 'Maciej', 'Klin', 'Bp6HbHNBHTinRGDq', '+48 787 722 648', NULL, NULL, NULL, 1, 0, 0, 1, 0),
(265, 'ysadlik@example.com', 'Cyprian', 'Gabryszak', 'Sa9*LndecCCn', '797 154 246', NULL, NULL, NULL, 1, 0, 0, 1, 0),
(266, 'marcin72@example.com', 'Angelika', 'Krauz', 'Ii3+trvzAZOKkIQbFBMZ', '+48 883 521 197', NULL, NULL, NULL, 1, 0, 0, 1, 0),
(267, 'wasaznikelzbieta@example.com', 'Urszula', 'Zaniewicz', 'Tb6*EzMVeRCNWFRXW', '536 505 945', NULL, NULL, NULL, 1, 0, 0, 1, 0),
(268, 'karpetasonia@example.org', 'Marika', 'Handzel', 'Qg6OLAR', '+48 696 326 867', NULL, NULL, NULL, 1, 0, 0, 1, 0),
(269, 'krystianwenda@example.net', 'Patryk', 'Andreasik', 'Ql9:PEk', '+48 738 906 612', NULL, NULL, NULL, 1, 0, 0, 1, 0),
(270, 'marekbartus@example.net', 'Ernest', 'Maksym', 'Rv9#AhuVJOF', '32 237 52 07', NULL, NULL, NULL, 1, 0, 0, 1, 0),
(271, 'dkapuscik@example.com', 'Maks', 'Fraszczyk', 'Qa7@jx', '+48 692 480 967', NULL, NULL, NULL, 1, 0, 0, 1, 0),
(272, 'bianka66@example.org', 'Kamila', 'Piekacz', 'Sr6-bUwLlPiXAyNnn', '664 151 189', NULL, NULL, NULL, 1, 0, 0, 1, 0),
(273, 'hgumula@example.com', 'Ernest', 'Gmur', 'Jt8{KNvmETcemEdnpB', '+48 696 817 290', NULL, NULL, NULL, 1, 0, 0, 1, 0),
(274, 'cyprianpaliga@example.com', 'Julita', 'Szyca', 'Ti7;tRKEWPapPYin', '789 810 140', NULL, NULL, NULL, 1, 0, 0, 1, 0),
(275, 'gbalas@example.org', 'Andrzej', 'Mądro', 'Aj3:KWQO', '+48 735 288 287', NULL, NULL, NULL, 1, 0, 0, 1, 0),
(276, 'jmarkiel@example.com', 'Kajetan', 'Maciejuk', 'Xz8:kScJgA', '+48 885 687 994', NULL, NULL, NULL, 1, 0, 0, 1, 0),
(277, 'jacek20@example.com', 'Krystyna', 'Fita', 'El6<jJfTZWA', '883 709 751', NULL, NULL, NULL, 1, 0, 0, 1, 0),
(278, 'marcelkroczak@example.com', 'Norbert', 'Dyjas', 'Mo1-UjOcWENImi', '+48 669 487 541', NULL, NULL, NULL, 1, 0, 0, 1, 0),
(279, 'aleksander77@example.com', 'Mateusz', 'Szałaj', 'Mx4@rXRUbeWNc', '+48 601 780 276', NULL, NULL, NULL, 1, 0, 0, 1, 0),
(280, 'makaradrian@example.org', 'Kornel', 'Świt', 'Vs7_pyZDcfcyrgpcrqeO', '+48 576 329 816', NULL, NULL, NULL, 1, 0, 0, 1, 0),
(281, 'mokwasonia@example.com', 'Marika', 'Wojtach', 'Uv9-VWLr', '693 435 170', NULL, NULL, NULL, 1, 0, 0, 1, 0),
(282, 'tobiasz53@example.org', 'Hubert', 'Pacia', 'Ky2(mCoAkpTqoj', '578 050 125', NULL, NULL, NULL, 1, 0, 0, 1, 0),
(283, 'natanmurat@example.org', 'Kalina', 'Mol', 'It9{RzhRATzCOKHQIo', '+48 504 587 309', NULL, NULL, NULL, 1, 0, 0, 1, 0),
(284, 'sbluszcz@example.com', 'Bianka', 'Suchojad', 'Rf8=JhscWxR', '536 541 523', NULL, NULL, NULL, 1, 0, 0, 1, 0),
(285, 'maurycy16@example.org', 'Leon', 'Perka', 'Jm9)AmLmwMwTWi', '+48 732 620 684', NULL, NULL, NULL, 1, 0, 0, 1, 0),
(286, 'xkunc@example.net', 'Stanisław', 'Mokwa', 'Zd3<MGHlk', '579 535 133', NULL, NULL, NULL, 1, 0, 0, 1, 0),
(287, 'boknatan@example.org', 'Aniela', 'Hajdas', 'Pg4*Pke', '22 805 79 75', NULL, NULL, NULL, 1, 0, 0, 1, 0),
(288, 'alexpenar@example.org', 'Krzysztof', 'Kmak', 'Dh9-vRrtRibnaW', '32 582 50 63', NULL, NULL, NULL, 1, 0, 0, 1, 0),
(289, 'tobiaszkwoka@example.com', 'Krzysztof', 'Fijak', 'Ty3<uOVCrcxzUYmlw', '+48 22 442 21 44', NULL, NULL, NULL, 1, 0, 0, 1, 0),
(290, 'stanislawekksawery@example.org', 'Anastazja', 'Przewoźniak', 'Ae4ReRYxnsegyaKWB', '790 312 312', NULL, NULL, NULL, 1, 0, 0, 1, 0),
(291, 'maurycy52@example.net', 'Borys', 'Szymaniuk', 'Gz1fAWGYwVBbRRO', '579 421 766', NULL, NULL, NULL, 1, 0, 0, 1, 0),
(292, 'dwindak@example.org', 'Bruno', 'Adamaszek', 'Xb4=tEtEZxkXr', '+48 784 816 095', NULL, NULL, NULL, 1, 0, 0, 1, 0),
(293, 'buzajulita@example.org', 'Antoni', 'Amanowicz', 'Uq9~OfwpR', '788 856 173', NULL, NULL, NULL, 1, 0, 0, 1, 0),
(294, 'ciesielczykkrystian@example.net', 'Olgierd', 'Gajowiak', 'Nh2^VyzfrcVGvctJhMbU', '573 865 009', NULL, NULL, NULL, 1, 0, 0, 1, 0),
(295, 'sudajeremi@example.com', 'Gaja', 'Goliszek', 'Ul9:AGhKp', '576 535 873', NULL, NULL, NULL, 1, 0, 0, 1, 0),
(296, 'witold64@example.net', 'Gabriel', 'Jamroz', 'Jh8%cXNgE', '667 436 657', NULL, NULL, NULL, 1, 0, 0, 1, 0),
(297, 'sebastianwalesa@example.com', 'Klara', 'Czopik', 'Io5^TNKF', '+48 884 167 808', NULL, NULL, NULL, 1, 0, 0, 1, 0),
(298, 'jerzy70@example.com', 'Konstanty', 'Zbroja', 'Ny6_vNaChzFAbZnhZQ', '+48 663 018 666', NULL, NULL, NULL, 1, 0, 0, 1, 0),
(299, 'duczekblazej@example.org', 'Krystian', 'Matejczuk', 'Hb3_EGgEAsQHgptunUzO', '604 457 894', NULL, NULL, NULL, 1, 0, 0, 1, 0),
(300, 'przemyslawarendarczyk@example.org', 'Szymon', 'Żelazek', 'Zd5+uNEhVww', '600 436 784', NULL, NULL, NULL, 1, 0, 0, 1, 0),
(301, 'zkapciak@example.net', 'Stanisław', 'Hanc', 'Bz5)KMaAHVDJ', '+48 513 034 027', NULL, NULL, NULL, 1, 0, 0, 1, 0),
(302, 'knieciwo@example.net', 'Mateusz', 'Laskus', 'Ey2!mPGFHwSlfizQ', '+48 720 709 497', NULL, NULL, NULL, 1, 0, 0, 1, 0),
(303, 'zawiasagaja@example.com', 'Cyprian', 'Frydel', 'Nx2(bRaH', '+48 513 813 479', NULL, NULL, NULL, 1, 0, 0, 1, 0),
(304, 'gajadomka@example.org', 'Witold', 'Fogel', 'Oh3^CydLV', '+48 507 516 022', NULL, NULL, NULL, 1, 0, 0, 1, 0),
(305, 'kacper54@example.org', 'Kamil', 'Sudak', 'Mi6_ooSAvnPokkDQ', '736 941 511', NULL, NULL, NULL, 1, 0, 0, 1, 0),
(306, 'kajetanpieczyrak@example.net', 'Tola', 'Sadlik', 'Da9}RKR', '889 882 572', NULL, NULL, NULL, 1, 0, 0, 1, 0),
(307, 'szymon64@example.org', 'Witold', 'Szulist', 'Ib2:ohvk', '+48 32 321 18 27', NULL, NULL, NULL, 1, 0, 0, 1, 0),
(308, 'gaszczakkarina@example.org', 'Nataniel', 'Zinkiewicz', 'Ep0=evxXxM', '+48 515 575 400', NULL, NULL, NULL, 1, 0, 0, 1, 0),
(309, 'rokmilosz@example.net', 'Bartek', 'Futyma', 'Op9^tbHwPsovZB', '+48 500 581 648', NULL, NULL, NULL, 1, 0, 0, 1, 0),
(310, 'nszywala@example.com', 'Patryk', 'Łudzik', 'Ml1{RhhDhhFFygxcLs', '728 813 051', NULL, NULL, NULL, 1, 0, 0, 1, 0),
(311, 'melaniabaranowicz@example.net', 'Tymon', 'Pesta', 'To3;fMbLOnXiKxToaxpt', '518 968 177', NULL, NULL, NULL, 1, 0, 0, 1, 0),
(312, 'wiktorgajowiak@example.com', 'Tymoteusz', 'Łuszczak', 'Na1;fHHmCigUl', '+48 606 268 487', NULL, NULL, NULL, 1, 0, 0, 1, 0),
(313, 'krzystektymoteusz@example.net', 'Ida', 'Witan', 'Zh9@ckXhrrSHSknCE', '882 244 122', NULL, NULL, NULL, 1, 0, 0, 1, 0),
(314, 'rwyrwal@example.org', 'Marcin', 'Mendyka', 'Ki0$vOBvwZjSMBqeb', '605 522 071', NULL, NULL, NULL, 1, 0, 0, 1, 0),
(315, 'adamnazimek@example.org', 'Dariusz', 'Żółtek', 'Ny9}xuTTkCxyTWhYq', '512 996 348', NULL, NULL, NULL, 1, 0, 0, 1, 0),
(316, 'gmuradrian@example.net', 'Marcel', 'Guźniczak', 'By5+uHmyPS', '783 055 826', NULL, NULL, NULL, 1, 0, 0, 1, 0),
(317, 'nikodemtomaszczyk@example.org', 'Aurelia', 'Baumgart', 'Mq8-EXnGGhXoXjRcCFiW', '+48 663 157 389', NULL, NULL, NULL, 1, 0, 0, 1, 0),
(318, 'kleinschmidtapolonia@example.org', 'Juliusz', 'Zaguła', 'Ni7-txjSiNi', '32 044 50 23', NULL, NULL, NULL, 1, 0, 0, 1, 0),
(319, 'julianna33@example.org', 'Emil', 'Gołofit', 'Qv8@RcmehhwBiDpK', '+48 732 744 050', NULL, NULL, NULL, 1, 0, 0, 1, 0),
(320, 'filipgierak@example.org', 'Anastazja', 'Szyja', 'Nu7+vnna', '+48 608 471 828', NULL, NULL, NULL, 1, 0, 0, 1, 0),
(321, 'brunofigat@example.net', 'Jerzy', 'Brzęk', 'Ui0(TCCTVkkgvyVI', '+48 725 914 527', NULL, NULL, NULL, 1, 0, 0, 1, 0),
(322, 'lprejs@example.com', 'Kacper', 'Kukuczka', 'Mb4+xkJCnWkaUDtTyo', '+48 738 191 154', NULL, NULL, NULL, 1, 0, 0, 1, 0),
(323, 'czubaszekhubert@example.net', 'Lidia', 'Hajdasz', 'Nm3;xVIEYfnzCqKoaE', '+48 666 164 436', NULL, NULL, NULL, 1, 0, 0, 1, 0),
(324, 'oskarwojtak@example.net', 'Maksymilian', 'Pietraś', 'Zs4_zKQgS', '+48 692 256 699', NULL, NULL, NULL, 1, 0, 0, 1, 0),
(325, 'krzysztofpara@example.com', 'Rozalia', 'Barteczko', 'Lj1^mLXPwETm', '+48 32 087 32 95', NULL, NULL, NULL, 1, 0, 0, 1, 0),
(326, 'goszkamila@example.org', 'Natasza', 'Grzywnowicz', 'Nt7_tBXjhMjAU', '736 625 496', NULL, NULL, NULL, 1, 0, 0, 1, 0),
(327, 'klara93@example.org', 'Dariusz', 'Gogacz', 'Al6$pfZAcDmEegJRJLIF', '518 528 729', NULL, NULL, NULL, 1, 0, 0, 1, 0),
(328, 'angelika99@example.org', 'Aniela', 'Sadura', 'Nv1_ATfTMmpJtp', '+48 32 985 14 07', NULL, NULL, NULL, 1, 0, 0, 1, 0),
(329, 'konstanty19@example.net', 'Dariusz', 'Petryk', 'Dp0:hGiHvtJjXOzbG', '795 135 148', NULL, NULL, NULL, 1, 0, 0, 1, 0),
(330, 'hjakiel@example.org', 'Julian', 'Miara', 'Hz4}pboPVj', '+48 578 515 554', NULL, NULL, NULL, 1, 0, 0, 1, 0),
(331, 'wrduch@example.com', 'Oliwier', 'Wojtyna', 'Qd4_McnPcZDKFatn', '786 485 540', NULL, NULL, NULL, 1, 0, 0, 1, 0),
(332, 'olgierdcwirko@example.org', 'Aleks', 'Szmajda', 'Sv4-RZQOMroNCL', '889 488 546', NULL, NULL, NULL, 1, 0, 0, 1, 0),
(333, 'sadamiuk@example.com', 'Kacper', 'Parus', 'Rf0:YTBAxhOoSmYT', '+48 880 928 058', NULL, NULL, NULL, 1, 0, 0, 1, 0),
(334, 'szarpakdariusz@example.net', 'Julian', 'Olko', 'Oo4(DEgrvFUlplSD', '571 857 754', NULL, NULL, NULL, 1, 0, 0, 1, 0),
(335, 'ryszardmalesza@example.org', 'Oliwier', 'Świątkiewicz', 'Tn9(ogpEewx', '508 653 173', NULL, NULL, NULL, 1, 0, 0, 1, 0),
(336, 'sonia65@example.com', 'Róża', 'Wałęsa', 'Mk0PGkkpNHPJtFDm', '+48 32 192 71 80', NULL, NULL, NULL, 1, 0, 0, 1, 0),
(337, 'michal35@example.com', 'Jacek', 'Staniczek', 'Qg2etXPmrtIIrOyVYcDN', '+48 532 723 227', NULL, NULL, NULL, 1, 0, 0, 1, 0),
(338, 'rozaliabzdziuch@example.org', 'Anita', 'Dorobisz', 'Fp1#YVCehYljuVEz', '510 494 713', NULL, NULL, NULL, 1, 0, 0, 1, 0),
(339, 'jsromek@example.net', 'Kalina', 'Parus', 'Oo6$hhLHIw', '738 309 578', NULL, NULL, NULL, 1, 0, 0, 1, 0),
(340, 'skleinschmidt@example.com', 'Sonia', 'Sroga', 'Oh5{klVT', '+48 511 321 288', NULL, NULL, NULL, 1, 0, 0, 1, 0),
(341, 'pietrusiewiczaniela@example.com', 'Sara', 'Żymełka', 'Fc5-mjlxaDgfxWuffoo', '+48 22 559 19 01', NULL, NULL, NULL, 1, 0, 0, 1, 0),
(342, 'eszczerbiak@example.net', 'Róża', 'Kabala', 'Rk8$LVNq', '+48 609 081 205', NULL, NULL, NULL, 1, 0, 0, 1, 0),
(343, 'marcel36@example.org', 'Jacek', 'Mak', 'Pk5+MOijSctAYpaOaOR', '696 327 654', NULL, NULL, NULL, 1, 0, 0, 1, 0),
(344, 'sebastian58@example.com', 'Gaja', 'Jakoniuk', 'Qf8+XbfaIUJFVLRXNiCJ', '+48 797 212 455', NULL, NULL, NULL, 1, 0, 0, 1, 0),
(345, 'alan20@example.com', 'Kaja', 'Kurp', 'Fe0%jMdOkzFp', '+48 788 888 002', NULL, NULL, NULL, 1, 0, 0, 1, 0),
(346, 'juliannasommerfeld@example.org', 'Wiktor', 'Golonko', 'Mc9(HidZcEYZueSdjLBb', '+48 603 930 982', NULL, NULL, NULL, 1, 0, 0, 1, 0),
(347, 'wojciechlewko@example.com', 'Gustaw', 'Dzwonnik', 'Tm8}MXrWZeoIsMQythAM', '+48 698 975 615', NULL, NULL, NULL, 1, 0, 0, 1, 0),
(348, 'marcin29@example.org', 'Nela', 'Chowaniak', 'Uz2:JZGG', '889 433 524', NULL, NULL, NULL, 1, 0, 0, 1, 0),
(349, 'drygasgaja@example.org', 'Monika', 'Ropiak', 'Ge1-RJltMfD', '+48 728 164 105', NULL, NULL, NULL, 1, 0, 0, 1, 0),
(350, 'roza45@example.net', 'Józef', 'Kolanko', 'Ft2-PnoBZqMM', '22 822 14 57', NULL, NULL, NULL, 1, 0, 0, 1, 0),
(351, 'gdrozdziel@example.net', 'Jakub', 'Rode', 'Tz7+FSamPvdhtTcoG', '+48 696 918 744', NULL, NULL, NULL, 1, 0, 0, 1, 0),
(352, 'marcel34@example.com', 'Tomasz', 'Juszczuk', 'Aj7_baTBVQDsFUJPHuYj', '32 360 95 91', NULL, NULL, NULL, 1, 0, 0, 1, 0),
(353, 'koperekprzemyslaw@example.net', 'Józef', 'Dyda', 'Ln3;SXGjzEGSQZG', '+48 603 187 921', NULL, NULL, NULL, 1, 0, 0, 1, 0),
(354, 'damian48@example.org', 'Leon', 'Szymonik', 'Na4VTtEKLrQSXOZg', '694 501 011', NULL, NULL, NULL, 1, 0, 0, 1, 0),
(355, 'milosz39@example.com', 'Ewelina', 'Kwapień', 'Im6:vuikkMwCXjqf', '501 679 067', NULL, NULL, NULL, 1, 0, 0, 1, 0),
(356, 'szybajulita@example.org', 'Jerzy', 'Czuj', 'Bp7#PLEYKFFvSGHXVd', '+48 782 375 734', NULL, NULL, NULL, 1, 0, 0, 1, 0),
(357, 'bilikborys@example.org', 'Wojciech', 'Wójcikiewicz', 'Lq3#XCi', '+48 32 054 59 43', NULL, NULL, NULL, 1, 0, 0, 1, 0),
(358, 'ibogaczyk@example.com', 'Mieszko', 'Kopiczko', 'Te0laOwSQva', '+48 32 236 44 13', NULL, NULL, NULL, 1, 0, 0, 1, 0),
(359, 'jan31@example.net', 'Kaja', 'Sumera', 'Gv0(CxPLbvvuKINfoyLk', '32 090 98 87', NULL, NULL, NULL, 1, 0, 0, 1, 0),
(360, 'marika12@example.com', 'Emil', 'Cibor', 'Ue0-Tz', '+48 697 632 974', NULL, NULL, NULL, 1, 0, 0, 1, 0),
(361, 'dmolka@example.com', 'Apolonia', 'Piekacz', 'Tk4)ZFxquiFChEDOyY', '+48 32 085 32 15', NULL, NULL, NULL, 1, 0, 0, 1, 0),
(362, 'olga47@example.net', 'Stefan', 'Budzyń', 'Ko1)ZUwZ', '+48 697 371 645', NULL, NULL, NULL, 1, 0, 0, 1, 0),
(363, 'ffraniak@example.com', 'Filip', 'Rurka', 'Ed2*eIKYFIRBiIAdS', '722 253 909', NULL, NULL, NULL, 1, 0, 0, 1, 0),
(364, 'ugierat@example.com', 'Anastazja', 'Blaut', 'Rr1=BJfWZW', '+48 737 296 348', NULL, NULL, NULL, 1, 0, 0, 1, 0),
(365, 'kamilasiudek@example.org', 'Przemysław', 'Słomiany', 'Xk7@OjFNzuyc', '538 214 626', NULL, NULL, NULL, 1, 0, 0, 1, 0),
(366, 'bartek98@example.com', 'Robert', 'Roch', 'Ra1<sqHMLxJJz', '661 254 223', NULL, NULL, NULL, 1, 0, 0, 1, 0),
(367, 'zaranekanita@example.org', 'Wiktor', 'Małycha', 'Bd0!IBnFpSaanbv', '+48 514 000 679', NULL, NULL, NULL, 1, 0, 0, 1, 0),
(368, 'klaramiklaszewicz@example.net', 'Marcin', 'Barteczko', 'Tt8DgWSRJl', '32 326 26 66', NULL, NULL, NULL, 1, 0, 0, 1, 0),
(369, 'antonidziczek@example.net', 'Alan', 'Mamcarz', 'Hu7(byzB', '+48 22 330 70 45', NULL, NULL, NULL, 1, 0, 0, 1, 0),
(370, 'monikaplizga@example.com', 'Robert', 'Szwiec', 'If9+LLIqKUpD', '794 586 127', NULL, NULL, NULL, 1, 0, 0, 1, 0),
(371, 'afilas@example.com', 'Arkadiusz', 'Olewniczak', 'Or9<bBgTofQloS', '+48 537 687 698', NULL, NULL, NULL, 1, 0, 0, 1, 0),
(372, 'inga68@example.net', 'Ada', 'Lepianka', 'We3;lSbpIzGtTUqA', '+48 32 110 46 96', NULL, NULL, NULL, 1, 0, 0, 1, 0),
(373, 'nkrzosek@example.net', 'Franciszek', 'Stempel', 'Ug2$tcrvFZDMu', '571 449 655', NULL, NULL, NULL, 1, 0, 0, 1, 0),
(374, 'iwitka@example.net', 'Cyprian', 'Wojczuk', 'Rc4-JxjASkajDPOD', '+48 32 328 23 42', NULL, NULL, NULL, 1, 0, 0, 1, 0),
(375, 'gustawszymanczak@example.org', 'Krystyna', 'Wyrwał', 'Mc9$YLlOHRIu', '+48 665 952 796', NULL, NULL, NULL, 1, 0, 0, 1, 0),
(376, 'albert22@example.com', 'Adrianna', 'Czylok', 'Eb8=RHXxzIbYY', '+48 888 420 290', NULL, NULL, NULL, 1, 0, 0, 1, 0),
(377, 'szylarandrzej@example.net', 'Ignacy', 'Hein', 'Oz7$RATLD', '788 805 743', NULL, NULL, NULL, 1, 0, 0, 1, 0),
(378, 'nsalwin@example.net', 'Rafał', 'Urynowicz', 'De3~RgB', '503 799 471', NULL, NULL, NULL, 1, 0, 0, 1, 0),
(379, 'nataszaluberda@example.com', 'Grzegorz', 'Geisler', 'Qx4:HZsSyEQnKStDQN', '+48 32 018 52 77', NULL, NULL, NULL, 1, 0, 0, 1, 0),
(380, 'mrejmak@example.net', 'Elżbieta', 'Bilik', 'Yo2;cmgfrcyfR', '505 387 386', NULL, NULL, NULL, 1, 0, 0, 1, 0),
(381, 'wberus@example.com', 'Bruno', 'Tyma', 'Ym1:iejzNTqT', '+48 500 124 022', NULL, NULL, NULL, 1, 0, 0, 1, 0),
(382, 'zhalat@example.org', 'Alex', 'Brodowicz', 'Aq9*uQ', '797 954 607', NULL, NULL, NULL, 1, 0, 0, 1, 0),
(383, 'damiankiciak@example.com', 'Kamil', 'Jeka', 'Oq1^kHgzImclsRVoynPb', '22 608 29 21', NULL, NULL, NULL, 1, 0, 0, 1, 0),
(384, 'jczajor@example.net', 'Dawid', 'Sanetra', 'Ql8@fmYZoJmCEkJVeLH', '669 298 724', NULL, NULL, NULL, 1, 0, 0, 1, 0),
(385, 'setapiotr@example.org', 'Klara', 'Niewiara', 'Jh3POSFEci', '600 185 097', NULL, NULL, NULL, 1, 0, 0, 1, 0),
(386, 'iandryszczyk@example.net', 'Ada', 'Bystrek', 'Wg1(KCJMFgBpyt', '513 350 198', NULL, NULL, NULL, 1, 0, 0, 1, 0),
(387, 'kornelszczepan@example.org', 'Gaja', 'Dylik', 'Mc3@QeTZdaQm', '+48 516 505 144', NULL, NULL, NULL, 1, 0, 0, 1, 0),
(388, 'hbojarczuk@example.com', 'Paweł', 'Dyczko', 'Bw3_NWBBLyDAfe', '736 276 391', NULL, NULL, NULL, 1, 0, 0, 1, 0),
(389, 'tbudkiewicz@example.org', 'Urszula', 'Rejmak', 'Hd8)DSVwLik', '32 995 39 09', NULL, NULL, NULL, 1, 0, 0, 1, 0),
(390, 'kolarzleon@example.net', 'Jerzy', 'Maraszek', 'Rz9kzrXKQWZfRaw', '738 437 176', NULL, NULL, NULL, 1, 0, 0, 1, 0),
(391, 'farynakajetan@example.org', 'Julian', 'Nicewicz', 'Sz5$dpVAYkCbli', '506 966 496', NULL, NULL, NULL, 1, 0, 0, 1, 0),
(392, 'ryszardgozdur@example.com', 'Grzegorz', 'Mućka', 'Hs5^mfBPpAdQdTr', '+48 510 663 707', NULL, NULL, NULL, 1, 0, 0, 1, 0),
(393, 'dmajorczyk@example.org', 'Mateusz', 'Woronko', 'Du9;oCqwdMWvJfZMYy', '539 182 484', NULL, NULL, NULL, 1, 0, 0, 1, 0),
(394, 'kubiszjeremi@example.org', 'Adrian', 'Woszczak', 'Ur9^osqbVoY', '538 292 706', NULL, NULL, NULL, 1, 0, 0, 1, 0),
(395, 'skiepkoksawery@example.com', 'Oliwier', 'Guziak', 'Fn3(xujMdseYR', '32 451 48 70', NULL, NULL, NULL, 1, 0, 0, 1, 0),
(396, 'anna-mariaguzdek@example.net', 'Damian', 'Łuc', 'Cn3{oZnntnflISEQ', '699 919 874', NULL, NULL, NULL, 1, 0, 0, 1, 0),
(397, 'bfolta@example.com', 'Franciszek', 'Parkitna', 'Sw1)GhnHMOtFzmjhhpIq', '32 304 72 90', NULL, NULL, NULL, 1, 0, 0, 1, 0),
(398, 'pstoj@example.net', 'Olaf', 'Wenzel', 'Lj7#fiWVPO', '+48 691 945 729', NULL, NULL, NULL, 1, 0, 0, 1, 0),
(399, 'norbertszulczyk@example.com', 'Łukasz', 'Humeniuk', 'Vj9@IDXiVpqQixHi', '579 177 375', NULL, NULL, NULL, 1, 0, 0, 1, 0),
(400, 'mytnikdawid@example.net', 'Patryk', 'Fita', 'Fl7}zlxOjKGdCK', '+48 661 543 024', NULL, NULL, NULL, 1, 0, 0, 1, 0),
(401, 'ewelinabrygola@example.com', 'Aleks', 'Marchlewicz', 'Ay3)HsJ', '+48 721 775 166', NULL, NULL, NULL, 1, 0, 0, 1, 0),
(402, 'ewelinajanuszko@example.net', 'Tymoteusz', 'Jędraszek', 'De3$wIGuIM', '+48 22 326 02 62', NULL, NULL, NULL, 1, 0, 0, 1, 0),
(403, 'strozmelania@example.com', 'Tadeusz', 'Żołądź', 'Dt7;ouWGd', '534 657 284', NULL, NULL, NULL, 1, 0, 0, 1, 0),
(404, 'bartekberg@example.org', 'Kamila', 'Heleniak', 'Qi7FzwIacGPirbKUxPI', '508 392 316', NULL, NULL, NULL, 1, 0, 0, 1, 0),
(405, 'igormusiala@example.com', 'Tola', 'Patoła', 'Lx0+yLnDHBVKID', '+48 505 758 403', NULL, NULL, NULL, 1, 0, 0, 1, 0),
(406, 'sarastyn@example.net', 'Gabriel', 'Maciuk', 'Ds0@GtxeWVxrpZSRI', '+48 534 502 433', NULL, NULL, NULL, 1, 0, 0, 1, 0),
(407, 'karinasuch@example.org', 'Dagmara', 'Feret', 'Bd7@uDUouSoXYfFGPkGz', '+48 22 659 80 94', NULL, NULL, NULL, 1, 0, 0, 1, 0),
(408, 'obialamichal@example.org', 'Kajetan', 'Rajch', 'Wj5@ZsJYHRdzvNIYhRuS', '737 502 345', NULL, NULL, NULL, 1, 0, 0, 1, 0),
(409, 'leonardgoliszek@example.org', 'Jędrzej', 'Blaut', 'Xe6;ZJmU', '+48 508 639 220', NULL, NULL, NULL, 1, 0, 0, 1, 0),
(410, 'nicolesupernak@example.org', 'Aurelia', 'Graś', 'Rl2@qqd', '+48 661 212 950', NULL, NULL, NULL, 1, 0, 0, 1, 0),
(411, 'przemyslaw23@example.com', 'Olgierd', 'Rajczyk', 'Be7@JbhoeNUPCcLmmye', '699 024 627', NULL, NULL, NULL, 1, 0, 0, 1, 0),
(412, 'rozakosciesza@example.net', 'Angelika', 'Kostorz', 'Zg1<YBniT', '+48 693 035 643', NULL, NULL, NULL, 1, 0, 0, 1, 0),
(413, 'iwo36@example.com', 'Marianna', 'Trzyna', 'Fb5bGxWoWrGrYLCdU', '+48 32 169 08 06', NULL, NULL, NULL, 1, 0, 0, 1, 0);
INSERT INTO `uzytkownik` (`id_uzytkownika`, `email`, `imie`, `nazwisko`, `haslo`, `telefon`, `stanowisko`, `nazwa_firmy`, `pensja`, `czy_aktywny`, `czy_pracownik`, `czy_producent`, `czy_klient_detaliczny`, `czy_klient_hurtowy`) VALUES
(414, 'mszafarz@example.net', 'Alan', 'Hanke', 'Rs1*EXtPyfrYLb', '+48 728 569 021', NULL, NULL, NULL, 1, 0, 0, 1, 0),
(415, 'ida15@example.org', 'Jerzy', 'Szara', 'Ch5=EeXENLpdkaGj', '+48 530 993 455', NULL, NULL, NULL, 1, 0, 0, 1, 0),
(416, 'bogutakaja@example.net', 'Przemysław', 'Kamyk', 'El9{NRWd', '537 693 864', NULL, NULL, NULL, 1, 0, 0, 1, 0),
(417, 'stanislawfijalek@example.org', 'Tadeusz', 'Pakosz', 'Dl7}gI', '691 711 961', NULL, NULL, NULL, 1, 0, 0, 1, 0),
(418, 'arkadiusz11@example.org', 'Krystyna', 'Furga', 'Tu3;ekuSnXEyrywtf', '668 952 436', NULL, NULL, NULL, 1, 0, 0, 1, 0),
(419, 'natanszpyt@example.org', 'Cyprian', 'Kuster', 'Gh7%oAziOqNNKuXyJS', '785 833 684', NULL, NULL, NULL, 1, 0, 0, 1, 0),
(420, 'wbajko@example.org', 'Elżbieta', 'Lichoń', 'Tu1)pMFmFhzMl', '579 034 531', NULL, NULL, NULL, 1, 0, 0, 1, 0),
(421, 'anastazja00@example.org', 'Karol', 'Fedak', 'Cy0*DZ', '32 162 50 36', NULL, NULL, NULL, 1, 0, 0, 1, 0),
(422, 'filipelwart@example.net', 'Anastazja', 'Lewicz', 'Df9$VyecbdEwDUa', '+48 693 236 876', NULL, NULL, NULL, 1, 0, 0, 1, 0),
(423, 'jagielkanataniel@example.net', 'Tadeusz', 'Gromala', 'Ma5{MX', '695 870 703', NULL, NULL, NULL, 1, 0, 0, 1, 0),
(424, 'michalmakosz@example.net', 'Maks', 'Łyczek', 'Cl3>tXnnPv', '32 460 79 96', NULL, NULL, NULL, 1, 0, 0, 1, 0),
(425, 'zabiereknicole@example.com', 'Urszula', 'Pałyga', 'Hk0(fJUveECZKSkHoS', '+48 883 312 960', NULL, NULL, NULL, 1, 0, 0, 1, 0),
(426, 'igrymuza@example.net', 'Natan', 'Dobroń', 'My3_tBLwHhGokX', '574 372 399', NULL, NULL, NULL, 1, 0, 0, 1, 0),
(427, 'hwyderka@example.org', 'Marcelina', 'Kłosowicz', 'Iw6^NhsqoUeagRQmIe', '538 497 155', NULL, NULL, NULL, 1, 0, 0, 1, 0),
(428, 'zymelkaigor@example.net', 'Marcin', 'Pieczarka', 'Iv2=DBYeZEeQrbaNPj', '732 066 696', NULL, NULL, NULL, 1, 0, 0, 1, 0),
(429, 'lakotajakub@example.org', 'Anna Maria', 'Brzeźniak', 'Tl9#UZHXuGXSYN', '22 491 86 46', NULL, NULL, NULL, 1, 0, 0, 1, 0),
(430, 'oziebloradoslaw@example.com', 'Elżbieta', 'Zioła', 'Ev0%Qh', '609 773 900', NULL, NULL, NULL, 1, 0, 0, 1, 0),
(431, 'eryk32@example.org', 'Rafał', 'Burzec', 'Ci8~pJUoHLaZVbyY', '+48 532 217 175', NULL, NULL, NULL, 1, 0, 0, 1, 0),
(432, 'dorotamaron@example.com', 'Ernest', 'Roter', 'Gv0-fhhrKE', '+48 661 573 989', NULL, NULL, NULL, 1, 0, 0, 1, 0),
(433, 'djama@example.net', 'Ignacy', 'Suda', 'Uu1$myhyEZiHVFSjc', '508 246 745', NULL, NULL, NULL, 1, 0, 0, 1, 0),
(434, 'alexjonczyk@example.com', 'Fabian', 'Kozubal', 'Ts7%WFn', '572 789 731', NULL, NULL, NULL, 1, 0, 0, 1, 0),
(435, 'mjuras@example.net', 'Adrianna', 'Hampel', 'Bq8@PPPx', '508 607 649', NULL, NULL, NULL, 1, 0, 0, 1, 0),
(436, 'oskokamil@example.com', 'Maks', 'Kapustka', 'Xa9)QETANmVS', '+48 22 216 06 63', NULL, NULL, NULL, 1, 0, 0, 1, 0),
(437, 'vczerniakiewicz@example.org', 'Inga', 'Wasil', 'Ct7_opPosZDIWSdkIa', '+48 22 415 71 39', NULL, NULL, NULL, 1, 0, 0, 1, 0),
(438, 'fsmolka@example.org', 'Borys', 'Botor', 'Gb2=jPCBYGeDbEX', '+48 735 519 402', NULL, NULL, NULL, 1, 0, 0, 1, 0),
(439, 'mikolaj06@example.org', 'Daniel', 'Żbik', 'Vv9!kmJZfF', '794 758 452', NULL, NULL, NULL, 1, 0, 0, 1, 0),
(440, 'piotr71@example.net', 'Robert', 'Wincenciak', 'Bn6}IidJBVsGtsLh', '789 716 536', NULL, NULL, NULL, 1, 0, 0, 1, 0),
(441, 'kpiekara@example.org', 'Borys', 'Kuder', 'Mi3*Et', '+48 608 860 644', NULL, NULL, NULL, 1, 0, 0, 1, 0),
(442, 'rafalsado@example.com', 'Ignacy', 'Boguś', 'Wn9$JXZtqHYCym', '+48 665 783 654', NULL, NULL, NULL, 1, 0, 0, 1, 0),
(443, 'vszkaradek@example.net', 'Sonia', 'Ośka', 'By1~gWhhnT', '600 119 735', NULL, NULL, NULL, 1, 0, 0, 1, 0),
(444, 'szymanikpatryk@example.org', 'Jakub', 'Drobik', 'Kw6}Rk', '+48 696 855 643', NULL, NULL, NULL, 1, 0, 0, 1, 0),
(445, 'anastazja07@example.net', 'Andrzej', 'Hejna', 'Yg3*CPFgUoU', '32 358 10 39', NULL, NULL, NULL, 1, 0, 0, 1, 0),
(446, 'kacper24@example.net', 'Paweł', 'Skupin', 'Gf4*BdthkYgZNP', '+48 786 320 692', NULL, NULL, NULL, 1, 0, 0, 1, 0),
(447, 'malwinamaculewicz@example.org', 'Maurycy', 'Ważny', 'Cs8=mOXKZRhTUbrRX', '+48 22 225 46 27', NULL, NULL, NULL, 1, 0, 0, 1, 0),
(448, 'adrianmichal@example.org', 'Adam', 'Gołas', 'Jd2)BaftwVQV', '+48 799 761 686', NULL, NULL, NULL, 1, 0, 0, 1, 0),
(449, 'cjarka@example.com', 'Elżbieta', 'Szałata', 'Pj2;HatB', '728 511 036', NULL, NULL, NULL, 1, 0, 0, 1, 0),
(450, 'bruno08@example.org', 'Apolonia', 'Szywała', 'Jy2~bDfSzMRvDUCHQJcc', '+48 698 758 434', NULL, NULL, NULL, 1, 0, 0, 1, 0),
(451, 'biankafilak@example.net', 'Rafał', 'Jaje', 'Zc4$CWeWu', '885 462 670', NULL, NULL, NULL, 1, 0, 0, 1, 0),
(452, 'nfilak@example.org', 'Łukasz', 'Niećko', 'Tm0^FEArsKV', '+48 32 010 71 36', NULL, NULL, NULL, 1, 0, 0, 1, 0),
(453, 'walentynowicztobiasz@example.net', 'Dawid', 'Misior', 'Mr5<KPvvgNjoqKKnghVe', '22 221 59 58', NULL, NULL, NULL, 1, 0, 0, 1, 0),
(454, 'musioliklukasz@example.org', 'Krystian', 'Muskała', 'Py7~dyextMVVKWkdEWWR', '694 145 533', NULL, NULL, NULL, 1, 0, 0, 1, 0),
(455, 'stawczykjozef@example.com', 'Adam', 'Wandzel', 'Qn7;fOGncpDxKIXNrriw', '32 099 07 36', NULL, NULL, NULL, 1, 0, 0, 1, 0),
(456, 'przemyslaw57@example.org', 'Sara', 'Szczesiak', 'Qf2@LXYoTT', '+48 736 513 031', NULL, NULL, NULL, 1, 0, 0, 1, 0),
(457, 'daniel30@example.org', 'Bartek', 'Domino', 'Hf2)HUapYXKX', '+48 695 383 179', NULL, NULL, NULL, 1, 0, 0, 1, 0),
(458, 'anielautrata@example.com', 'Leonard', 'Kurbiel', 'Xr2}XDNPlmheKPKZJ', '508 818 827', NULL, NULL, NULL, 1, 0, 0, 1, 0),
(459, 'ceynowanikodem@example.net', 'Sandra', 'Długozima', 'Yn4_kbTxqwPcIrrX', '+48 889 736 358', NULL, NULL, NULL, 1, 0, 0, 1, 0),
(460, 'dorotaszmagaj@example.net', 'Adrianna', 'Janczarek', 'Si1-DJOsrjeanckFXHm', '+48 22 269 42 74', NULL, NULL, NULL, 1, 0, 0, 1, 0),
(461, 'kozokkornel@example.com', 'Andrzej', 'Postawa', 'Ne9<uJrVRjailm', '+48 603 907 097', NULL, NULL, NULL, 1, 0, 0, 1, 0),
(462, 'iornat@example.com', 'Tymoteusz', 'Soroko', 'Bw0*zMLMqWSmZptOrfA', '+48 515 257 761', NULL, NULL, NULL, 1, 0, 0, 1, 0),
(463, 'dariusz81@example.net', 'Anna Maria', 'Ślipek', 'Mo7_ZkAThkSYF', '+48 530 425 920', NULL, NULL, NULL, 1, 0, 0, 1, 0),
(464, 'ussrozalia@example.org', 'Artur', 'Potoczna', 'Gs9#MBR', '+48 601 059 535', NULL, NULL, NULL, 1, 0, 0, 1, 0),
(465, 'monika70@example.org', 'Aniela', 'Kielich', 'Mq7}TRlzdUlA', '662 503 006', NULL, NULL, NULL, 1, 0, 0, 1, 0),
(466, 'blazej45@example.com', 'Arkadiusz', 'Kik', 'Yr5{drDjpmNKheqSVgX', '32 529 84 90', NULL, NULL, NULL, 1, 0, 0, 1, 0),
(467, 'andziakeliza@example.com', 'Dorota', 'Faruga', 'Lb3@sSwNVnRfxJWmiK', '+48 519 603 297', NULL, NULL, NULL, 1, 0, 0, 1, 0),
(468, 'leon81@example.net', 'Iwo', 'Zdobylak', 'Bb9!ooGlPGi', '32 052 04 61', NULL, NULL, NULL, 1, 0, 0, 1, 0),
(469, 'konradjurczuk@example.net', 'Maciej', 'Judek', 'Je8)PSvcUwY', '+48 734 864 399', NULL, NULL, NULL, 1, 0, 0, 1, 0),
(470, 'xkijas@example.com', 'Albert', 'Materek', 'Xt0=zWcLMOyTVtGBWBN', '+48 500 006 461', NULL, NULL, NULL, 1, 0, 0, 1, 0),
(471, 'vpoczatek@example.com', 'Szymon', 'Nieścioruk', 'Hm8(TLZryZSInmfuFeS', '+48 666 862 593', NULL, NULL, NULL, 1, 0, 0, 1, 0),
(472, 'naglikkamil@example.com', 'Maurycy', 'Kij', 'Zj4@Xt', '+48 782 378 947', NULL, NULL, NULL, 1, 0, 0, 1, 0),
(473, 'marikasoltysek@example.net', 'Kamila', 'Drygas', 'Op7-RoTYZJafFgiLydq', '+48 662 023 362', NULL, NULL, NULL, 1, 0, 0, 1, 0),
(474, 'tjakubaszek@example.com', 'Leonard', 'Syroka', 'Ym5-VJFPkjb', '786 088 837', NULL, NULL, NULL, 1, 0, 0, 1, 0),
(475, 'robertsych@example.com', 'Aniela', 'Włodyka', 'Pa3_PGRhiXAnTkfW', '+48 723 316 491', NULL, NULL, NULL, 1, 0, 0, 1, 0),
(476, 'grygorcewiczkajetan@example.org', 'Tobiasz', 'Bok', 'Id8+TcsQIcVNEsdNYYn', '799 403 925', NULL, NULL, NULL, 1, 0, 0, 1, 0),
(477, 'csiatka@example.org', 'Artur', 'Maślankiewicz', 'Wj2$PecMmCAPRpAvSW', '+48 530 202 036', NULL, NULL, NULL, 1, 0, 0, 1, 0),
(478, 'marcelfurgala@example.org', 'Kornel', 'Poniedziałek', 'We4-VpLE', '22 272 80 67', NULL, NULL, NULL, 1, 0, 0, 1, 0),
(479, 'lidia70@example.net', 'Józef', 'Radzio', 'Py5#RqCIJ', '+48 662 102 190', NULL, NULL, NULL, 1, 0, 0, 1, 0),
(480, 'aleksszumilo@example.com', 'Stanisław', 'Tutka', 'Nb9>NYvyoRNRxFpd', '666 705 580', NULL, NULL, NULL, 1, 0, 0, 1, 0),
(481, 'lampartdorota@example.net', 'Jerzy', 'Naglik', 'Mx5>LBLVgKcKDz', '+48 696 868 777', NULL, NULL, NULL, 1, 0, 0, 1, 0),
(482, 'hkukuczka@example.net', 'Rozalia', 'Ostasz', 'Bf5+Eylm', '22 248 47 87', NULL, NULL, NULL, 1, 0, 0, 1, 0),
(483, 'karolwojtys@example.com', 'Gabriel', 'Żołna', 'Ov3(RBVoYCXOI', '+48 886 117 097', NULL, NULL, NULL, 1, 0, 0, 1, 0),
(484, 'radoslawpiotrak@example.com', 'Jacek', 'Kasperczak', 'Yn0*laqssrJEhtOx', '535 052 410', NULL, NULL, NULL, 1, 0, 0, 1, 0),
(485, 'leonardgabka@example.com', 'Elżbieta', 'Walentynowicz', 'Ik6@acZk', '737 274 659', NULL, NULL, NULL, 1, 0, 0, 1, 0),
(486, 'klara93@example.net', 'Marek', 'Orkisz', 'Ve0$UArDNyprB', '780 307 980', NULL, NULL, NULL, 1, 0, 0, 1, 0),
(487, 'szczepaniukewelina@example.net', 'Bianka', 'Szyndler', 'Xr1+NUSY', '22 340 96 11', NULL, NULL, NULL, 1, 0, 0, 1, 0),
(488, 'malaskazimierz@example.net', 'Marianna', 'Ciepluch', 'As0{kcl', '661 003 570', NULL, NULL, NULL, 1, 0, 0, 1, 0),
(489, 'oskarkupaj@example.org', 'Fabian', 'Smela', 'Sf9_xVlInHHoBDkMvOh', '663 277 955', NULL, NULL, NULL, 1, 0, 0, 1, 0),
(490, 'xholeksa@example.org', 'Emil', 'Owsianka', 'Pd6_LqCWVvsh', '+48 505 247 519', NULL, NULL, NULL, 1, 0, 0, 1, 0),
(491, 'grzegorzakartur@example.net', 'Błażej', 'Proć', 'At1#idJLNfDfKNB', '699 728 968', NULL, NULL, NULL, 1, 0, 0, 1, 0),
(492, 'podgornysara@example.org', 'Dawid', 'Kiciak', 'Vn6$azKiNcnYAzCH', '790 451 625', NULL, NULL, NULL, 1, 0, 0, 1, 0),
(493, 'bejmaoskar@example.org', 'Karina', 'Wawrzeńczyk', 'Tk1@hsRMTlYeP', '+48 533 723 821', NULL, NULL, NULL, 1, 0, 0, 1, 0),
(494, 'kamila30@example.org', 'Gaja', 'Majdan', 'Ki1!SCbzjq', '510 720 880', NULL, NULL, NULL, 1, 0, 0, 1, 0),
(495, 'nikodemmleczek@example.com', 'Grzegorz', 'Kapka', 'Wl5~diIDfXyiJ', '727 591 061', NULL, NULL, NULL, 1, 0, 0, 1, 0),
(496, 'malwina09@example.net', 'Marianna', 'Dynak', 'Oc3~ykCqquKgfZ', '508 716 254', NULL, NULL, NULL, 1, 0, 0, 1, 0),
(497, 'juliusz00@example.net', 'Tymoteusz', 'Juras', 'Tj3@MLshGum', '32 234 84 31', NULL, NULL, NULL, 1, 0, 0, 1, 0),
(498, 'kusztalmaks@example.com', 'Przemysław', 'Koćwin', 'Fg0~BKSNNxOsFOKALs', '514 849 702', NULL, NULL, NULL, 1, 0, 0, 1, 0),
(499, 'arturtulacz@example.com', 'Gustaw', 'Niesporek', 'Km3(NWSm', '+48 737 950 888', NULL, NULL, NULL, 1, 0, 0, 1, 0),
(500, 'oskarhnat@example.com', 'Dagmara', 'Kluj', 'Xl2<fVwDrdt', '+48 665 180 090', NULL, NULL, NULL, 1, 0, 0, 1, 0),
(501, 'gaja77@example.org', 'Natan', 'Walenciak', 'Py8^mS', '32 935 25 31', NULL, NULL, NULL, 1, 0, 0, 1, 0),
(502, 'tymoteuszorpel@example.com', 'Witold', 'Wawrzeńczyk', 'Bu7<octMC', '+48 697 285 880', NULL, NULL, NULL, 1, 0, 0, 1, 0),
(503, 'iwoblaszyk@example.com', 'Ewa', 'Pompa', 'Ns9-rCDOyfwMHZdZ', '+48 781 260 588', NULL, NULL, NULL, 1, 0, 0, 1, 0),
(504, 'daniel17@example.com', 'Adrianna', 'Ochnio', 'Dy2@uPBLMQ', '795 137 981', NULL, NULL, NULL, 1, 0, 0, 1, 0),
(505, 'karinamagier@example.net', 'Eliza', 'Gabryszak', 'Vu8!GEVjhvwor', '668 583 526', NULL, NULL, NULL, 1, 0, 0, 1, 0),
(506, 'wiakjulian@example.org', 'Jacek', 'Dybka', 'Bg4)yjDjnC', '535 904 265', NULL, NULL, NULL, 1, 0, 0, 1, 0),
(507, 'urszula55@example.net', 'Radosław', 'Broncel', 'Rm2~fTVMuCpV', '730 308 685', NULL, NULL, NULL, 1, 0, 0, 1, 0),
(508, 'gustaw91@example.net', 'Kalina', 'Szmelter', 'Gs1@TURHibeXDLGtg', '691 938 436', NULL, NULL, NULL, 1, 0, 0, 1, 0),
(509, 'dgendek@example.org', 'Piotr', 'Wiese', 'Go8#RkueQiXy', '+48 738 360 145', NULL, NULL, NULL, 1, 0, 0, 1, 0),
(510, 'jerzy21@example.com', 'Olga', 'Pawliszyn', 'Hu1@axJnDrPw', '+48 661 779 126', NULL, NULL, NULL, 1, 0, 0, 1, 0),
(511, 'dawidwolos@example.com', 'Inga', 'Maziarczyk', 'Vf0>LSDPlirxOi', '+48 22 699 76 52', NULL, NULL, NULL, 1, 0, 0, 1, 0),
(512, 'vlesiewicz@example.com', 'Julita', 'Łyś', 'Me2^zGajzst', '733 805 860', NULL, NULL, NULL, 1, 0, 0, 1, 0),
(513, 'pikularafal@example.net', 'Norbert', 'Siemion', 'Ps2)ElpbNqfka', '734 006 322', NULL, NULL, NULL, 1, 0, 0, 1, 0),
(514, 'qjedral@example.org', 'Ewelina', 'Szmagaj', 'Wg6_RY', '+48 797 895 927', NULL, NULL, NULL, 1, 0, 0, 1, 0),
(515, 'adrian07@example.net', 'Angelika', 'Gąszczak', 'Zo5%NMHZY', '664 178 064', NULL, NULL, NULL, 1, 0, 0, 1, 0),
(516, 'jchaba@example.com', 'Gaja', 'Trojanek', 'Af5_DLXl', '882 088 910', NULL, NULL, NULL, 1, 0, 0, 1, 0),
(517, 'ewelinaturon@example.com', 'Olga', 'Sporek', 'Nm4!fmjO', '+48 535 658 680', NULL, NULL, NULL, 1, 0, 0, 1, 0),
(518, 'rejmerkornelia@example.net', 'Antoni', 'Machul', 'Hx6{QRGWKmTCGlks', '885 215 783', NULL, NULL, NULL, 1, 0, 0, 1, 0),
(519, 'mmasny@example.org', 'Kazimierz', 'Kornet', 'Rh5<grjRwDdG', '604 167 625', NULL, NULL, NULL, 1, 0, 0, 1, 0),
(520, 'tomanorbert@example.org', 'Błażej', 'Igras', 'Qj9+akTQybqjZ', '+48 503 006 032', NULL, NULL, NULL, 1, 0, 0, 1, 0),
(521, 'musioliksandra@example.org', 'Olaf', 'Kopytko', 'Mm9=kYIlDIGn', '+48 32 804 65 52', NULL, NULL, NULL, 1, 0, 0, 1, 0),
(522, 'gmzyk@example.org', 'Antoni', 'Matulewicz', 'Ve1>ZieUaYtarf', '+48 519 408 836', NULL, NULL, NULL, 1, 0, 0, 1, 0),
(523, 'alan06@example.com', 'Paweł', 'Kłósek', 'Gn8*fQbapdyNMBdULd', '660 395 127', NULL, NULL, NULL, 1, 0, 0, 1, 0),
(524, 'stranckonrad@example.net', 'Natasza', 'Klęk', 'Es0!OwDlDKIutPgdCLxW', '506 190 659', NULL, NULL, NULL, 1, 0, 0, 1, 0),
(525, 'kornelia28@example.org', 'Błażej', 'Zięciak', 'Bw0#SgIAsQBOh', '789 580 179', NULL, NULL, NULL, 1, 0, 0, 1, 0),
(526, 'blazejjakubiuk@example.net', 'Tadeusz', 'Bronka', 'Fg0<VortlhcTAViOExuJ', '887 895 003', NULL, NULL, NULL, 1, 0, 0, 1, 0),
(527, 'mosurewa@example.net', 'Ignacy', 'Muc', 'It4@FQcDXBNPCU', '608 480 905', NULL, NULL, NULL, 1, 0, 0, 1, 0),
(528, 'ftylka@example.net', 'Łukasz', 'Boś', 'Pu5#ZxxN', '+48 502 809 821', NULL, NULL, NULL, 1, 0, 0, 1, 0),
(529, 'marcelskomra@example.org', 'Eryk', 'Witko', 'Yg8tFJvDHavsB', '723 730 255', NULL, NULL, NULL, 1, 0, 0, 1, 0),
(530, 'kominiakanastazja@example.com', 'Adrian', 'Serwach', 'Aj8=ylvsGWA', '+48 22 778 27 80', NULL, NULL, NULL, 1, 0, 0, 1, 0),
(531, 'filip56@example.org', 'Rafał', 'Saj', 'Ag4(dWL', '+48 795 012 279', NULL, NULL, NULL, 1, 0, 0, 1, 0),
(532, 'cezary31@example.org', 'Aleks', 'Polakiewicz', 'Cf5RCckrFxNpbxinz', '+48 694 286 599', NULL, NULL, NULL, 1, 0, 0, 1, 0),
(533, 'szymon70@example.com', 'Krzysztof', 'Łyczek', 'Bq1{UqHVKUqguBwv', '+48 503 358 508', NULL, NULL, NULL, 1, 0, 0, 1, 0),
(534, 'apyszny@example.org', 'Agnieszka', 'Panasewicz', 'Rx8!gTohmC', '889 723 711', NULL, NULL, NULL, 1, 0, 0, 1, 0),
(535, 'aleks56@example.net', 'Nicole', 'Jachna', 'Sr2!JvnBAzD', '784 195 498', NULL, NULL, NULL, 1, 0, 0, 1, 0),
(536, 'kstrzadala@example.com', 'Gabriel', 'Szkaradek', 'Da3$rWUoOdyabBfSNn', '511 294 692', NULL, NULL, NULL, 1, 0, 0, 1, 0),
(537, 'danielwojtys@example.com', 'Leonard', 'Wiekiera', 'Da9=EzmYOEiakn', '+48 792 149 184', NULL, NULL, NULL, 1, 0, 0, 1, 0),
(538, 'sandrachruszcz@example.com', 'Julian', 'Zapaśnik', 'Xr4=QcD', '+48 665 887 527', NULL, NULL, NULL, 1, 0, 0, 1, 0),
(539, 'iwypchlo@example.net', 'Krzysztof', 'Wołk', 'Zi4~xBQTNStTgTwKKbx', '722 073 918', NULL, NULL, NULL, 1, 0, 0, 1, 0),
(540, 'rrzaca@example.org', 'Kamila', 'Małyszka', 'Di9_uYLoSBMteGB', '+48 726 396 364', NULL, NULL, NULL, 1, 0, 0, 1, 0),
(541, 'belzanataniel@example.net', 'Klara', 'Humeniuk', 'Hm3-cUrpwKVDoeIqqu', '722 861 069', NULL, NULL, NULL, 1, 0, 0, 1, 0),
(542, 'politowiczliwia@example.net', NULL, NULL, 'Or4yFUyjf', '+48 699 792 403', NULL, 'Pawliszyn Sp.j.', NULL, 1, 0, 0, 0, 1),
(543, 'prudolf@example.org', NULL, NULL, 'Sp4_cuxoexbshVjMJuG', '+48 500 340 904', NULL, 'Gabinety Potyrała-Ograbek S.A.', NULL, 1, 0, 0, 0, 1),
(544, 'zograbek@example.com', NULL, NULL, 'Ri8gMFdUgVfeHaStN', '786 995 380', NULL, 'Wykręt-Mądro Sp.k.', NULL, 1, 0, 0, 0, 1),
(545, 'gbanak@example.net', NULL, NULL, 'Tu6=CmHjO', '+48 500 781 300', NULL, 'Jarema i syn s.c.', NULL, 1, 0, 0, 0, 1),
(546, 'xgorgol@example.com', NULL, NULL, 'Xu1;PjUVJMpZgjpVZhX', '+48 665 245 938', NULL, 'Gabinety Mol s.c.', NULL, 1, 0, 0, 0, 1),
(547, 'zieniewiczfryderyk@example.com', NULL, NULL, 'Gc2<rQaaFYMEYjtwA', '604 331 725', NULL, 'Rejmer-Hadaś S.A.', NULL, 1, 0, 0, 0, 1),
(548, 'geburakrystyna@example.com', NULL, NULL, 'Yu2{zrafSkxVnA', '735 497 532', NULL, 'Gabinety Wlazły i syn s.c.', NULL, 1, 0, 0, 0, 1),
(549, 'dorotapasnik@example.org', NULL, NULL, 'Xe8@AepI', '533 875 082', NULL, 'Fundacja Kucharzyk-Pazera i syn s.c.', NULL, 1, 0, 0, 0, 1),
(550, 'marek84@example.org', NULL, NULL, 'Xd7:NHvU', '+48 723 771 327', NULL, 'Stowarzyszenie Tytko', NULL, 1, 0, 0, 0, 1),
(551, 'patrykposluszna@example.net', NULL, NULL, 'Zc7-EZH', '+48 572 828 135', NULL, 'PPUH Bak-Wicha Sp.j.', NULL, 1, 0, 0, 0, 1),
(552, 'cebopiotr@example.net', NULL, NULL, 'Yt3mtHByNqofUyGXeDRB', '512 818 184', NULL, 'Zębik Sp. z o.o. Sp.k.', NULL, 1, 0, 0, 0, 1),
(553, 'miloszbranka@example.org', NULL, NULL, 'Mp7%AucUNeMwha', '692 479 300', NULL, 'FPUH Walus i syn s.c.', NULL, 1, 0, 0, 0, 1),
(554, 'kusterwitold@example.org', NULL, NULL, 'Zo1{hfBPLq', '+48 667 892 500', NULL, 'Gabinety Patalas Sp.j.', NULL, 1, 0, 0, 0, 1),
(555, 'tpasnik@example.com', NULL, NULL, 'Qw8@nJ', '607 470 101', NULL, 'Czesak i syn s.c.', NULL, 1, 0, 0, 0, 1),
(556, 'nataniel01@example.net', NULL, NULL, 'Gy2@QspNiZtAlFFZIBG', '577 893 347', NULL, 'PPUH Pytlarz Sp.k.', NULL, 1, 0, 0, 0, 1),
(557, 'nikodemkrzysztoszek@example.com', NULL, NULL, 'Iy7=DjELUU', '604 300 972', NULL, 'Prochownik Sp. z o.o. Sp.k.', NULL, 1, 0, 0, 0, 1),
(558, 'robertbroniek@example.org', NULL, NULL, 'Pf2>uOIyOvkugHq', '+48 600 910 808', NULL, 'Wojcik-Pawlaczek Sp.k.', NULL, 1, 0, 0, 0, 1),
(559, 'jozefmatwiejczyk@example.com', NULL, NULL, 'Pw1#mcAnkEi', '+48 722 379 577', NULL, 'Stowarzyszenie Grądziel', NULL, 1, 0, 0, 0, 1),
(560, 'kornelhorbacz@example.com', NULL, NULL, 'Cr1)EJfRCkeFtOkaq', '+48 22 225 14 22', NULL, 'Stowarzyszenie Kiełek Sp.j.', NULL, 1, 0, 0, 0, 1),
(561, 'wzaras@example.net', NULL, NULL, 'Ex7-JhUquoedDMnPC', '+48 603 931 073', NULL, 'Stochaj-Wysota s.c.', NULL, 1, 0, 0, 0, 1),
(562, 'rajtarklara@example.net', NULL, NULL, 'Wb1!AN', '787 437 752', NULL, 'Gwara Sp.k.', NULL, 1, 0, 0, 0, 1),
(563, 'gustaw96@example.org', NULL, NULL, 'Fj3(oB', '+48 790 673 338', NULL, 'FPUH Cięciwa-Ochwat Sp. z o.o. Sp.k.', NULL, 1, 0, 0, 0, 1),
(564, 'ewelinaszklarek@example.com', NULL, NULL, 'Mi5)jkZYVirauvR', '+48 664 525 294', NULL, 'Giedrojć Sp.j.', NULL, 1, 0, 0, 0, 1),
(565, 'rochkornelia@example.com', NULL, NULL, 'Gj0!IV', '22 941 17 22', NULL, 'Fundacja Zys-Szałas Sp.j.', NULL, 1, 0, 0, 0, 1),
(566, 'iwobudkiewicz@example.org', NULL, NULL, 'Un6^YhC', '22 668 84 94', NULL, 'Grupa Pianka s.c.', NULL, 1, 0, 0, 0, 1),
(567, 'prokopczukdorota@example.net', NULL, NULL, 'Wc8^ZXQbtUKH', '+48 514 580 790', NULL, 'PPUH Wylegała-Bakun Sp. z o.o. Sp.k.', NULL, 1, 0, 0, 0, 1),
(568, 'ada36@example.net', NULL, NULL, 'Dh0@Ht', '+48 505 575 066', NULL, 'Sondej-Jonczyk s.c.', NULL, 1, 0, 0, 0, 1),
(569, 'borys20@example.com', NULL, NULL, 'Yn0(nogTKMnzMSEkGI', '+48 517 304 474', NULL, 'PPUH Sulich Sp.j.', NULL, 1, 0, 0, 0, 1),
(570, 'roksanacalik@example.com', NULL, NULL, 'Sd3~yy', '+48 578 440 736', NULL, 'Półchłopek-Gorgol Sp. z o.o.', NULL, 1, 0, 0, 0, 1),
(571, 'marek06@example.net', NULL, NULL, 'Ro6<vx', '+48 736 398 830', NULL, 'Stefankiewicz-Kurbiel S.A.', NULL, 1, 0, 0, 0, 1),
(572, 'rajtarmarcin@example.net', NULL, NULL, 'Ko4*JjNHGlrWOKBGRX', '539 819 832', NULL, 'Sarosiek Sp. z o.o.', NULL, 1, 0, 0, 0, 1),
(573, 'gabryelczykblanka@example.org', NULL, NULL, 'Jn7>bxNNADyimAon', '32 031 01 85', NULL, 'Fik-Boruń Sp.j.', NULL, 1, 0, 0, 0, 1),
(574, 'maciej10@example.net', NULL, NULL, 'Ea1(rdSYzQ', '+48 539 420 080', NULL, 'Dubik Sp.k.', NULL, 1, 0, 0, 0, 1),
(575, 'cezarymaslankiewicz@example.net', NULL, NULL, 'Ep6#irzjwtOiEHpRwxUy', '+48 602 102 119', NULL, 'Krokosz-Neubauer S.A.', NULL, 1, 0, 0, 0, 1),
(576, 'lposmyk@example.net', NULL, NULL, 'Eb2^pMbWYnTklmONw', '+48 693 668 677', NULL, 'Raszkiewicz-Misiurek Sp. z o.o. Sp.k.', NULL, 1, 0, 0, 0, 1),
(577, 'imucka@example.org', NULL, NULL, 'Xo2@xMGbOPpSU', '509 376 706', NULL, 'PPUH Radzio-Linkiewicz Sp. z o.o. Sp.k.', NULL, 1, 0, 0, 0, 1),
(578, 'mikolaj38@example.com', NULL, NULL, 'Gx0yYUdLyGBUR', '+48 721 446 934', NULL, 'Andrearczyk s.c.', NULL, 1, 0, 0, 0, 1),
(579, 'julianna57@example.com', NULL, NULL, 'Ir2_GvpuS', '+48 735 940 116', NULL, 'Szmuc-Bosek i syn s.c.', NULL, 1, 0, 0, 0, 1),
(580, 'anita89@example.net', NULL, NULL, 'Mb3<On', '887 242 111', NULL, 'Fundacja Blaut', NULL, 1, 0, 0, 0, 1),
(581, 'dziadkiewiczoskar@example.org', NULL, NULL, 'Ih9@fqkeymYjqVPnZpl', '+48 601 610 491', NULL, 'FPUH Serzysko', NULL, 1, 0, 0, 0, 1),
(582, 'drozdowiczdariusz@example.com', NULL, NULL, 'Zs2<xebfZN', '+48 782 977 247', NULL, 'PPUH Garczarek-Naglik Sp. z o.o. Sp.k.', NULL, 1, 0, 0, 0, 1),
(583, 'pezdamarek@example.net', NULL, NULL, 'Nx9^LyLpINmU', '534 141 984', NULL, 'Gabinety Gnyp-Sierżant Sp.j.', NULL, 1, 0, 0, 0, 1),
(584, 'dominikkubaczyk@example.net', NULL, NULL, 'Ql4yyHDmbrY', '22 241 64 05', NULL, 'Grupa Paprotny-Brzykcy i syn s.c.', NULL, 1, 0, 0, 0, 1),
(585, 'kazimierz52@example.net', NULL, NULL, 'Nw9_sAJSpaQYyxxiNC', '+48 781 594 006', NULL, 'Domińczak Sp. z o.o. Sp.k.', NULL, 1, 0, 0, 0, 1),
(586, 'dorota19@example.net', NULL, NULL, 'Ug3;zOmEYKqfO', '+48 600 622 021', NULL, 'Gabinety Nikołajuk-Szwaja Sp. z o.o.', NULL, 1, 0, 0, 0, 1),
(587, 'czubaszekmaksymilian@example.org', NULL, NULL, 'Ch4~DfbQx', '+48 723 997 796', NULL, 'PPUH Ziajka', NULL, 1, 0, 0, 0, 1),
(588, 'natan17@example.org', NULL, NULL, 'Ny1*xygT', '604 872 844', NULL, 'PPUH Foit-Knieć Sp.j.', NULL, 1, 0, 0, 0, 1),
(589, 'ernest08@example.org', NULL, NULL, 'Hr8(khPfGgiMHmXJxj', '+48 664 634 585', NULL, 'Fundacja Potaczek-Bejger Sp. z o.o. Sp.k', NULL, 1, 0, 0, 0, 1),
(590, 'bruno90@example.org', NULL, NULL, 'Ba1%xwGajtchvKJPf', '+48 693 408 086', NULL, 'Grupa Mielke-Materek Sp. z o.o. Sp.k.', NULL, 1, 0, 0, 0, 1),
(591, 'wkolanko@example.org', NULL, NULL, 'Zz8@lTh', '576 823 377', NULL, 'PPUH Majorczyk', NULL, 1, 0, 0, 0, 1),
(592, 'okukiela@example.net', NULL, NULL, 'Xk4:VJfwMJrwlBfFrnz', '515 055 370', NULL, 'Spółdzielnia Ostręga-Wawrzynkiewicz Sp.k', NULL, 1, 0, 0, 0, 1),
(593, 'dorota53@example.com', NULL, NULL, 'Of3{WljhU', '782 630 555', NULL, 'Kwoka S.A.', NULL, 1, 0, 0, 0, 1),
(594, 'robert11@example.com', NULL, NULL, 'Qx0;FmFgZkNIV', '32 398 26 60', NULL, 'FPUH Jakubaszek i syn s.c.', NULL, 1, 0, 0, 0, 1),
(595, 'tpara@example.org', NULL, NULL, 'Vn0#SkdupLkZsNJwCdD', '503 992 338', NULL, 'PPUH Masny-Stoch Sp. z o.o.', NULL, 1, 0, 0, 0, 1),
(596, 'olgierd12@example.org', NULL, NULL, 'Vj9*CSYHqdId', '+48 530 485 515', NULL, 'PPUH Michnik', NULL, 1, 0, 0, 0, 1),
(597, 'marcelindyka@example.net', NULL, NULL, 'Sn6=VSUAUDyezXUv', '+48 530 708 963', NULL, 'Kranc-Witan Sp.j.', NULL, 1, 0, 0, 0, 1),
(598, 'artur24@example.net', NULL, NULL, 'Os1}FkEpUfWzBjpdvK', '+48 578 012 411', NULL, 'PPUH Elsner-Helman Sp. z o.o. Sp.k.', NULL, 1, 0, 0, 0, 1),
(599, 'anna-mariaorkisz@example.net', NULL, NULL, 'Js6=bRpNKoRgEssaYB', '502 499 976', NULL, 'Gabinety Mikiciuk-Ofiara Sp.j.', NULL, 1, 0, 0, 0, 1),
(600, 'ziemakkonrad@example.net', NULL, NULL, 'Eq6ketrLd', '791 013 588', NULL, 'Spółdzielnia Dering', NULL, 1, 0, 0, 0, 1),
(601, 'zakiewiczaleksander@example.org', NULL, NULL, 'Yw5-tpUrB', '+48 697 032 275', NULL, 'Spółdzielnia Panasiewicz-Droś S.A.', NULL, 1, 0, 0, 0, 1),
(602, 'boryssliz@example.com', NULL, NULL, 'To5+JG', '509 552 821', NULL, 'Stowarzyszenie Wasążnik S.A.', NULL, 1, 0, 0, 0, 1),
(603, 'dariusz01@example.org', NULL, NULL, 'Oa1(BDmRESQEpFCIWik', '22 098 34 44', NULL, 'Spółdzielnia Bąkiewicz S.A.', NULL, 1, 0, 0, 0, 1),
(604, 'witoldbujko@example.net', NULL, NULL, 'Oi8%LrJRanaxWIgthgH', '+48 724 894 914', NULL, 'Stowarzyszenie Zarzeczna-Bzymek S.A.', NULL, 1, 0, 0, 0, 1),
(605, 'olaffreitag@example.org', NULL, NULL, 'Jq6}ny', '609 806 866', NULL, 'Gabinety Ćwirko s.c.', NULL, 1, 0, 0, 0, 1),
(606, 'kacperjamrozek@example.com', NULL, NULL, 'Km0=vw', '+48 530 153 390', NULL, 'Spółdzielnia Matyjasek', NULL, 1, 0, 0, 0, 1),
(607, 'lmalesza@example.net', NULL, NULL, 'Xy1=lpwnpxebQXxi', '788 043 826', NULL, 'Narożny-Giersz Sp. z o.o. Sp.k.', NULL, 1, 0, 0, 0, 1),
(608, 'budychnatasza@example.com', NULL, NULL, 'Pd0<HFbM', '514 320 520', NULL, 'Gabinety Żuberek-Kamyszek Sp. z o.o. Sp.', NULL, 1, 0, 0, 0, 1),
(609, 'karol99@example.org', NULL, NULL, 'Hw2{nclYIz', '+48 513 479 135', NULL, 'Fundacja Skotarczak-Ledzion Sp. z o.o.', NULL, 1, 0, 0, 0, 1),
(610, 'emikolajewicz@example.com', NULL, NULL, 'Fb9)XRK', '+48 885 582 977', NULL, 'Grupa Gryska', NULL, 1, 0, 0, 0, 1),
(611, 'michal30@example.net', NULL, NULL, 'Wi8_yky', '+48 32 895 87 15', NULL, 'FPUH Piguła-Pułka s.c.', NULL, 1, 0, 0, 0, 1),
(612, 'brudnykazimierz@example.com', NULL, NULL, 'Kv7:LKJAYSKfzA', '+48 889 307 323', NULL, 'Wawrzeńczyk Sp.j.', NULL, 1, 0, 0, 0, 1),
(613, 'ksawery22@example.net', NULL, NULL, 'Dl6{equy', '693 226 686', NULL, 'Spółdzielnia Drela-Karpik Sp. z o.o.', NULL, 1, 0, 0, 0, 1),
(614, 'dominikleszkiewicz@example.com', NULL, NULL, 'Re6$DzZri', '604 509 419', NULL, 'Tutka Sp.j.', NULL, 1, 0, 0, 0, 1),
(615, 'hdrobisz@example.net', NULL, NULL, 'Ls7$FvcDeUVYQIa', '888 840 940', NULL, 'Berus-Solich Sp.k.', NULL, 1, 0, 0, 0, 1),
(616, 'kuropatwalukasz@example.org', NULL, NULL, 'Xp1+CNIfc', '+48 536 221 518', NULL, 'Flaga Sp.k.', NULL, 1, 0, 0, 0, 1),
(617, 'adriannapolicht@example.org', NULL, NULL, 'Ll8>evSwlICnIlZJxMW', '533 227 549', NULL, 'Drywa-Pawliczak s.c.', NULL, 1, 0, 0, 0, 1),
(618, 'wiktorhanzel@example.com', NULL, NULL, 'Mk7#BLzPPz', '726 673 326', NULL, 'Spółdzielnia Zagrajek-Pela Sp.j.', NULL, 1, 0, 0, 0, 1),
(619, 'kozareryk@example.net', NULL, NULL, 'Pd0;pFMSDnvMwSby', '+48 693 097 046', NULL, 'Wyciszkiewicz-Pospiech Sp.k.', NULL, 1, 0, 0, 0, 1),
(620, 'bartekjarmula@example.com', NULL, NULL, 'Xk5;uZFziIfPeGwMmhr', '+48 533 597 114', NULL, 'Roskosz s.c.', NULL, 1, 0, 0, 0, 1),
(621, 'maliszpatryk@example.net', NULL, NULL, 'Ph6>droSwPfbKcmgm', '+48 799 832 500', NULL, 'Przystupa Sp.k.', NULL, 1, 0, 0, 0, 1),
(622, 'tymon03@example.net', NULL, NULL, 'Mp2_EAKAhV', '+48 517 013 510', NULL, 'Stowarzyszenie Gapys Sp.k.', NULL, 1, 0, 0, 0, 1),
(623, 'izdziech@example.net', NULL, NULL, 'Qn8(JGU', '+48 506 514 077', NULL, 'Kinder-Misiejuk s.c.', NULL, 1, 0, 0, 0, 1),
(624, 'psenator@example.org', NULL, NULL, 'Rc6-YjtLgQlGofZ', '+48 788 742 132', NULL, 'Spółdzielnia Działa', NULL, 1, 0, 0, 0, 1),
(625, 'oliwier93@example.org', NULL, NULL, 'Lk7_gwbWVSDkNS', '+48 736 508 939', NULL, 'Stowarzyszenie Franczuk-Doroszkiewicz s.', NULL, 1, 0, 0, 0, 1),
(626, 'oliwier35@example.org', NULL, NULL, 'Gi8)sgpBiRQQpqAMA', '+48 796 786 758', NULL, 'Chruszcz Sp. z o.o. Sp.k.', NULL, 1, 0, 0, 0, 1),
(627, 'xskrzecz@example.net', NULL, NULL, 'Dm6{rFKoOljMYt', '736 276 603', NULL, 'Barteczko-Nawrotek i syn s.c.', NULL, 1, 0, 0, 0, 1),
(628, 'fryderyk16@example.com', NULL, NULL, 'Jl3;eqWkXSJf', '+48 736 156 639', NULL, 'Andrejczuk s.c.', NULL, 1, 0, 0, 0, 1),
(629, 'juliuszluberda@example.net', NULL, NULL, 'Tg6)pMbHNTABWNbeOfz', '+48 663 441 036', NULL, 'Sadłocha Sp.k.', NULL, 1, 0, 0, 0, 1),
(630, 'kacper62@example.org', NULL, NULL, 'Na0@cRcOcWLhPOBXDGR', '+48 738 921 760', NULL, 'Baster i syn s.c.', NULL, 1, 0, 0, 0, 1),
(631, 'marcelmaksimowicz@example.org', NULL, NULL, 'Zm2MOIDdhEAXOi', '+48 22 843 19 64', NULL, 'Buk-Tereszkiewicz Sp. z o.o.', NULL, 1, 0, 0, 0, 1),
(632, 'qrawa@example.org', NULL, NULL, 'Bj0=UVntIdPlJXdWbF', '+48 698 041 215', NULL, 'Roter-Smykla Sp. z o.o. Sp.k.', NULL, 1, 0, 0, 0, 1),
(633, 'afal@example.org', NULL, NULL, 'Gw4-FXmMtvNBFcXUeSk', '789 869 846', NULL, 'Fundacja Linkiewicz-Szpyrka i syn s.c.', NULL, 1, 0, 0, 0, 1),
(634, 'jerzykusnierek@example.org', NULL, NULL, 'Hh8-THMlDd', '667 566 370', NULL, 'Grupa Faryna S.A.', NULL, 1, 0, 0, 0, 1),
(635, 'oleksiuknataniel@example.net', NULL, NULL, 'Mk4}Ri', '+48 720 779 557', NULL, 'Fabiańczyk-Wyrobek Sp.k.', NULL, 1, 0, 0, 0, 1),
(636, 'wolffkonrad@example.com', NULL, NULL, 'Hu9^jHTlJndfDH', '509 414 715', NULL, 'Stowarzyszenie Indyka S.A.', NULL, 1, 0, 0, 0, 1),
(637, 'plewniamarcel@example.net', NULL, NULL, 'Na9%IqnlZjUiGpxT', '+48 738 094 857', NULL, 'Matla-Filak i syn s.c.', NULL, 1, 0, 0, 0, 1),
(638, 'suchoraaleksander@example.org', NULL, NULL, 'Ow0%WrIcJsX', '786 646 507', NULL, 'Spółdzielnia Berek s.c.', NULL, 1, 0, 0, 0, 1),
(639, 'sajdajozef@example.org', NULL, NULL, 'Fs4+weiZRHZPhpWql', '+48 572 071 375', NULL, 'Gabinety Jajko-Martyka S.A.', NULL, 1, 0, 0, 0, 1),
(640, 'nataszazacharek@example.org', NULL, NULL, 'Qj7_MuqjbevxLxi', '+48 577 586 739', NULL, 'Spółdzielnia Loska', NULL, 1, 0, 0, 0, 1),
(641, 'salawasara@example.net', NULL, NULL, 'Up9*KmSfIsYgUec', '+48 669 196 653', NULL, 'Noras Sp. z o.o.', NULL, 1, 0, 0, 0, 1),
(642, 'alan82@example.com', NULL, NULL, 'Wp0}ziV', '+48 32 701 13 53', NULL, 'Gabinety Wejman s.c.', NULL, 1, 0, 0, 0, 1),
(643, 'jedrzejrutowicz@example.net', NULL, NULL, 'Yp1}ajXriZNPJyfa', '+48 604 597 917', NULL, 'Romankiewicz Sp.k.', NULL, 1, 0, 0, 0, 1),
(644, 'mariusz28@example.org', NULL, NULL, 'Wl3^yyXIFxY', '22 638 75 42', NULL, 'Dumała S.A.', NULL, 1, 0, 0, 0, 1),
(645, 'marcelfogel@example.com', NULL, NULL, 'Db2~oEVfprcJKTHNVDk', '22 661 34 66', NULL, 'Szambelan Sp.k.', NULL, 1, 0, 0, 0, 1),
(646, 'nnastaj@example.org', NULL, NULL, 'Iy0)WLDtre', '+48 789 282 715', NULL, 'Stowarzyszenie Kukawka', NULL, 1, 0, 0, 0, 1),
(647, 'gabriel93@example.org', NULL, NULL, 'Fe2}haKiGAzwDy', '887 911 532', NULL, 'Halik i syn s.c.', NULL, 1, 0, 0, 0, 1),
(648, 'blazejzaras@example.net', NULL, NULL, 'Wb5$qYxQtgCN', '+48 609 211 828', NULL, 'Fundacja Koronkiewicz', NULL, 1, 0, 0, 0, 1),
(649, 'damian67@example.org', NULL, NULL, 'Cu4MfktyxideNz', '+48 571 306 147', NULL, 'Fundacja Sykała-Bryczek S.A.', NULL, 1, 0, 0, 0, 1),
(650, 'wlodarzigor@example.com', NULL, NULL, 'Fv6}DjbRAAMjGlWP', '+48 697 922 083', NULL, 'Fundacja Turoń-Suchta S.A.', NULL, 1, 0, 0, 0, 1),
(651, 'natan85@example.com', NULL, NULL, 'Mk3%RtxCpWdC', '+48 536 280 319', NULL, 'Gabinety Radzewicz s.c.', NULL, 1, 0, 0, 0, 1),
(652, 'omaruszczak@example.org', NULL, NULL, 'It0^zk', '+48 32 573 18 84', NULL, 'Gabinety Smolka S.A.', NULL, 1, 0, 0, 0, 1),
(653, 'fkosiec@example.net', NULL, NULL, 'Oj2_YGbdwBtYMkZRhRzL', '+48 513 265 190', NULL, 'Rut Sp. z o.o. Sp.k.', NULL, 1, 0, 0, 0, 1),
(654, 'jeremiludwik@example.net', NULL, NULL, 'Od1:WPGjgMuTAAHUPQr', '728 148 123', NULL, 'Gabinety Monkiewicz S.A.', NULL, 1, 0, 0, 0, 1),
(655, 'robertziarnik@example.net', NULL, NULL, 'Xi9;lup', '506 621 899', NULL, 'PPUH Kuska-Wydrych s.c.', NULL, 1, 0, 0, 0, 1),
(656, 'krystianligenza@example.org', NULL, NULL, 'Ss3~ZQFsIJ', '535 747 925', NULL, 'Żuberek s.c.', NULL, 1, 0, 0, 0, 1),
(657, 'koczaralidia@example.net', NULL, NULL, 'Ff2;kPqGLXy', '+48 722 075 337', NULL, 'Fundacja Wojcik', NULL, 1, 0, 0, 0, 1),
(658, 'marianna10@example.org', NULL, NULL, 'Ao1=Yt', '667 232 108', NULL, 'PPUH Ciechowicz S.A.', NULL, 1, 0, 0, 0, 1),
(659, 'szajnaoliwier@example.net', NULL, NULL, 'Hr0~ihHEGpcWozLMBs', '+48 500 406 775', NULL, 'Cymer-Megger Sp.k.', NULL, 1, 0, 0, 0, 1),
(660, 'grabczakhubert@example.com', NULL, NULL, 'Hc9TXiFZsXk', '696 246 371', NULL, 'Spółdzielnia Różak Sp.j.', NULL, 1, 0, 0, 0, 1),
(661, 'natan16@example.org', NULL, NULL, 'Qt5+GqJECupmmVcl', '723 814 435', NULL, 'Grupa Fiedler', NULL, 1, 0, 0, 0, 1),
(662, 'gmyrcik@example.net', NULL, NULL, 'Ev0:oCV', '+48 728 158 597', NULL, 'Stowarzyszenie Cherek Sp. z o.o. Sp.k.', NULL, 1, 0, 0, 0, 1),
(663, 'leon93@example.net', NULL, NULL, 'Dy1<hqDKOncJhwAMkY', '+48 737 768 106', NULL, 'Pastor-Stawowczyk Sp. z o.o.', NULL, 1, 0, 0, 0, 1),
(664, 'nikodembazyluk@example.com', NULL, NULL, 'Oj1$nWd', '+48 882 718 735', NULL, 'Duchnik s.c.', NULL, 1, 0, 0, 0, 1),
(665, 'kabzajacek@example.com', NULL, NULL, 'Sl2-SwPJ', '738 170 702', NULL, 'Spółdzielnia Moniuszko Sp.j.', NULL, 1, 0, 0, 0, 1),
(666, 'mikolaj23@example.org', NULL, NULL, 'Zj6-WPhwYY', '+48 725 030 256', NULL, 'Stempniak-Soroko Sp. z o.o.', NULL, 1, 0, 0, 0, 1),
(667, 'alan80@example.net', NULL, NULL, 'Gn6;qN', '786 112 985', NULL, 'PPUH Byzdra', NULL, 1, 0, 0, 0, 1),
(668, 'jkuster@example.net', NULL, NULL, 'Xe4~UAi', '538 137 321', NULL, 'Stowarzyszenie Jędra i syn s.c.', NULL, 1, 0, 0, 0, 1),
(669, 'cdabrowicz@example.org', NULL, NULL, 'Fy8(jUoRGIyszBrocVkE', '+48 32 461 76 61', NULL, 'Łukowicz-Steckiewicz s.c.', NULL, 1, 0, 0, 0, 1),
(670, 'mordalagnieszka@example.com', NULL, NULL, 'Nv6:PfpXqzPaxqt', '+48 788 239 113', NULL, 'Wojniak Sp. z o.o.', NULL, 1, 0, 0, 0, 1),
(671, 'szczepanoliwier@example.com', NULL, NULL, 'Ky6!CMlKvHQdIiXCwZ', '+48 22 437 94 59', NULL, 'Spółdzielnia Kaletka S.A.', NULL, 1, 0, 0, 0, 1),
(672, 'galekjustyna@example.org', NULL, NULL, 'Jq6^kLtSgIY', '+48 691 541 063', NULL, 'PPUH Krokosz', NULL, 1, 0, 0, 0, 1),
(673, 'jarmuzjulianna@example.net', NULL, NULL, 'Pp4_JTVEadBCybmd', '570 582 167', NULL, 'Marcol-Świtaj i syn s.c.', NULL, 1, 0, 0, 0, 1),
(674, 'aureliaspychaj@example.org', NULL, NULL, 'Vl1@bVHykzSQ', '+48 726 707 263', NULL, 'Grupa Prostak-Fikus Sp.j.', NULL, 1, 0, 0, 0, 1),
(675, 'tobiasz85@example.net', NULL, NULL, 'Cx0+cL', '+48 22 562 12 90', NULL, 'Gabinety Wawrzyczek-Wielądek Sp.j.', NULL, 1, 0, 0, 0, 1),
(676, 'szczubelekmarika@example.org', NULL, NULL, 'Lj1yGJ', '+48 511 995 581', NULL, 'PPUH Śmieja', NULL, 1, 0, 0, 0, 1),
(677, 'grzelczykroksana@example.org', NULL, NULL, 'Fk7)YATYnj', '+48 880 780 211', NULL, 'Dietrich s.c.', NULL, 1, 0, 0, 0, 1),
(678, 'anastazja17@example.net', NULL, NULL, 'Kl3}DAuRJYyqbXYezoq', '721 463 684', NULL, 'Stowarzyszenie Fojt', NULL, 1, 0, 0, 0, 1),
(679, 'antonikolodziejak@example.org', NULL, NULL, 'Qm6<GhfqxCCUsujtIUJd', '32 653 20 15', NULL, 'Stowarzyszenie Bembenek Sp.j.', NULL, 1, 0, 0, 0, 1),
(680, 'mboksa@example.com', NULL, NULL, 'Re1>epRtcOmpObEQW', '+48 722 477 745', NULL, 'Lampart-Zyguła Sp.j.', NULL, 1, 0, 0, 0, 1),
(681, 'mbaum@example.com', NULL, NULL, 'Cs2$FVOgNFFyl', '797 695 084', NULL, 'Paździora i syn s.c.', NULL, 1, 0, 0, 0, 1),
(682, 'sflieger@example.net', NULL, NULL, 'Vw4=UfieXnZUfIBvVV', '+48 792 578 635', NULL, 'Wawrzyczek-Ryndak Sp. z o.o.', NULL, 1, 0, 0, 0, 1),
(683, 'ksawery48@example.net', NULL, NULL, 'Ig5<CqLDsDw', '794 894 563', NULL, 'Grupa Kolber', NULL, 1, 0, 0, 0, 1),
(684, 'apolonia01@example.com', NULL, NULL, 'Ec2(jTwnEqYnEldIleUs', '+48 735 397 611', NULL, 'Obiała Sp.j.', NULL, 1, 0, 0, 0, 1),
(685, 'pzawal@example.com', NULL, NULL, 'Gn6;BaJiFevVx', '791 182 793', NULL, 'PPUH Sych S.A.', NULL, 1, 0, 0, 0, 1),
(686, 'adamwojnicz@example.com', NULL, NULL, 'On4;jVDOLEGtgbUwj', '+48 725 670 449', NULL, 'Sabała s.c.', NULL, 1, 0, 0, 0, 1),
(687, 'larmatys@example.org', NULL, NULL, 'Gc0@gQ', '518 046 151', NULL, 'Stowarzyszenie Mieloch-Maksimowicz i syn', NULL, 1, 0, 0, 0, 1),
(688, 'filip31@example.com', NULL, NULL, 'Ne8}ywgNX', '+48 883 722 042', NULL, 'PPUH Kobryń-Kałwa Sp.k.', NULL, 1, 0, 0, 0, 1),
(689, 'stoltmannmieszko@example.net', NULL, NULL, 'No9)zIwzMWox', '+48 532 380 989', NULL, 'Troka Sp.k.', NULL, 1, 0, 0, 0, 1),
(690, 'urszulasanetra@example.net', NULL, NULL, 'Xf2(yDSeRkFiUM', '+48 22 034 07 68', NULL, 'Gabinety Groth', NULL, 1, 0, 0, 0, 1),
(691, 'qbialk@example.com', NULL, NULL, 'Le8;IheCGeEXumrnpSlX', '+48 796 200 830', NULL, 'Gałęza S.A.', NULL, 1, 0, 0, 0, 1),
(692, 'gbryndza@example.net', NULL, NULL, 'Kb1=zfegXUeVKqOvkvcs', '+48 609 847 509', NULL, 'Grupa Szajna i syn s.c.', NULL, 1, 0, 0, 0, 1),
(693, 'radoslaw81@example.org', NULL, NULL, 'Tm6(ehsceJsd', '+48 32 707 50 00', NULL, 'Sypek-Szyma Sp. z o.o. Sp.k.', NULL, 1, 0, 0, 0, 1),
(694, 'saraborysiewicz@example.org', NULL, NULL, 'Rj2+PVr', '515 260 238', NULL, 'Żybura Sp.j.', NULL, 1, 0, 0, 0, 1),
(695, 'uniedzwiadek@example.com', NULL, NULL, 'Xt0+CprdxmoCBr', '537 174 217', NULL, 'PPUH Jereczek-Łosiewicz Sp.j.', NULL, 1, 0, 0, 0, 1),
(696, 'zapadkaewa@example.org', NULL, NULL, 'Op0%ZDHWCeBbHjkjp', '781 935 670', NULL, 'Komander S.A.', NULL, 1, 0, 0, 0, 1),
(697, 'vwiza@example.net', NULL, NULL, 'Ji4_gqggRQBdH', '720 222 045', NULL, 'Grupa Kruzel', NULL, 1, 0, 0, 0, 1),
(698, 'marcin40@example.org', NULL, NULL, 'Wd1^VTbdsgNWl', '+48 724 191 393', NULL, 'PPUH Siemion-Wiech Sp.k.', NULL, 1, 0, 0, 0, 1),
(699, 'mziola@example.net', NULL, NULL, 'Tw4>ZEoSOcVVt', '537 272 820', NULL, 'Butrym-Poleszak s.c.', NULL, 1, 0, 0, 0, 1),
(700, 'ciecioradamian@example.org', NULL, NULL, 'Re1)jrP', '+48 696 981 811', NULL, 'Szabla Sp. z o.o. Sp.k.', NULL, 1, 0, 0, 0, 1),
(701, 'albert98@example.org', NULL, NULL, 'Oi5+BGgsbQvbwdKlFFJv', '+48 720 795 854', NULL, 'Fundacja Rubacha-Zaraś S.A.', NULL, 1, 0, 0, 0, 1),
(702, 'bryczektadeusz@example.org', NULL, NULL, 'Ge1%rGUWrpWjzP', '884 917 087', NULL, 'Grupa Pastuszko i syn s.c.', NULL, 1, 0, 0, 0, 1),
(703, 'poch@example.com', NULL, NULL, 'Qf5<hXzOwO', '+48 738 057 326', NULL, 'Fundacja Pielka', NULL, 1, 0, 0, 0, 1),
(704, 'mariuszkorzonek@example.net', NULL, NULL, 'Hu9#MmEOcBZuvyM', '786 836 586', NULL, 'Słysz S.A.', NULL, 1, 0, 0, 0, 1),
(705, 'mirgosadam@example.org', NULL, NULL, 'Hu2(jFWeiLgHhrwgeK', '+48 530 075 131', NULL, 'Gabinety Fedorczyk', NULL, 1, 0, 0, 0, 1),
(706, 'ewaswiatkiewicz@example.com', NULL, NULL, 'Yg0$TvlxgKy', '22 683 38 69', NULL, 'Sporek Sp. z o.o.', NULL, 1, 0, 0, 0, 1),
(707, 'uwolk@example.net', NULL, NULL, 'Ti2:iFNHiEBq', '698 434 101', NULL, 'Osada-Kniaź Sp.k.', NULL, 1, 0, 0, 0, 1),
(708, 'pydaborys@example.com', NULL, NULL, 'Yn8)RYstEUz', '+48 796 981 176', NULL, 'FPUH Lemke', NULL, 1, 0, 0, 0, 1),
(709, 'bregulaartur@example.org', NULL, NULL, 'Sn3%JZuWPGnZyNQ', '664 318 165', NULL, 'Grupa Wojczuk', NULL, 1, 0, 0, 0, 1),
(710, 'mateuszhajdas@example.org', NULL, NULL, 'Wa5-pPQsecBBLCnhGk', '+48 513 486 614', NULL, 'Spółdzielnia Osial', NULL, 1, 0, 0, 0, 1),
(711, 'qklemczak@example.com', NULL, NULL, 'By5KUVeSsBMlxTsYmGxa', '+48 661 081 347', NULL, 'FPUH Świerkot Sp.k.', NULL, 1, 0, 0, 0, 1),
(712, 'tolarurka@example.net', NULL, NULL, 'Vr7=Okidn', '+48 533 433 793', NULL, 'Brózda-Jasica Sp.k.', NULL, 1, 0, 0, 0, 1),
(713, 'romejkojanina@example.net', NULL, NULL, 'Oh4~TxFuuuQ', '662 143 078', NULL, 'Grupa Kośka', NULL, 1, 0, 0, 0, 1),
(714, 'nholubowicz@example.net', NULL, NULL, 'Wk3+mmGgwZzeaJNZJZxe', '+48 661 855 107', NULL, 'Fundacja Prochownik', NULL, 1, 0, 0, 0, 1),
(715, 'sondejleonard@example.net', NULL, NULL, 'Fp3{QR', '+48 22 353 86 11', NULL, 'Fundacja Stryjek-Bernard Sp.k.', NULL, 1, 0, 0, 0, 1),
(716, 'adam92@example.org', NULL, NULL, 'Vv8%LWZMvY', '509 459 454', NULL, 'Stowarzyszenie Krokosz', NULL, 1, 0, 0, 0, 1),
(717, 'ystas@example.com', NULL, NULL, 'Jx8-azxLf', '+48 32 776 37 92', NULL, 'FPUH Gerlach', NULL, 1, 0, 0, 0, 1),
(718, 'unijak@example.com', NULL, NULL, 'Qm1_hWfshjUixCRP', '+48 22 701 31 56', NULL, 'Ruman-Arendarczyk i syn s.c.', NULL, 1, 0, 0, 0, 1),
(719, 'ignacy22@example.com', NULL, NULL, 'Qs4)RGCYCArLpdAidAG', '+48 32 956 99 00', NULL, 'Tlałka-Niesporek Sp. z o.o. Sp.k.', NULL, 1, 0, 0, 0, 1),
(720, 'franciszek96@example.com', NULL, NULL, 'Za5>XKTQznZ', '604 967 266', NULL, 'Stowarzyszenie Wujek s.c.', NULL, 1, 0, 0, 0, 1),
(721, 'chomiakignacy@example.org', NULL, NULL, 'Bx0!FIXfnwxT', '+48 609 311 276', NULL, 'Gabinety Szczerek-Gomuła i syn s.c.', NULL, 1, 0, 0, 0, 1),
(722, 'alandetka@example.com', NULL, NULL, 'Qx4;lwNzZn', '722 654 684', NULL, 'Jarosiewicz Sp. z o.o. Sp.k.', NULL, 1, 0, 0, 0, 1),
(723, 'tymon31@example.net', NULL, NULL, 'Kv1_yNP', '884 006 179', NULL, 'Grupa Hyjek', NULL, 1, 0, 0, 0, 1),
(724, 'witold22@example.com', NULL, NULL, 'Oz9:QXnNAuhvvkxZY', '+48 504 947 232', NULL, 'Kliber-Pyc s.c.', NULL, 1, 0, 0, 0, 1),
(725, 'alan93@example.com', NULL, NULL, 'Wq2%jUSK', '22 301 56 64', NULL, 'Gaś-Jonczyk Sp. z o.o.', NULL, 1, 0, 0, 0, 1),
(726, 'zyzikgustaw@example.net', NULL, NULL, 'Qs8#czKjgOIAOEd', '732 528 700', NULL, 'PPUH Marcińczyk-Waloszek i syn s.c.', NULL, 1, 0, 0, 0, 1),
(727, 'andrzejnalazek@example.com', NULL, NULL, 'Zl4<xMGKpGwNdKwaEc', '+48 731 079 867', NULL, 'Paw-Reimann i syn s.c.', NULL, 1, 0, 0, 0, 1),
(728, 'osadej@example.net', NULL, NULL, 'Jr3{HrgzK', '570 715 959', NULL, 'Michniak-Migała Sp.j.', NULL, 1, 0, 0, 0, 1),
(729, 'ligasoliwier@example.net', NULL, NULL, 'Vk2(vnUVCupz', '+48 22 923 43 48', NULL, 'Stowarzyszenie Kołpak s.c.', NULL, 1, 0, 0, 0, 1),
(730, 'aleks60@example.com', NULL, NULL, 'Im7-YbWpKfw', '32 892 63 67', NULL, 'Działak Sp.j.', NULL, 1, 0, 0, 0, 1),
(731, 'rozaliazacharek@example.org', NULL, NULL, 'Fo7^ggZ', '+48 664 756 618', NULL, 'Noras Sp.j.', NULL, 1, 0, 0, 0, 1),
(732, 'piotr42@example.org', NULL, NULL, 'Gh9~NDhEiRQqkEMUa', '+48 664 150 231', NULL, 'Kopij Sp.j.', NULL, 1, 0, 0, 0, 1),
(733, 'nataszakotala@example.net', NULL, NULL, 'Ay3%EOWf', '660 317 750', NULL, 'Spółdzielnia Chadaj Sp.j.', NULL, 1, 0, 0, 0, 1),
(734, 'wiktorbarszczak@example.org', NULL, NULL, 'Jo3=HhHksnKxrXDaSyre', '+48 736 474 082', NULL, 'Kiełbowicz Sp. z o.o.', NULL, 1, 0, 0, 0, 1),
(735, 'ybakiera@example.com', NULL, NULL, 'Wx1~GZn', '517 563 346', NULL, 'Gogół-Szatko S.A.', NULL, 1, 0, 0, 0, 1),
(736, 'kamil13@example.net', NULL, NULL, 'Gz1@DYbNHXRQWKG', '+48 576 412 439', NULL, 'Fundacja Gryciuk-Kręcisz Sp. z o.o.', NULL, 1, 0, 0, 0, 1),
(737, 'pasiutfabian@example.net', NULL, NULL, 'Vy9{KMfJIN', '+48 787 253 430', NULL, 'PPUH Pyza', NULL, 1, 0, 0, 0, 1),
(738, 'mesjaszkacper@example.com', NULL, NULL, 'Cm0~jXuMlucljvgl', '+48 32 390 40 04', NULL, 'Królikiewicz Sp. z o.o.', NULL, 1, 0, 0, 0, 1),
(739, 'gdziechciarz@example.com', NULL, NULL, 'Zx1}XNVvfZZ', '728 451 882', NULL, 'Pacia-Wojaczek Sp. z o.o.', NULL, 1, 0, 0, 0, 1),
(740, 'kajakunda@example.com', NULL, NULL, 'So1-xqHtPdAb', '881 753 733', NULL, 'Spółdzielnia Dmoch', NULL, 1, 0, 0, 0, 1),
(741, 'ostapczukjan@example.net', NULL, NULL, 'Go9<voQ', '22 236 29 73', NULL, 'Fundacja Klemens-Deluga Sp. z o.o. Sp.k.', NULL, 1, 0, 0, 0, 1),
(742, 'starosciaksylwia@example.net', 'Maciej', 'Mirga', NULL, '+48 666 894 600', NULL, NULL, NULL, 1, 0, 0, 1, 0),
(743, 'anita50@example.com', 'Leonard', 'Koss', NULL, '578 315 582', NULL, NULL, NULL, 1, 0, 0, 1, 0),
(744, 'yoslizlo@example.com', 'Jędrzej', 'Fiedorczuk', NULL, '+48 605 973 159', NULL, NULL, NULL, 1, 0, 0, 1, 0),
(745, 'krystian27@example.org', 'Emil', 'Reszke', NULL, '+48 883 071 605', NULL, NULL, NULL, 1, 0, 0, 1, 0),
(746, 'oliwier50@example.org', 'Malwina', 'Poleszak', NULL, '660 713 223', NULL, NULL, NULL, 1, 0, 0, 1, 0),
(747, 'kornelia01@example.net', 'Krystyna', 'Skrobek', NULL, '575 202 232', NULL, NULL, NULL, 1, 0, 0, 1, 0),
(748, 'dominik04@example.org', 'Gustaw', 'Rompa', NULL, '609 009 072', NULL, NULL, NULL, 1, 0, 0, 1, 0),
(749, 'marika36@example.com', 'Konstanty', 'Perlik', NULL, '+48 535 438 124', NULL, NULL, NULL, 1, 0, 0, 1, 0),
(750, 'adam44@example.com', 'Justyna', 'Dadej', NULL, '+48 602 964 324', NULL, NULL, NULL, 1, 0, 0, 1, 0),
(751, 'karina35@example.org', 'Artur', 'Dargacz', NULL, '885 917 337', NULL, NULL, NULL, 1, 0, 0, 1, 0),
(752, 'gronurszula@example.org', 'Błażej', 'Solnica', NULL, '+48 660 293 367', NULL, NULL, NULL, 1, 0, 0, 1, 0),
(753, 'mpiskor@example.net', 'Kazimierz', 'Miotke', NULL, '515 457 350', NULL, NULL, NULL, 1, 0, 0, 1, 0),
(754, 'klara69@example.net', 'Bartek', 'Tłuczek', NULL, '880 993 855', NULL, NULL, NULL, 1, 0, 0, 1, 0),
(755, 'vgodzisz@example.org', 'Gabriel', 'Misiarz', NULL, '+48 511 636 546', NULL, NULL, NULL, 1, 0, 0, 1, 0),
(756, 'maurycy59@example.com', 'Gaja', 'Roj', NULL, '510 160 531', NULL, NULL, NULL, 1, 0, 0, 1, 0),
(757, 'janinaprokopiak@example.com', 'Nikodem', 'Kopij', NULL, '+48 603 266 454', NULL, NULL, NULL, 1, 0, 0, 1, 0),
(758, 'wlodarzmaciej@example.com', 'Kajetan', 'Banyś', NULL, '+48 32 895 43 19', NULL, NULL, NULL, 1, 0, 0, 1, 0),
(759, 'hcis@example.com', 'Dariusz', 'Kudlak', NULL, '571 002 109', NULL, NULL, NULL, 1, 0, 0, 1, 0),
(760, 'gjalowiec@example.com', 'Gabriel', 'Putek', NULL, '726 873 053', NULL, NULL, NULL, 1, 0, 0, 1, 0),
(761, 'stosikblanka@example.org', 'Arkadiusz', 'Sycz', NULL, '538 160 721', NULL, NULL, NULL, 1, 0, 0, 1, 0),
(762, 'antoni93@example.com', 'Wojciech', 'Wietecha', NULL, '+48 32 480 91 12', NULL, NULL, NULL, 1, 0, 0, 1, 0),
(763, 'igas@example.org', 'Blanka', 'Tatarczuk', NULL, '32 544 47 77', NULL, NULL, NULL, 1, 0, 0, 1, 0),
(764, 'olga48@example.org', 'Sara', 'Wojtoń', NULL, '22 693 54 87', NULL, NULL, NULL, 1, 0, 0, 1, 0),
(765, 'ewelinagrzech@example.net', 'Andrzej', 'Feret', NULL, '696 572 070', NULL, NULL, NULL, 1, 0, 0, 1, 0),
(766, 'agnieszka17@example.com', 'Radosław', 'Dziurdzia', NULL, '+48 32 490 91 11', NULL, NULL, NULL, 1, 0, 0, 1, 0),
(767, 'wwiak@example.com', 'Adrian', 'Pałyga', NULL, '792 960 754', NULL, NULL, NULL, 1, 0, 0, 1, 0),
(768, 'dfac@example.net', 'Witold', 'Majsterek', NULL, '508 043 431', NULL, NULL, NULL, 1, 0, 0, 1, 0),
(769, 'nikodem21@example.net', 'Kamil', 'Mainka', NULL, '+48 604 944 872', NULL, NULL, NULL, 1, 0, 0, 1, 0),
(770, 'bruno48@example.com', 'Tymoteusz', 'Kosiak', NULL, '+48 660 497 019', NULL, NULL, NULL, 1, 0, 0, 1, 0),
(771, 'gaja13@example.com', 'Dariusz', 'Noszczyk', NULL, '509 690 658', NULL, NULL, NULL, 1, 0, 0, 1, 0),
(772, 'brunoorawiec@example.net', 'Marianna', 'Lewko', NULL, '664 956 871', NULL, NULL, NULL, 1, 0, 0, 1, 0),
(773, 'rozaliasmagacz@example.org', 'Aleks', 'Olma', NULL, '501 981 266', NULL, NULL, NULL, 1, 0, 0, 1, 0),
(774, 'agnieszkazadora@example.com', 'Justyna', 'Majorek', NULL, '+48 697 711 285', NULL, NULL, NULL, 1, 0, 0, 1, 0),
(775, 'plonasonia@example.net', 'Marcel', 'Cebo', NULL, '+48 690 002 143', NULL, NULL, NULL, 1, 0, 0, 1, 0),
(776, 'marcelinaczajor@example.net', 'Albert', 'Kubrak', NULL, '+48 22 068 46 82', NULL, NULL, NULL, 1, 0, 0, 1, 0),
(777, 'cwierzmikolaj@example.com', 'Jeremi', 'Grabara', NULL, '+48 573 280 176', NULL, NULL, NULL, 1, 0, 0, 1, 0),
(778, 'angelikamikita@example.org', 'Maksymilian', 'Giedrojć', NULL, '+48 738 924 518', NULL, NULL, NULL, 1, 0, 0, 1, 0),
(779, 'dunalgaja@example.net', 'Olgierd', 'Szalast', NULL, '+48 728 697 703', NULL, NULL, NULL, 1, 0, 0, 1, 0),
(780, 'makslampart@example.net', 'Nicole', 'Goska', NULL, '+48 669 305 420', NULL, NULL, NULL, 1, 0, 0, 1, 0),
(781, 'ldebosz@example.org', 'Ignacy', 'Wołczyk', NULL, '+48 508 426 836', NULL, NULL, NULL, 1, 0, 0, 1, 0),
(782, 'fstrama@example.org', 'Jeremi', 'Dawidczyk', NULL, '604 743 113', NULL, NULL, NULL, 1, 0, 0, 1, 0),
(783, 'maruszczaknikodem@example.org', 'Stanisław', 'Roczniak', NULL, '530 383 988', NULL, NULL, NULL, 1, 0, 0, 1, 0),
(784, 'sarotaksawery@example.net', 'Sebastian', 'Kuzia', NULL, '32 782 91 98', NULL, NULL, NULL, 1, 0, 0, 1, 0),
(785, 'kmaksimowicz@example.com', 'Gustaw', 'Ciesielczyk', NULL, '519 485 449', NULL, NULL, NULL, 1, 0, 0, 1, 0),
(786, 'jakubgordon@example.net', 'Dawid', 'Frącz', NULL, '698 287 320', NULL, NULL, NULL, 1, 0, 0, 1, 0),
(787, 'witold87@example.com', 'Jacek', 'Samol', NULL, '510 952 297', NULL, NULL, NULL, 1, 0, 0, 1, 0),
(788, 'mariuszmarach@example.com', 'Kornelia', 'Szywała', NULL, '+48 882 547 246', NULL, NULL, NULL, 1, 0, 0, 1, 0),
(789, 'jerzypierz@example.net', 'Jan', 'Druszcz', NULL, '+48 512 398 117', NULL, NULL, NULL, 1, 0, 0, 1, 0),
(790, 'yzadworny@example.org', 'Olga', 'Roszkiewicz', NULL, '739 171 072', NULL, NULL, NULL, 1, 0, 0, 1, 0),
(791, 'sandra83@example.com', 'Dorota', 'Małota', NULL, '+48 602 835 791', NULL, NULL, NULL, 1, 0, 0, 1, 0),
(793, 'klient1@mail.com', 'klient1', 'klient1', '$2a$10$vrGbvm.7NiFiuEnBkprVgOn0GLwFHsURqa9DKCX8M/ss82PDocQnm', 'klient1', NULL, NULL, NULL, 1, 0, 0, 1, 0),
(794, 'admin@mail.com', 'admin', 'admin', '$2a$12$3PlF7n550CgDoz9MDW2bXuGG12nBVwNhVaBZRzhoPjMS.SmTREiI6', 'admin', 'administrator', NULL, 0, 1, 1, 0, 0, 0),
(795, 'manager1@mail.com', 'manager1', 'manager1', '$2a$10$7XoQ332y1q96OReM0bi0HeyUjRJw96oMMZxrpBPFFGFdINVWy0qsS', 'manager1', 'kierownik magazynu', NULL, 7000, 1, 1, 0, 0, 0),
(796, 'magazynier1@mail.com', 'magazynier1', 'magazynier1', '$2a$10$VlHpKbW7zAIq1atkh6wr/uGbh0gQbQhgq.d5JmJ6N25wIBaMKrWNm', 'magazynier1', 'magazynier', NULL, 5000, 1, 1, 0, 0, 0),
(797, 'kierowca1@mail.com', 'kierowca1', 'kierowca1', '$2a$10$gdghVdeY7gj9yrrXjAU8OeQJ3W75DPwj3/vq13c2LZcxXOM3WKjsm', 'kierowca1', 'kierowca', NULL, 6000, 1, 1, 0, 0, 0),
(798, 'koordynator1@mail.com', 'koordynator1', 'koordynator1', '$2a$10$kVsgWgHqB54x193nLP9eMOlxaj7HTCYATpNhVIsVCzeGUG1DkKuQG', 'koordynator1', 'koordynator', NULL, 6000, 1, 1, 0, 0, 0),
(799, 'proba4@email.com', 'Andrzej', 'Andrzejak', '$2a$10$qwkrjTzjj9Rlhv5PRJFdL.zCZMWBmEGmHr2y/N0UCO/9lVxdynT6u', '333333333', NULL, NULL, NULL, 1, 0, 0, 1, 0),
(800, 'Sabukaj02@gmail.com', 'Piotr', 'Jakubas', '$2a$10$payNFgxc42tiU4iDLAnZ2..nu9kvK3WA6ABrGHn.YrgAu3xmirzqK', '666666666', NULL, NULL, NULL, 1, 0, 0, 1, 0);

-- --------------------------------------------------------

--
-- Table structure for table `wysylka`
--

CREATE TABLE `wysylka` (
  `id_wysylki` int(7) NOT NULL,
  `id_klienta_detalicznego` int(7) DEFAULT NULL,
  `id_klienta_hurtowego` int(7) DEFAULT NULL,
  `id_kierowcy` int(7) DEFAULT NULL,
  `data` varchar(19) DEFAULT NULL,
  `interwal` int(3) DEFAULT NULL,
  `adres` varchar(50) DEFAULT NULL,
  `status` varchar(20) DEFAULT NULL
) ENGINE=InnoDB DEFAULT CHARSET=utf8mb4 COLLATE=utf8mb4_general_ci;

--
-- Dumping data for table `wysylka`
--

INSERT INTO `wysylka` (`id_wysylki`, `id_klienta_detalicznego`, `id_klienta_hurtowego`, `id_kierowcy`, `data`, `interwal`, `adres`, `status`) VALUES
(1, NULL, 665, NULL, '10:14:37 17-06-2019', NULL, 'ulica Źródlana 54/69 17-261 Ostrowiec Świętokrzysk', 'zrealizowana'),
(2, NULL, 601, NULL, '20:28:53 04-08-2019', NULL, 'plac Orzeszkowej 91 51-642 Wodzisław Śląski', 'zrealizowana'),
(3, NULL, 701, NULL, '21:46:40 24-04-2019', NULL, 'al. Zacisze 15/91 13-551 Wałcz', 'zrealizowana'),
(4, NULL, 696, NULL, '17:06:48 05-05-2018', NULL, 'aleja Okrzei 28 42-990 Świętochłowice', 'zrealizowana'),
(5, NULL, 713, NULL, '17:12:59 06-12-2018', NULL, 'pl. Leśna 83/10 38-525 Kętrzyn', 'zrealizowana'),
(6, NULL, 635, NULL, '05:20:57 16-12-2015', NULL, 'plac Wiosenna 94/27 89-462 Lublin', 'zrealizowana'),
(7, NULL, 574, NULL, '08:07:50 07-03-2024', NULL, 'pl. Lisia 27 07-527 Tychy', 'zrealizowana'),
(8, NULL, 606, NULL, '10:01:33 18-11-2022', NULL, 'plac Makuszyńskiego 11 65-482 Lubliniec', 'zrealizowana'),
(9, NULL, 728, NULL, '11:18:47 26-11-2022', NULL, 'al. Torowa 45 13-808 Kielce', 'zrealizowana'),
(10, NULL, 610, NULL, '04:47:15 24-10-2016', NULL, 'ul. Stycznia 69 06-308 Płock', 'zrealizowana'),
(11, NULL, 616, NULL, '04:49:29 29-08-2016', NULL, 'ulica Sawickiej 98 07-461 Koło', 'zrealizowana'),
(12, NULL, 653, NULL, '15:45:57 07-07-2016', NULL, 'al. Gajowa 63/45 38-218 Lubin', 'zrealizowana'),
(13, NULL, 685, NULL, '02:17:42 09-11-2022', NULL, 'ulica Szpitalna 09/95 68-352 Piła', 'zrealizowana'),
(14, NULL, 625, NULL, '21:42:37 28-04-2021', NULL, 'ul. Kusocińskiego 098 24-262 Skarżysko-Kamienna', 'zrealizowana'),
(15, NULL, 625, NULL, '10:05:54 27-10-2018', NULL, 'aleja Tylna 98/51 53-528 Brodnica', 'zrealizowana'),
(16, NULL, 580, NULL, '07:20:24 04-02-2022', NULL, 'plac Szpitalna 270 77-656 Zakopane', 'zrealizowana'),
(17, NULL, 622, NULL, '09:51:34 13-09-2017', NULL, 'pl. Towarowa 742 02-975 Piaseczno', 'zrealizowana'),
(18, NULL, 692, NULL, '19:41:24 08-12-2023', NULL, 'aleja Letniskowa 00/62 05-819 Świdnik', 'zrealizowana'),
(19, NULL, 723, NULL, '13:19:06 20-03-2024', NULL, 'ul. Listopada 12/23 66-255 Marki', 'zrealizowana'),
(20, NULL, 622, NULL, '04:36:06 12-06-2015', NULL, 'ul. Wiklinowa 749 58-517 Żagań', 'zrealizowana'),
(21, NULL, 616, NULL, '10:53:58 05-04-2018', NULL, 'plac Leśna 830 93-971 Katowice', 'zrealizowana'),
(22, NULL, 670, NULL, '05:14:02 04-04-2015', NULL, 'ul. Wiązowa 69 59-898 Gliwice', 'zrealizowana'),
(23, NULL, 590, NULL, '02:54:58 14-01-2016', NULL, 'ul. Konstytucji 3 Maja 25/42 30-588 Stalowa Wola', 'zrealizowana'),
(24, NULL, 682, NULL, '15:27:42 19-07-2015', NULL, 'pl. Narcyzowa 12/32 18-973 Łomża', 'zrealizowana'),
(25, NULL, 738, NULL, '14:48:23 13-08-2019', NULL, 'ul. Olchowa 30/30 83-206 Marki', 'zrealizowana'),
(26, NULL, 741, NULL, '13:10:19 10-05-2022', NULL, 'ul. Prosta 39 60-822 Olkusz', 'zrealizowana'),
(27, NULL, 685, NULL, '17:50:04 01-10-2016', NULL, 'ulica Rubinowa 48/99 27-519 Dębica', 'zrealizowana'),
(28, NULL, 683, NULL, '09:22:16 25-05-2016', NULL, 'aleja Żabia 97/64 27-822 Bielsk Podlaski', 'zrealizowana'),
(29, NULL, 611, NULL, '13:57:55 19-10-2016', NULL, 'ul. Dobra 883 24-024 Bolesławiec', 'zrealizowana'),
(30, NULL, 693, NULL, '09:18:03 30-12-2016', NULL, 'ulica Szmaragdowa 94 99-788 Bytom', 'zrealizowana'),
(31, NULL, 571, NULL, '17:56:25 07-10-2023', NULL, 'ulica Cmentarna 540 11-195 Jelenia Góra', 'zrealizowana'),
(32, NULL, 647, NULL, '12:36:48 20-02-2020', NULL, 'ulica Środkowa 617 32-901 Lubartów', 'zrealizowana'),
(33, NULL, 577, NULL, '06:47:04 03-11-2022', NULL, 'ul. Kasztanowa 594 66-482 Polkowice', 'zrealizowana'),
(34, NULL, 657, NULL, '06:08:41 05-12-2019', NULL, 'ul. Reymonta 918 96-663 Mielec', 'zrealizowana'),
(35, NULL, 639, NULL, '23:58:31 10-10-2018', NULL, 'ul. Perłowa 07/58 41-785 Police', 'zrealizowana'),
(36, NULL, 611, NULL, '00:33:30 12-07-2019', NULL, 'pl. Lwowska 61 66-396 Zgorzelec', 'zrealizowana'),
(37, NULL, 581, NULL, '05:40:17 23-01-2021', NULL, 'ulica Wolności 312 28-523 Biłgoraj', 'zrealizowana'),
(38, NULL, 728, NULL, '13:50:36 23-12-2023', NULL, 'ul. Słowackiego 45/80 78-022 Nowy Sącz', 'zrealizowana'),
(39, NULL, 698, NULL, '19:41:14 12-04-2018', NULL, 'ul. Wiklinowa 34/99 44-717 Piekary Śląskie', 'zrealizowana'),
(40, NULL, 547, NULL, '10:42:53 05-05-2016', NULL, 'pl. Poznańska 78 30-397 Otwock', 'zrealizowana'),
(41, NULL, 719, NULL, '11:06:43 28-04-2023', NULL, 'ul. Śląska 83/73 23-333 Nowy Sącz', 'zrealizowana'),
(42, NULL, 573, NULL, '23:01:26 28-07-2022', NULL, 'aleja Olchowa 66/17 22-051 Żory', 'zrealizowana'),
(43, NULL, 704, NULL, '08:28:29 03-05-2022', NULL, 'ulica Leszczynowa 43 63-450 Częstochowa', 'zrealizowana'),
(44, NULL, 559, NULL, '14:20:58 12-08-2021', NULL, 'ul. Jasna 76/55 92-279 Jarosław', 'zrealizowana'),
(45, NULL, 721, NULL, '03:41:51 06-12-2023', NULL, 'al. Wojciecha 73/26 72-154 Opole', 'zrealizowana'),
(46, NULL, 715, NULL, '21:30:23 08-07-2021', NULL, 'aleja Piękna 379 58-261 Żary', 'zrealizowana'),
(47, NULL, 599, NULL, '19:58:17 02-09-2016', NULL, 'ul. Konstytucji 3 Maja 54 59-227 Toruń', 'zrealizowana'),
(48, NULL, 619, NULL, '10:39:05 11-06-2019', NULL, 'pl. Olchowa 61 10-533 Luboń', 'zrealizowana'),
(49, NULL, 715, NULL, '01:07:29 26-04-2019', NULL, 'al. Młyńska 71/69 21-926 Jasło', 'zrealizowana'),
(50, NULL, 574, NULL, '18:08:05 10-07-2019', NULL, 'aleja Wspólna 22/97 29-676 Bartoszyce', 'zrealizowana'),
(51, NULL, 705, NULL, '19:54:14 12-08-2019', NULL, 'aleja Letnia 906 42-619 Cieszyn', 'zrealizowana'),
(52, NULL, 553, NULL, '21:24:37 10-09-2016', NULL, 'pl. Jarzębinowa 525 56-950 Bielsk Podlaski', 'zrealizowana'),
(53, NULL, 701, NULL, '02:33:03 26-07-2023', NULL, 'pl. Powstańców Wielkopolskich 08/87 19-101 Grudzią', 'zrealizowana'),
(54, NULL, 627, NULL, '10:43:38 26-04-2015', NULL, 'ulica Akacjowa 99 52-765 Tarnowskie Góry', 'zrealizowana'),
(55, NULL, 663, NULL, '09:54:36 22-09-2020', NULL, 'ulica Gdańska 429 83-104 Kościan', 'zrealizowana'),
(56, NULL, 661, NULL, '15:59:24 16-07-2018', NULL, 'plac Wiązowa 64/08 72-856 Jawor', 'zrealizowana'),
(57, NULL, 630, NULL, '20:11:52 29-05-2023', NULL, 'ulica Składowa 67/56 55-437 Ciechanów', 'zrealizowana'),
(58, NULL, 547, NULL, '18:39:55 21-11-2022', NULL, 'ulica Bałtycka 62/74 60-743 Biłgoraj', 'zrealizowana'),
(59, NULL, 656, NULL, '02:35:57 23-04-2020', NULL, 'al. Podleśna 17 92-578 Reda', 'zrealizowana'),
(60, NULL, 621, NULL, '16:01:34 13-09-2020', NULL, 'plac Kowalska 539 55-112 Żywiec', 'zrealizowana'),
(61, NULL, 641, NULL, '08:17:39 25-06-2017', NULL, 'plac Kwiatowa 56 48-383 Dzierżoniów', 'zrealizowana'),
(62, NULL, 645, NULL, '11:26:25 18-05-2022', NULL, 'ul. Lwowska 741 58-678 Łuków', 'zrealizowana'),
(63, NULL, 721, NULL, '22:06:29 11-10-2018', NULL, 'pl. Pszenna 83 88-448 Wągrowiec', 'zrealizowana'),
(64, NULL, 562, NULL, '08:12:20 18-08-2018', NULL, 'al. Cisowa 99/66 67-421 Giżycko', 'zrealizowana'),
(65, NULL, 546, NULL, '18:28:13 27-07-2023', NULL, 'al. Górska 905 85-107 Tarnów', 'zrealizowana'),
(66, NULL, 633, NULL, '13:35:32 01-12-2023', NULL, 'aleja Łabędzia 303 50-138 Żagań', 'zrealizowana'),
(67, NULL, 716, NULL, '22:32:43 21-09-2018', NULL, 'ul. Sienkiewicza 82/96 51-273 Iława', 'zrealizowana'),
(68, NULL, 718, NULL, '09:59:31 11-01-2020', NULL, 'ulica Swierkowa 09 80-503 Lubin', 'zrealizowana'),
(69, NULL, 590, NULL, '17:06:54 28-01-2015', NULL, 'aleja Mazowiecka 14 33-103 Grudziądz', 'zrealizowana'),
(70, NULL, 637, NULL, '18:07:03 04-01-2021', NULL, 'plac Szymanowskiego 60 21-009 Przemyśl', 'zrealizowana'),
(71, NULL, 549, NULL, '03:31:39 29-10-2019', NULL, 'pl. Żeglarska 89 31-337 Wejherowo', 'zrealizowana'),
(72, NULL, 735, NULL, '11:19:39 04-01-2017', NULL, 'aleja Słonecznikowa 44 02-415 Marki', 'zrealizowana'),
(73, NULL, 668, NULL, '11:44:01 14-09-2017', NULL, 'ulica Grzybowa 79 29-195 Gorlice', 'zrealizowana'),
(74, NULL, 733, NULL, '19:39:38 07-10-2023', NULL, 'plac Słowianska 306 82-646 Pszczyna', 'zrealizowana'),
(75, NULL, 587, NULL, '11:38:30 24-02-2015', NULL, 'al. Olchowa 99/38 09-623 Dębica', 'zrealizowana'),
(76, NULL, 550, NULL, '12:06:59 23-11-2020', NULL, 'pl. Agrestowa 53 44-080 Płock', 'zrealizowana'),
(77, NULL, 603, NULL, '00:58:02 06-05-2020', NULL, 'plac Lotnicza 58 16-901 Łaziska Górne', 'zrealizowana'),
(78, NULL, 665, NULL, '01:58:08 29-04-2022', NULL, 'al. Rolnicza 89/69 09-666 Gorzów Wielkopolski', 'zrealizowana'),
(79, NULL, 682, NULL, '16:28:02 12-01-2016', NULL, 'pl. Rejtana 57/64 43-292 Skawina', 'zrealizowana'),
(80, NULL, 607, NULL, '15:02:59 19-02-2017', NULL, 'aleja Grunwaldzka 382 28-605 Brodnica', 'zrealizowana'),
(81, NULL, 560, NULL, '21:06:55 19-02-2015', NULL, 'al. Szczęśliwa 404 95-785 Żyrardów', 'zrealizowana'),
(82, NULL, 661, NULL, '07:19:03 05-01-2019', NULL, 'aleja Wiejska 59 88-803 Lublin', 'zrealizowana'),
(83, NULL, 545, NULL, '20:37:19 15-08-2017', NULL, 'pl. Działkowa 44/73 29-048 Legionowo', 'zrealizowana'),
(84, NULL, 672, NULL, '00:42:17 02-06-2021', NULL, 'plac Młynarska 32 57-055 Ruda Śląska', 'zrealizowana'),
(85, NULL, 625, NULL, '04:42:33 30-06-2021', NULL, 'al. Myśliwska 53 96-318 Turek', 'zrealizowana'),
(86, NULL, 604, NULL, '11:04:10 28-09-2015', NULL, 'plac Mazurska 28 67-991 Tomaszów Mazowiecki', 'zrealizowana'),
(87, NULL, 593, NULL, '23:50:04 17-12-2023', NULL, 'plac Agrestowa 962 31-765 Wieluń', 'zrealizowana'),
(88, NULL, 579, NULL, '07:31:52 21-03-2017', NULL, 'al. Długa 465 16-051 Kętrzyn', 'zrealizowana'),
(89, NULL, 702, NULL, '06:19:29 16-12-2022', NULL, 'plac Rózana 669 79-393 Kołobrzeg', 'zrealizowana'),
(90, NULL, 735, NULL, '18:37:07 15-03-2024', NULL, 'pl. Składowa 361 65-358 Stalowa Wola', 'zrealizowana'),
(91, NULL, 595, NULL, '18:28:58 23-04-2023', NULL, 'pl. Jaśminowa 72 81-477 Kościan', 'zrealizowana'),
(92, NULL, 632, NULL, '11:57:56 16-10-2015', NULL, 'plac Orkana 45 47-538 Jasło', 'zrealizowana'),
(93, NULL, 632, NULL, '11:50:32 21-01-2024', NULL, 'ul. Południowa 59 69-759 Jarosław', 'zrealizowana'),
(94, NULL, 728, NULL, '04:37:39 28-09-2016', NULL, 'ul. Jaśminowa 242 79-451 Olkusz', 'zrealizowana'),
(95, NULL, 672, NULL, '23:11:13 09-03-2019', NULL, 'plac Stawowa 85/75 62-819 Siemianowice Śląskie', 'zrealizowana'),
(96, NULL, 712, NULL, '23:22:02 27-10-2019', NULL, 'aleja Konarskiego 553 32-075 Augustów', 'zrealizowana'),
(97, NULL, 579, NULL, '22:08:05 07-09-2023', NULL, 'plac Niepodległości 96 98-567 Chorzów', 'zrealizowana'),
(98, NULL, 606, NULL, '13:21:15 06-02-2017', NULL, 'plac Konwaliowa 328 55-542 Czerwionka-Leszczyny', 'zrealizowana'),
(99, NULL, 586, NULL, '19:47:37 27-11-2015', NULL, 'ulica Świerczewskiego 73 56-857 Jastrzębie-Zdrój', 'zrealizowana'),
(100, NULL, 707, NULL, '00:33:26 14-06-2017', NULL, 'ulica Kruczkowskiego 551 73-248 Nowa Ruda', 'zrealizowana'),
(101, NULL, 707, NULL, '20:27:51 19-06-2018', NULL, 'ulica Maczka 402 40-561 Oława', 'zrealizowana'),
(102, NULL, 550, NULL, '04:08:23 15-03-2023', NULL, 'plac Jagodowa 82 53-486 Zakopane', 'zrealizowana'),
(103, NULL, 548, NULL, '10:16:11 01-11-2016', NULL, 'al. Rataja 81/17 41-831 Leszno', 'zrealizowana'),
(104, NULL, 694, NULL, '08:17:09 05-05-2020', NULL, 'ul. Szczęśliwa 77/05 05-362 Tarnów', 'zrealizowana'),
(105, NULL, 689, NULL, '17:23:31 15-07-2021', NULL, 'ulica Szeroka 33/85 61-656 Świecie', 'zrealizowana'),
(106, NULL, 712, NULL, '23:43:17 07-10-2021', NULL, 'ul. Świerczewskiego 80 07-290 Oleśnica', 'zrealizowana'),
(107, NULL, 654, NULL, '04:40:18 26-11-2023', NULL, 'plac Grottgera 30/43 78-859 Malbork', 'zrealizowana'),
(108, NULL, 692, NULL, '04:14:51 05-05-2015', NULL, 'plac Bolesława Chrobrego 97/51 83-149 Bolesławiec', 'zrealizowana'),
(109, NULL, 684, NULL, '03:31:34 10-06-2022', NULL, 'al. Wiatraczna 48/44 93-760 Września', 'zrealizowana'),
(110, NULL, 653, NULL, '23:03:12 11-12-2016', NULL, 'ul. Kraszewskiego 73 95-426 Racibórz', 'zrealizowana'),
(111, NULL, 599, NULL, '03:30:54 03-03-2019', NULL, 'al. Błękitna 89/23 59-955 Skawina', 'zrealizowana'),
(112, NULL, 645, NULL, '18:53:11 18-04-2017', NULL, 'plac Widokowa 954 84-775 Sopot', 'zrealizowana'),
(113, NULL, 543, NULL, '13:10:01 30-06-2015', NULL, 'ul. Dobra 34/37 50-772 Świnoujście', 'zrealizowana'),
(114, NULL, 543, NULL, '11:00:38 29-11-2023', NULL, 'ul. Drzymały 52/70 73-990 Racibórz', 'zrealizowana'),
(115, NULL, 653, NULL, '10:32:29 29-08-2019', NULL, 'aleja Owocowa 009 27-849 Zabrze', 'zrealizowana'),
(116, NULL, 587, NULL, '11:57:39 02-09-2015', NULL, 'plac Poznańska 78 85-119 Wrocław', 'zrealizowana'),
(117, NULL, 677, NULL, '07:51:11 26-02-2016', NULL, 'ulica Agrestowa 993 39-183 Lębork', 'zrealizowana'),
(118, NULL, 642, NULL, '20:39:02 13-05-2015', NULL, 'aleja Broniewskiego 37 44-342 Knurów', 'zrealizowana'),
(119, NULL, 715, NULL, '13:11:48 10-03-2019', NULL, 'pl. Tylna 22/63 17-585 Kościan', 'zrealizowana'),
(120, NULL, 684, NULL, '16:01:29 20-04-2021', NULL, 'aleja Mickiewicza 59 33-151 Siemianowice Śląskie', 'zrealizowana'),
(121, NULL, 716, NULL, '05:13:29 02-12-2023', NULL, 'pl. Żurawia 37 25-986 Kołobrzeg', 'zrealizowana'),
(122, NULL, 706, NULL, '16:01:59 12-01-2019', NULL, 'pl. Popiełuszki 93/12 79-173 Leszno', 'zrealizowana'),
(123, NULL, 619, NULL, '14:38:00 15-05-2018', NULL, 'al. Bociania 48/21 93-691 Czechowice-Dziedzice', 'zrealizowana'),
(124, NULL, 571, NULL, '17:19:31 30-04-2022', NULL, 'aleja Wiklinowa 92/87 47-692 Świnoujście', 'zrealizowana'),
(125, NULL, 575, NULL, '03:44:43 29-10-2016', NULL, 'ulica Młynarska 55 81-637 Myszków', 'zrealizowana'),
(126, NULL, 583, NULL, '20:39:26 27-08-2022', NULL, 'ul. Szarych Szeregów 49 33-083 Bielsko-Biała', 'zrealizowana'),
(127, NULL, 655, NULL, '11:26:36 01-02-2015', NULL, 'plac Tartaczna 73/09 01-599 Tczew', 'zrealizowana'),
(128, NULL, 603, NULL, '09:48:25 09-06-2016', NULL, 'aleja Bolesława Chrobrego 971 46-333 Jasło', 'zrealizowana'),
(129, NULL, 577, NULL, '13:41:48 14-03-2021', NULL, 'ulica Zielna 415 21-383 Piotrków Trybunalski', 'zrealizowana'),
(130, NULL, 591, NULL, '08:47:42 17-03-2020', NULL, 'ulica Wspólna 329 57-903 Wałbrzych', 'zrealizowana'),
(131, NULL, 586, NULL, '13:47:03 05-08-2023', NULL, 'ulica Częstochowska 698 34-475 Kielce', 'zrealizowana'),
(132, NULL, 643, NULL, '01:04:09 06-02-2016', NULL, 'al. Podmiejska 57/21 99-244 Malbork', 'zrealizowana'),
(133, NULL, 579, NULL, '11:26:56 08-06-2020', NULL, 'ul. Zdrojowa 80/76 73-252 Biała Podlaska', 'zrealizowana'),
(134, NULL, 588, NULL, '17:27:30 25-11-2018', NULL, 'ulica Krańcowa 87/22 87-472 Olsztyn', 'zrealizowana'),
(135, NULL, 654, NULL, '21:04:14 02-11-2015', NULL, 'aleja Jaśminowa 37/19 13-624 Bielsk Podlaski', 'zrealizowana'),
(136, NULL, 596, NULL, '12:06:11 29-06-2022', NULL, 'ul. Prosta 48 23-523 Gniezno', 'zrealizowana'),
(137, NULL, 569, NULL, '12:36:10 04-04-2021', NULL, 'plac Kielecka 811 94-186 Kędzierzyn-Koźle', 'zrealizowana'),
(138, NULL, 672, NULL, '04:25:18 28-01-2019', NULL, 'ulica Dworska 11/17 91-384 Łaziska Górne', 'zrealizowana'),
(139, NULL, 624, NULL, '09:54:40 27-07-2023', NULL, 'ul. Kolorowa 293 87-318 Świdnica', 'zrealizowana'),
(140, NULL, 545, NULL, '05:53:34 02-01-2020', NULL, 'aleja Żwirki i Wigury 149 53-380 Stalowa Wola', 'zrealizowana'),
(141, NULL, 683, NULL, '02:52:02 17-09-2021', NULL, 'aleja Malczewskiego 98/99 67-934 Szczytno', 'zrealizowana'),
(142, NULL, 547, NULL, '09:48:16 08-05-2021', NULL, 'ul. Krucza 371 07-579 Opole', 'zrealizowana'),
(143, NULL, 595, NULL, '13:39:41 29-07-2016', NULL, 'al. Czarnieckiego 084 12-469 Śrem', 'zrealizowana'),
(144, NULL, 697, NULL, '22:42:35 13-03-2023', NULL, 'al. Krakowska 17 29-583 Malbork', 'zrealizowana'),
(145, NULL, 586, NULL, '20:04:12 12-08-2020', NULL, 'pl. Błękitna 53/64 35-832 Kraków', 'zrealizowana'),
(146, NULL, 670, NULL, '07:18:25 27-02-2022', NULL, 'aleja Browarna 84 34-047 Ostrów Wielkopolski', 'zrealizowana'),
(147, NULL, 585, NULL, '05:52:46 12-03-2015', NULL, 'pl. Wierzbowa 99 36-974 Zabrze', 'zrealizowana'),
(148, NULL, 561, NULL, '12:41:09 24-10-2019', NULL, 'al. Solidarnosci 55 02-029 Ciechanów', 'zrealizowana'),
(149, NULL, 561, NULL, '07:20:15 24-06-2017', NULL, 'plac Piastowska 36/26 45-690 Sochaczew', 'zrealizowana'),
(150, NULL, 728, NULL, '01:50:51 21-10-2020', NULL, 'ul. Sybiraków 079 62-740 Kraków', 'zrealizowana'),
(151, NULL, 621, NULL, '23:47:59 24-07-2020', NULL, 'ul. Chabrowa 276 24-111 Elbląg', 'zrealizowana'),
(152, NULL, 677, NULL, '10:47:28 25-08-2020', NULL, 'ulica Urocza 699 40-941 Wągrowiec', 'zrealizowana'),
(153, NULL, 653, NULL, '08:07:32 17-10-2021', NULL, 'aleja Słowianska 93 23-121 Reda', 'zrealizowana'),
(154, NULL, 590, NULL, '16:45:47 16-11-2016', NULL, 'ulica Szmaragdowa 63 93-046 Kwidzyn', 'zrealizowana'),
(155, NULL, 694, NULL, '11:14:36 24-04-2022', NULL, 'ulica Wiśniowa 427 56-411 Rumia', 'zrealizowana'),
(156, NULL, 697, NULL, '13:20:45 26-08-2019', NULL, 'plac Kruczkowskiego 16 86-937 Wodzisław Śląski', 'zrealizowana'),
(157, NULL, 720, NULL, '17:30:00 16-12-2017', NULL, 'plac Sawickiej 49 56-805 Racibórz', 'zrealizowana'),
(158, NULL, 603, NULL, '19:24:23 02-09-2016', NULL, 'ulica Okulickiego 59/15 85-680 Piaseczno', 'zrealizowana'),
(159, NULL, 640, NULL, '18:53:16 10-08-2018', NULL, 'ulica Królewska 06/05 71-637 Gorlice', 'zrealizowana'),
(160, NULL, 680, NULL, '05:43:20 10-02-2022', NULL, 'ulica Głogowa 89 75-835 Oława', 'zrealizowana'),
(161, NULL, 564, NULL, '18:09:31 14-07-2015', NULL, 'aleja Lawendowa 779 69-974 Cieszyn', 'zrealizowana'),
(162, NULL, 679, NULL, '04:51:59 24-07-2017', NULL, 'pl. Piaskowa 27 17-185 Swarzędz', 'zrealizowana'),
(163, NULL, 676, NULL, '00:18:50 19-01-2024', NULL, 'pl. Lipca 05/82 28-001 Żory', 'zrealizowana'),
(164, NULL, 681, NULL, '04:33:55 04-06-2016', NULL, 'ul. Żurawia 00 53-527 Bełchatów', 'zrealizowana'),
(165, NULL, 568, NULL, '06:00:43 26-06-2017', NULL, 'plac Makowa 34 15-721 Turek', 'zrealizowana'),
(166, NULL, 612, NULL, '22:46:05 01-11-2021', NULL, 'aleja Dąbrowskiego 84 80-633 Bochnia', 'zrealizowana'),
(167, NULL, 734, NULL, '20:57:00 19-02-2018', NULL, 'al. Łączna 854 08-512 Police', 'zrealizowana'),
(168, NULL, 600, NULL, '05:29:21 02-04-2016', NULL, 'al. Bankowa 65/47 92-824 Pruszków', 'zrealizowana'),
(169, NULL, 697, NULL, '17:37:00 02-07-2017', NULL, 'aleja Broniewskiego 45/14 39-517 Włocławek', 'zrealizowana'),
(170, NULL, 574, NULL, '11:05:59 08-12-2022', NULL, 'pl. Skrajna 33/21 42-283 Koło', 'zrealizowana'),
(171, NULL, 705, NULL, '08:21:16 20-11-2019', NULL, 'aleja Radosna 911 17-096 Tarnobrzeg', 'zrealizowana'),
(172, NULL, 550, NULL, '09:08:10 12-02-2016', NULL, 'pl. Daszyńskiego 390 30-695 Bochnia', 'zrealizowana'),
(173, NULL, 628, NULL, '21:52:33 08-07-2015', NULL, 'ulica Żytnia 99 42-379 Puławy', 'zrealizowana'),
(174, NULL, 711, NULL, '05:21:10 25-08-2015', NULL, 'ul. Olchowa 212 13-969 Jarocin', 'zrealizowana'),
(175, NULL, 716, NULL, '23:17:15 11-05-2015', NULL, 'ulica Jasna 442 72-230 Gorlice', 'zrealizowana'),
(176, NULL, 663, NULL, '06:18:00 27-08-2016', NULL, 'pl. Rynek 84/59 07-592 Kłodzko', 'zrealizowana'),
(177, NULL, 573, NULL, '08:17:56 13-08-2021', NULL, 'aleja Hallera 97 74-352 Dębica', 'zrealizowana'),
(178, NULL, 622, NULL, '09:14:27 17-01-2020', NULL, 'ulica Krokusowa 928 34-084 Stalowa Wola', 'zrealizowana'),
(179, NULL, 651, NULL, '22:53:51 30-01-2021', NULL, 'ulica Krokusowa 37 34-941 Żory', 'zrealizowana'),
(180, NULL, 565, NULL, '20:04:37 20-02-2018', NULL, 'aleja Brzechwy 36 19-588 Wejherowo', 'zrealizowana'),
(181, NULL, 612, NULL, '00:01:29 26-01-2024', NULL, 'aleja Robotnicza 64/00 73-041 Sosnowiec', 'zrealizowana'),
(182, NULL, 587, NULL, '04:45:11 25-10-2015', NULL, 'aleja Powstańców Wielkopolskich 63/19 80-704 Wyszk', 'zrealizowana'),
(183, NULL, 628, NULL, '05:03:12 16-11-2020', NULL, 'ul. Kruczkowskiego 05/97 55-871 Sosnowiec', 'zrealizowana'),
(184, NULL, 685, NULL, '22:29:50 03-03-2022', NULL, 'aleja Żwirowa 87 42-580 Pruszków', 'zrealizowana'),
(185, NULL, 709, NULL, '09:29:43 05-07-2020', NULL, 'ul. Słoneczna 13 25-236 Skawina', 'zrealizowana'),
(186, NULL, 664, NULL, '17:59:16 11-08-2019', NULL, 'ul. Fredry 293 07-525 Sochaczew', 'zrealizowana'),
(187, NULL, 581, NULL, '18:02:19 04-01-2017', NULL, 'plac Kasprowicza 77/21 35-935 Zabrze', 'zrealizowana'),
(188, NULL, 619, NULL, '03:51:43 10-09-2023', NULL, 'plac Podgórna 98 80-224 Ostrołęka', 'zrealizowana'),
(189, NULL, 633, NULL, '20:13:17 07-06-2015', NULL, 'ul. Fabryczna 33/14 17-524 Bielsk Podlaski', 'zrealizowana'),
(190, NULL, 583, NULL, '08:10:19 19-06-2020', NULL, 'al. Wyzwolenia 43/75 55-055 Giżycko', 'zrealizowana'),
(191, NULL, 679, NULL, '21:31:18 17-05-2021', NULL, 'ulica Solidarnosci 60 49-372 Rumia', 'zrealizowana'),
(192, NULL, 624, NULL, '13:56:56 27-07-2020', NULL, 'pl. Olchowa 841 77-589 Łódź', 'zrealizowana'),
(193, NULL, 671, NULL, '17:55:29 08-02-2023', NULL, 'ulica Wiatraczna 32/88 59-464 Police', 'zrealizowana'),
(194, NULL, 635, NULL, '12:10:57 26-08-2019', NULL, 'ulica Wypoczynkowa 67 71-190 Wodzisław Śląski', 'zrealizowana'),
(195, NULL, 623, NULL, '07:49:37 27-01-2020', NULL, 'ulica Fabryczna 41 20-642 Szczecinek', 'zrealizowana'),
(196, NULL, 678, NULL, '02:50:40 30-03-2023', NULL, 'ul. Kamienna 45 55-610 Starachowice', 'zrealizowana'),
(197, NULL, 666, NULL, '12:19:14 11-10-2020', NULL, 'ul. Południowa 76/45 09-242 Łuków', 'zrealizowana'),
(198, NULL, 565, NULL, '07:06:53 11-11-2016', NULL, 'aleja Jaśminowa 35/38 73-539 Piła', 'zrealizowana'),
(199, NULL, 562, NULL, '09:40:19 13-10-2021', NULL, 'plac Kopernika 75 44-355 Bydgoszcz', 'zrealizowana'),
(200, NULL, 686, NULL, '00:07:15 10-03-2021', NULL, 'ulica Spacerowa 52/79 88-673 Łowicz', 'zrealizowana'),
(201, 436, NULL, NULL, '20:56:02 28-12-2016', NULL, 'pl. Środkowa 508 96-318 Świdnica', 'zrealizowana'),
(202, 355, NULL, NULL, '10:54:15 28-07-2018', NULL, 'plac Asnyka 15/72 74-340 Nysa', 'zrealizowana'),
(203, 131, NULL, NULL, '21:48:19 06-12-2023', NULL, 'aleja Wyspiańskiego 165 46-587 Marki', 'zrealizowana'),
(204, 500, NULL, NULL, '10:04:26 23-12-2021', NULL, 'plac Cisowa 10 51-900 Grudziądz', 'zrealizowana'),
(205, 299, NULL, NULL, '22:09:14 08-03-2019', NULL, 'plac Torowa 99/12 78-999 Kościan', 'zrealizowana'),
(206, 363, NULL, NULL, '23:32:50 06-04-2023', NULL, 'aleja Reja 186 48-433 Kłodzko', 'zrealizowana'),
(207, 193, NULL, NULL, '10:29:26 30-07-2021', NULL, 'ulica Jana 518 78-512 Augustów', 'zrealizowana'),
(208, 117, NULL, NULL, '17:00:50 03-10-2015', NULL, 'al. Turkusowa 18/79 62-986 Piekary Śląskie', 'zrealizowana'),
(209, 230, NULL, NULL, '10:40:30 25-07-2019', NULL, 'al. Promienna 881 11-381 Racibórz', 'zrealizowana'),
(210, 376, NULL, NULL, '14:03:05 03-09-2015', NULL, 'ul. Zakątek 46/41 21-885 Płońsk', 'zrealizowana'),
(211, 273, NULL, NULL, '00:30:19 15-08-2016', NULL, 'pl. Fredry 164 74-633 Mielec', 'zrealizowana'),
(212, 84, NULL, NULL, '04:29:59 06-09-2021', NULL, 'ul. Głowackiego 818 27-139 Rybnik', 'zrealizowana'),
(213, 433, NULL, NULL, '18:50:05 18-05-2020', NULL, 'pl. Kazimierza Wielkiego 01/38 12-920 Bolesławiec', 'zrealizowana'),
(214, 56, NULL, NULL, '20:47:54 11-04-2016', NULL, 'plac Reymonta 21/66 73-783 Lębork', 'zrealizowana'),
(215, 217, NULL, NULL, '04:28:45 20-11-2023', NULL, 'plac Wspólna 633 50-784 Ostróda', 'zrealizowana'),
(216, 181, NULL, NULL, '17:07:23 25-03-2018', NULL, 'pl. Orkana 48/72 66-402 Żagań', 'zrealizowana'),
(217, 177, NULL, NULL, '19:10:38 20-12-2017', NULL, 'ul. Miła 56 30-440 Żywiec', 'zrealizowana'),
(218, 473, NULL, NULL, '18:19:55 28-11-2023', NULL, 'ul. Okulickiego 42 81-093 Starachowice', 'zrealizowana'),
(219, 233, NULL, NULL, '01:55:36 02-10-2020', NULL, 'plac Boczna 90 60-980 Tychy', 'zrealizowana'),
(220, 411, NULL, NULL, '17:08:27 16-01-2017', NULL, 'pl. Szmaragdowa 193 24-231 Koszalin', 'zrealizowana'),
(221, 256, NULL, NULL, '07:09:42 26-08-2018', NULL, 'plac Wąska 80 46-180 Nowy Targ', 'zrealizowana'),
(222, 236, NULL, NULL, '01:28:42 10-10-2022', NULL, 'ulica Majowa 51/73 58-947 Nowa Sól', 'zrealizowana'),
(223, 445, NULL, NULL, '14:06:01 08-10-2021', NULL, 'al. Widokowa 007 10-905 Ostróda', 'zrealizowana'),
(224, 460, NULL, NULL, '09:57:19 09-06-2018', NULL, 'pl. Wypoczynkowa 020 18-635 Bielsko-Biała', 'zrealizowana'),
(225, 219, NULL, NULL, '18:13:33 12-12-2020', NULL, 'ulica Asnyka 007 33-402 Gorzów Wielkopolski', 'zrealizowana'),
(226, 93, NULL, NULL, '14:31:52 16-09-2023', NULL, 'plac Robotnicza 06/75 53-006 Nysa', 'zrealizowana'),
(227, 185, NULL, NULL, '21:01:24 21-10-2015', NULL, 'al. Stawowa 34/26 43-173 Zgierz', 'zrealizowana'),
(228, 287, NULL, NULL, '07:08:07 09-04-2023', NULL, 'ul. Gajowa 582 20-748 Ostrołęka', 'zrealizowana'),
(229, 122, NULL, NULL, '19:37:34 10-09-2015', NULL, 'plac Szarych Szeregów 57 89-029 Przemyśl', 'zrealizowana'),
(230, 78, NULL, NULL, '10:24:02 22-05-2020', NULL, 'al. Krakowska 48/84 71-557 Żyrardów', 'zrealizowana'),
(231, 461, NULL, NULL, '18:35:11 08-09-2020', NULL, 'pl. Drzymały 67/67 99-830 Wałcz', 'zrealizowana'),
(232, 78, NULL, NULL, '13:28:27 16-05-2022', NULL, 'aleja Zakole 89 29-600 Luboń', 'zrealizowana'),
(233, 487, NULL, NULL, '21:06:30 26-09-2016', NULL, 'al. Wąska 72/75 24-053 Krosno', 'zrealizowana'),
(234, 100, NULL, NULL, '22:55:26 08-06-2019', NULL, 'ul. Truskawkowa 84/96 78-586 Goleniów', 'zrealizowana'),
(235, 371, NULL, NULL, '20:09:44 01-04-2020', NULL, 'ulica Kielecka 162 31-933 Bydgoszcz', 'zrealizowana'),
(236, 208, NULL, NULL, '22:35:31 14-11-2023', NULL, 'ulica Wspólna 13 24-950 Mława', 'zrealizowana'),
(237, 363, NULL, NULL, '14:45:50 14-12-2016', NULL, 'al. Rajska 21 10-872 Lubartów', 'zrealizowana'),
(238, 321, NULL, NULL, '18:31:20 18-10-2016', NULL, 'plac Starowiejska 38 06-287 Piotrków Trybunalski', 'zrealizowana'),
(239, 308, NULL, NULL, '07:35:45 27-08-2015', NULL, 'aleja Tysiąclecia 39/69 33-945 Dąbrowa Górnicza', 'zrealizowana'),
(240, 410, NULL, NULL, '13:42:46 07-01-2022', NULL, 'al. Wczasowa 60 14-400 Krosno', 'zrealizowana'),
(241, 473, NULL, NULL, '20:22:59 24-02-2021', NULL, 'ulica Krasińskiego 197 72-217 Bielsko-Biała', 'zrealizowana'),
(242, 150, NULL, NULL, '04:51:17 24-11-2021', NULL, 'ul. Kołłątaja 270 10-218 Bartoszyce', 'zrealizowana'),
(243, 142, NULL, NULL, '20:47:21 18-04-2022', NULL, 'al. Okrzei 29 84-243 Jawor', 'zrealizowana'),
(244, 77, NULL, NULL, '06:36:02 31-03-2016', NULL, 'plac Łączna 44 60-895 Płońsk', 'zrealizowana'),
(245, 309, NULL, NULL, '06:07:52 07-05-2016', NULL, 'plac Jaworowa 33 04-646 Warszawa', 'zrealizowana'),
(246, 211, NULL, NULL, '12:17:43 12-10-2020', NULL, 'aleja Rycerska 14/23 80-186 Zielona Góra', 'zrealizowana'),
(247, 270, NULL, NULL, '10:46:50 30-10-2016', NULL, 'aleja Dolna 60/06 69-159 Elbląg', 'zrealizowana'),
(248, 47, NULL, NULL, '15:30:20 20-09-2019', NULL, 'plac Ciasna 306 31-599 Tychy', 'zrealizowana'),
(249, 474, NULL, NULL, '05:00:36 28-09-2018', NULL, 'aleja Jana 96/42 31-211 Sochaczew', 'zrealizowana'),
(250, 456, NULL, NULL, '13:18:19 14-03-2018', NULL, 'ul. Stroma 819 14-730 Pabianice', 'zrealizowana'),
(251, 175, NULL, NULL, '16:39:50 02-08-2023', NULL, 'pl. Paderewskiego 024 16-633 Lubliniec', 'zrealizowana'),
(252, 285, NULL, NULL, '12:30:09 23-02-2023', NULL, 'ulica Sowia 96/32 53-253 Ełk', 'zrealizowana'),
(253, 154, NULL, NULL, '04:48:05 27-12-2017', NULL, 'ulica Magnoliowa 59/05 76-114 Przemyśl', 'zrealizowana'),
(254, 381, NULL, NULL, '23:41:02 08-11-2019', NULL, 'plac Słowicza 58 89-926 Łowicz', 'zrealizowana'),
(255, 317, NULL, NULL, '04:51:47 03-02-2023', NULL, 'plac Tuwima 96 91-363 Słupsk', 'zrealizowana'),
(256, 188, NULL, NULL, '10:39:02 24-08-2019', NULL, 'al. Żeromskiego 232 42-005 Nowa Sól', 'zrealizowana'),
(257, 459, NULL, NULL, '11:39:13 19-01-2020', NULL, 'al. Jagodowa 54/85 63-291 Kędzierzyn-Koźle', 'zrealizowana'),
(258, 199, NULL, NULL, '21:15:21 24-05-2019', NULL, 'al. Miłosza 944 96-388 Kędzierzyn-Koźle', 'zrealizowana'),
(259, 104, NULL, NULL, '18:33:21 06-11-2020', NULL, 'plac Żytnia 77 89-867 Bielsko-Biała', 'zrealizowana'),
(260, 524, NULL, NULL, '12:46:18 04-01-2018', NULL, 'ulica Orkana 86 55-394 Kołobrzeg', 'zrealizowana'),
(261, 156, NULL, NULL, '09:05:17 21-12-2016', NULL, 'ulica Skośna 753 76-075 Piaseczno', 'zrealizowana'),
(262, 218, NULL, NULL, '08:11:48 28-01-2018', NULL, 'al. Wyszyńskiego 311 63-804 Swarzędz', 'zrealizowana'),
(263, 328, NULL, NULL, '03:31:45 23-07-2020', NULL, 'plac Krzywa 95/18 89-406 Ostrów Wielkopolski', 'zrealizowana'),
(264, 355, NULL, NULL, '08:30:01 01-12-2020', NULL, 'ul. Myśliwska 28 58-927 Tarnów', 'zrealizowana'),
(265, 265, NULL, NULL, '20:12:21 10-08-2018', NULL, 'al. Jabłoniowa 52 95-548 Szczecinek', 'zrealizowana'),
(266, 491, NULL, NULL, '11:38:00 14-03-2023', NULL, 'ulica Mokra 677 10-282 Oświęcim', 'zrealizowana'),
(267, 74, NULL, NULL, '20:51:19 21-09-2017', NULL, 'plac Radosna 033 06-958 Częstochowa', 'zrealizowana'),
(268, 435, NULL, NULL, '02:07:38 25-05-2019', NULL, 'ulica Brzechwy 82/23 15-918 Chrzanów', 'zrealizowana'),
(269, 402, NULL, NULL, '10:25:30 14-09-2022', NULL, 'ul. Brzoskwiniowa 276 16-386 Kutno', 'zrealizowana'),
(270, 524, NULL, NULL, '19:35:07 14-09-2022', NULL, 'pl. Prusa 277 58-235 Pabianice', 'zrealizowana'),
(271, 225, NULL, NULL, '10:29:35 06-07-2018', NULL, 'aleja Jarzębinowa 74 24-754 Puławy', 'zrealizowana'),
(272, 433, NULL, NULL, '11:34:21 24-11-2017', NULL, 'al. Rubinowa 29 37-162 Kętrzyn', 'zrealizowana'),
(273, 392, NULL, NULL, '00:50:27 30-09-2016', NULL, 'plac Kaszubska 65 65-704 Lublin', 'zrealizowana'),
(274, 184, NULL, NULL, '17:04:01 15-01-2021', NULL, 'al. Wesoła 61 78-792 Wodzisław Śląski', 'zrealizowana'),
(275, 333, NULL, NULL, '13:08:22 08-12-2020', NULL, 'ulica Łanowa 028 91-867 Skawina', 'zrealizowana'),
(276, 392, NULL, NULL, '22:52:15 24-12-2016', NULL, 'ulica Miarki 41/05 91-129 Brodnica', 'zrealizowana'),
(277, 432, NULL, NULL, '13:46:29 25-10-2015', NULL, 'aleja Lelewela 613 17-543 Gdynia', 'zrealizowana'),
(278, 475, NULL, NULL, '20:27:03 08-11-2020', NULL, 'al. Podgórna 91/76 84-336 Krosno', 'zrealizowana'),
(279, 82, NULL, NULL, '00:31:02 23-01-2024', NULL, 'ul. Wojciecha 74 59-781 Piaseczno', 'zrealizowana'),
(280, 432, NULL, NULL, '19:50:12 08-07-2017', NULL, 'plac Wiązowa 47/00 56-201 Środa Wielkopolska', 'zrealizowana'),
(281, 369, NULL, NULL, '12:00:19 16-12-2019', NULL, 'aleja Błękitna 476 68-506 Reda', 'zrealizowana'),
(282, 533, NULL, NULL, '22:16:54 30-01-2017', NULL, 'al. Orkana 631 23-903 Piekary Śląskie', 'zrealizowana'),
(283, 482, NULL, NULL, '13:12:29 06-08-2023', NULL, 'ul. Lipowa 79 60-454 Ostrów Wielkopolski', 'zrealizowana'),
(284, 271, NULL, NULL, '11:45:27 21-10-2019', NULL, 'aleja Księżycowa 554 25-756 Białogard', 'zrealizowana'),
(285, 341, NULL, NULL, '05:23:54 07-07-2021', NULL, 'ul. Niecała 746 92-001 Elbląg', 'zrealizowana'),
(286, 160, NULL, NULL, '04:15:15 22-04-2017', NULL, 'ul. Górska 21 96-481 Ostrołęka', 'zrealizowana'),
(287, 54, NULL, NULL, '01:31:50 04-11-2023', NULL, 'aleja Lubelska 348 07-865 Zgierz', 'zrealizowana'),
(288, 344, NULL, NULL, '06:47:43 25-07-2020', NULL, 'pl. Jaśminowa 55/73 04-236 Legnica', 'zrealizowana'),
(289, 92, NULL, NULL, '03:35:24 21-10-2022', NULL, 'ulica Bukowa 16 45-929 Chełm', 'zrealizowana'),
(290, 348, NULL, NULL, '11:54:22 31-07-2023', NULL, 'ul. Tysiąclecia 83 48-262 Zgorzelec', 'zrealizowana'),
(291, 426, NULL, NULL, '12:21:51 16-02-2021', NULL, 'al. Maja 79 71-741 Świecie', 'zrealizowana'),
(292, 137, NULL, NULL, '05:23:19 31-03-2023', NULL, 'pl. Mała 738 20-249 Reda', 'zrealizowana'),
(293, 152, NULL, NULL, '22:03:08 05-07-2019', NULL, 'ulica Robotnicza 22/38 33-776 Tomaszów Mazowiecki', 'zrealizowana'),
(294, 299, NULL, NULL, '17:07:56 13-09-2023', NULL, 'ulica Pszenna 526 94-130 Tarnobrzeg', 'zrealizowana'),
(295, 391, NULL, NULL, '22:36:44 20-09-2015', NULL, 'pl. Bałtycka 277 13-417 Goleniów', 'zrealizowana'),
(296, 356, NULL, NULL, '02:06:56 14-01-2018', NULL, 'ul. Miła 354 32-019 Skierniewice', 'zrealizowana'),
(297, 272, NULL, NULL, '16:21:48 04-12-2019', NULL, 'ul. Krańcowa 00 02-881 Żagań', 'zrealizowana'),
(298, 102, NULL, NULL, '13:44:59 20-09-2017', NULL, 'al. Wrocławska 498 49-894 Rybnik', 'zrealizowana'),
(299, 373, NULL, NULL, '19:39:32 24-10-2023', NULL, 'aleja Słonecznikowa 16/11 16-620 Sopot', 'zrealizowana'),
(300, 231, NULL, NULL, '09:00:50 01-09-2016', NULL, 'ulica Poniatowskiego 94 14-337 Rzeszów', 'zrealizowana'),
(301, 350, NULL, NULL, '17:10:12 30-06-2019', NULL, 'al. Szymanowskiego 47 41-848 Sandomierz', 'zrealizowana'),
(302, 82, NULL, NULL, '02:37:29 19-10-2018', NULL, 'ul. Opolska 645 67-901 Police', 'zrealizowana'),
(303, 539, NULL, NULL, '14:12:19 07-02-2020', NULL, 'plac Batalionów Chłopskich 11 63-753 Bartoszyce', 'zrealizowana'),
(304, 454, NULL, NULL, '23:47:01 07-04-2019', NULL, 'al. Orzeszkowej 38 75-086 Ostrów Wielkopolski', 'zrealizowana'),
(305, 245, NULL, NULL, '10:46:36 09-06-2022', NULL, 'aleja Zaułek 28/31 60-733 Kutno', 'zrealizowana'),
(306, 444, NULL, NULL, '07:59:53 08-02-2024', NULL, 'aleja Jana Sobieskiego 51/40 64-449 Rumia', 'zrealizowana'),
(307, 328, NULL, NULL, '07:49:51 19-11-2015', NULL, 'pl. Liliowa 49 98-231 Będzin', 'zrealizowana'),
(308, 526, NULL, NULL, '13:21:29 17-04-2020', NULL, 'ul. Malczewskiego 351 51-462 Jawor', 'zrealizowana'),
(309, 243, NULL, NULL, '03:34:45 08-11-2022', NULL, 'ulica Korfantego 66 89-748 Cieszyn', 'zrealizowana'),
(310, 235, NULL, NULL, '03:48:04 25-02-2017', NULL, 'pl. Zielona 713 41-081 Śrem', 'zrealizowana'),
(311, 526, NULL, NULL, '21:44:11 09-12-2022', NULL, 'aleja Jadwigi 84 09-373 Ząbki', 'zrealizowana'),
(312, 154, NULL, NULL, '01:06:20 23-10-2017', NULL, 'plac Głogowa 160 52-500 Lubartów', 'zrealizowana'),
(313, 329, NULL, NULL, '00:50:46 14-07-2017', NULL, 'pl. Radosna 838 52-416 Kraśnik', 'zrealizowana'),
(314, 311, NULL, NULL, '13:02:30 21-11-2022', NULL, 'ul. Jagodowa 06 07-271 Ostrów Mazowiecka', 'zrealizowana'),
(315, 397, NULL, NULL, '08:58:06 16-07-2020', NULL, 'ul. Szewska 14/85 95-120 Płock', 'zrealizowana'),
(316, 304, NULL, NULL, '18:32:55 05-05-2018', NULL, 'ulica Leśna 212 41-766 Gorzów Wielkopolski', 'zrealizowana'),
(317, 147, NULL, NULL, '17:49:28 31-08-2019', NULL, 'pl. Cegielniana 086 76-570 Mysłowice', 'zrealizowana'),
(318, 160, NULL, NULL, '02:00:52 21-06-2016', NULL, 'pl. Żytnia 42/96 50-272 Puławy', 'zrealizowana'),
(319, 355, NULL, NULL, '14:22:12 06-03-2021', NULL, 'plac Makowa 39/90 96-495 Wągrowiec', 'zrealizowana'),
(320, 124, NULL, NULL, '21:59:20 15-06-2019', NULL, 'ul. Pomorska 135 95-937 Lębork', 'zrealizowana'),
(321, 378, NULL, NULL, '15:13:17 09-02-2018', NULL, 'ulica Orla 41/41 29-789 Bełchatów', 'zrealizowana'),
(322, 506, NULL, NULL, '22:39:30 21-11-2017', NULL, 'plac Spokojna 04/13 26-323 Krotoszyn', 'zrealizowana'),
(323, 222, NULL, NULL, '08:03:32 21-01-2017', NULL, 'pl. Nowowiejska 95 43-728 Gorlice', 'zrealizowana'),
(324, 530, NULL, NULL, '10:45:21 07-09-2016', NULL, 'aleja Wilcza 11 25-190 Opole', 'zrealizowana'),
(325, 70, NULL, NULL, '05:06:43 30-09-2015', NULL, 'ul. Reymonta 95/43 94-179 Sanok', 'zrealizowana'),
(326, 256, NULL, NULL, '23:45:25 20-06-2023', NULL, 'ulica Słoneczna 709 09-402 Piastów', 'zrealizowana'),
(327, 204, NULL, NULL, '01:58:03 31-08-2022', NULL, 'ulica Pułaskiego 94 66-778 Tomaszów Mazowiecki', 'zrealizowana'),
(328, 438, NULL, NULL, '13:09:11 03-11-2018', NULL, 'al. Targowa 845 97-314 Katowice', 'zrealizowana'),
(329, 516, NULL, NULL, '17:50:06 12-05-2022', NULL, 'ulica Kolejowa 13/26 53-259 Lębork', 'zrealizowana'),
(330, 273, NULL, NULL, '15:14:33 26-07-2023', NULL, 'al. Daleka 27 32-256 Tarnowskie Góry', 'zrealizowana'),
(331, 216, NULL, NULL, '03:36:13 04-07-2017', NULL, 'plac Diamentowa 90 34-845 Radom', 'zrealizowana'),
(332, 92, NULL, NULL, '21:46:51 20-12-2020', NULL, 'ul. Wilcza 85 32-994 Legnica', 'zrealizowana'),
(333, 54, NULL, NULL, '02:53:51 28-05-2018', NULL, 'aleja Pomorska 370 36-790 Sieradz', 'zrealizowana'),
(334, 262, NULL, NULL, '05:46:28 02-05-2022', NULL, 'aleja Krańcowa 34/18 04-538 Żywiec', 'zrealizowana'),
(335, 513, NULL, NULL, '08:09:05 05-04-2016', NULL, 'aleja Powstańców Wielkopolskich 01/08 63-016 Racib', 'zrealizowana'),
(336, 409, NULL, NULL, '08:32:37 26-04-2017', NULL, 'pl. Grzybowa 08 83-600 Augustów', 'zrealizowana'),
(337, 505, NULL, NULL, '15:35:32 04-08-2017', NULL, 'ul. Orla 336 58-292 Puławy', 'zrealizowana'),
(338, 451, NULL, NULL, '22:25:28 06-07-2015', NULL, 'aleja Jarzębinowa 72/84 17-493 Zgorzelec', 'zrealizowana'),
(339, 297, NULL, NULL, '08:14:36 08-01-2018', NULL, 'ulica Bolesława Chrobrego 56 40-842 Gorlice', 'zrealizowana'),
(340, 373, NULL, NULL, '05:55:00 07-02-2023', NULL, 'ul. Niepodległości 542 99-588 Marki', 'zrealizowana'),
(341, 149, NULL, NULL, '03:32:28 30-06-2020', NULL, 'pl. Jaworowa 73 39-402 Iława', 'zrealizowana'),
(342, 329, NULL, NULL, '17:16:09 21-01-2019', NULL, 'al. Prusa 003 45-634 Rybnik', 'zrealizowana'),
(343, 224, NULL, NULL, '17:09:38 25-12-2021', NULL, 'pl. Klasztorna 00/35 30-344 Kędzierzyn-Koźle', 'zrealizowana'),
(344, 313, NULL, NULL, '07:53:28 04-03-2015', NULL, 'pl. Opolska 688 68-187 Puławy', 'zrealizowana'),
(345, 537, NULL, NULL, '01:17:23 05-11-2018', NULL, 'pl. Armii Krajowej 62/23 75-367 Leszno', 'zrealizowana'),
(346, 485, NULL, NULL, '04:04:34 14-03-2021', NULL, 'plac Azaliowa 10/88 83-560 Jaworzno', 'zrealizowana'),
(347, 75, NULL, NULL, '20:30:18 04-06-2021', NULL, 'aleja Pułaskiego 95/34 92-469 Jaworzno', 'zrealizowana'),
(348, 282, NULL, NULL, '21:35:58 24-07-2018', NULL, 'ulica Nałkowskiej 85/45 15-912 Czeladź', 'zrealizowana'),
(349, 260, NULL, NULL, '14:22:28 08-05-2023', NULL, 'al. Tylna 06/68 27-074 Kętrzyn', 'zrealizowana'),
(350, 317, NULL, NULL, '14:35:19 07-11-2021', NULL, 'al. Narutowicza 05 87-618 Zgorzelec', 'zrealizowana'),
(351, 72, NULL, NULL, '15:36:36 14-04-2017', NULL, 'aleja Skłodowskiej-Curie 69 02-868 Oława', 'zrealizowana'),
(352, 60, NULL, NULL, '00:56:54 17-03-2018', NULL, 'aleja Łączna 06/33 22-796 Gdynia', 'zrealizowana'),
(353, 69, NULL, NULL, '16:17:37 13-12-2016', NULL, 'ulica Piłsudskiego 859 13-353 Starogard Gdański', 'zrealizowana'),
(354, 468, NULL, NULL, '14:43:24 08-07-2015', NULL, 'ul. Mostowa 77/65 85-131 Głogów', 'zrealizowana'),
(355, 70, NULL, NULL, '10:24:07 07-07-2015', NULL, 'ulica Reja 34 98-241 Pszczyna', 'zrealizowana'),
(356, 489, NULL, NULL, '23:19:08 09-12-2017', NULL, 'plac Cyprysowa 823 70-967 Sandomierz', 'zrealizowana'),
(357, 412, NULL, NULL, '09:55:58 22-07-2021', NULL, 'ulica Ceglana 250 48-684 Kościan', 'zrealizowana'),
(358, 44, NULL, NULL, '11:25:26 07-02-2016', NULL, 'ul. Maja 62 80-100 Bydgoszcz', 'zrealizowana'),
(359, 189, NULL, NULL, '10:53:16 13-11-2022', NULL, 'plac Żwirowa 00 40-645 Skarżysko-Kamienna', 'zrealizowana'),
(360, 399, NULL, NULL, '23:06:52 13-01-2017', NULL, 'al. Świerczewskiego 69/37 71-305 Kętrzyn', 'zrealizowana'),
(361, 458, NULL, NULL, '10:27:26 29-03-2018', NULL, 'ulica Żabia 21 68-367 Kwidzyn', 'zrealizowana'),
(362, 113, NULL, NULL, '14:59:01 02-10-2015', NULL, 'ul. Ciasna 31 79-347 Knurów', 'zrealizowana'),
(363, 474, NULL, NULL, '05:59:41 07-02-2019', NULL, 'ul. Witosa 67/49 83-792 Bełchatów', 'zrealizowana'),
(364, 439, NULL, NULL, '09:27:47 25-07-2016', NULL, 'ul. Rybacka 338 68-343 Bochnia', 'zrealizowana'),
(365, 77, NULL, NULL, '20:18:58 12-08-2015', NULL, 'aleja Makuszyńskiego 52/53 03-595 Żywiec', 'zrealizowana'),
(366, 265, NULL, NULL, '16:31:57 10-05-2023', NULL, 'aleja Żeglarska 88 58-686 Ostrów Wielkopolski', 'zrealizowana'),
(367, 126, NULL, NULL, '17:17:33 15-01-2017', NULL, 'ul. Jasna 31 96-356 Suwałki', 'zrealizowana'),
(368, 507, NULL, NULL, '16:20:52 30-12-2020', NULL, 'ul. Dąbrowskiej 325 27-971 Częstochowa', 'zrealizowana'),
(369, 304, NULL, NULL, '10:23:28 15-05-2016', NULL, 'ul. Nadrzeczna 65 57-997 Jasło', 'zrealizowana'),
(370, 226, NULL, NULL, '00:06:03 10-10-2023', NULL, 'aleja Kasztanowa 22 99-785 Wągrowiec', 'zrealizowana'),
(371, 135, NULL, NULL, '15:03:04 17-06-2018', NULL, 'plac Powstańców 000 41-999 Nowy Sącz', 'zrealizowana'),
(372, 332, NULL, NULL, '20:00:05 10-09-2023', NULL, 'plac Żurawia 995 95-111 Krotoszyn', 'zrealizowana'),
(373, 363, NULL, NULL, '13:10:06 03-07-2018', NULL, 'plac Sadowa 926 08-533 Gdańsk', 'zrealizowana'),
(374, 88, NULL, NULL, '09:59:43 31-01-2019', NULL, 'al. Skargi 98/99 19-219 Chrzanów', 'zrealizowana'),
(375, 337, NULL, NULL, '23:31:25 17-04-2018', NULL, 'aleja Olchowa 60 77-184 Krosno', 'zrealizowana'),
(376, 218, NULL, NULL, '19:25:33 03-08-2019', NULL, 'aleja Letnia 43 13-346 Piastów', 'zrealizowana'),
(377, 365, NULL, NULL, '19:59:57 27-08-2017', NULL, 'ul. Jesienna 779 12-238 Wodzisław Śląski', 'zrealizowana'),
(378, 539, NULL, NULL, '05:58:57 17-10-2023', NULL, 'al. Solidarnosci 82 84-741 Lubartów', 'zrealizowana'),
(379, 352, NULL, NULL, '06:49:40 07-03-2023', NULL, 'ulica Solidarnosci 716 31-092 Chrzanów', 'zrealizowana'),
(380, 443, NULL, NULL, '04:34:55 08-03-2024', NULL, 'ulica Wiślana 551 25-832 Polkowice', 'zrealizowana'),
(381, 300, NULL, NULL, '18:57:50 20-05-2018', NULL, 'plac Nowowiejska 892 13-724 Iława', 'zrealizowana'),
(382, 541, NULL, NULL, '09:55:27 17-10-2017', NULL, 'al. Przechodnia 67/08 02-492 Śrem', 'zrealizowana'),
(383, 303, NULL, NULL, '08:11:14 13-11-2016', NULL, 'pl. Piwna 042 92-153 Świecie', 'zrealizowana'),
(384, 199, NULL, NULL, '22:58:02 02-09-2022', NULL, 'ul. Strzelecka 56 05-808 Białystok', 'zrealizowana'),
(385, 181, NULL, NULL, '00:01:45 16-08-2022', NULL, 'pl. Magnoliowa 275 11-162 Słupsk', 'zrealizowana'),
(386, 93, NULL, NULL, '10:58:21 08-08-2017', NULL, 'ulica Dąbrowskiego 28 54-907 Kwidzyn', 'zrealizowana'),
(387, 539, NULL, NULL, '09:58:24 30-05-2017', NULL, 'al. Młyńska 689 56-443 Gniezno', 'zrealizowana'),
(388, 346, NULL, NULL, '01:21:42 29-08-2016', NULL, 'plac Piwna 188 86-557 Zawiercie', 'zrealizowana'),
(389, 418, NULL, NULL, '16:46:46 08-08-2023', NULL, 'ul. Jagodowa 58 95-232 Augustów', 'zrealizowana'),
(390, 476, NULL, NULL, '12:03:10 22-06-2021', NULL, 'ulica Willowa 49/70 86-919 Łódź', 'zrealizowana'),
(391, 282, NULL, NULL, '11:39:31 25-10-2022', NULL, 'pl. Wiosenna 20 31-496 Lębork', 'zrealizowana'),
(392, 283, NULL, NULL, '18:16:56 16-07-2015', NULL, 'plac Cegielniana 17/14 28-863 Sandomierz', 'zrealizowana'),
(393, 102, NULL, NULL, '06:11:30 28-02-2021', NULL, 'al. Rubinowa 958 79-113 Żywiec', 'zrealizowana'),
(394, 258, NULL, NULL, '05:46:44 27-01-2021', NULL, 'plac Średnia 388 26-713 Ostrołęka', 'zrealizowana'),
(395, 452, NULL, NULL, '09:16:41 29-03-2017', NULL, 'aleja Kościelna 393 58-154 Dębica', 'zrealizowana'),
(396, 80, NULL, NULL, '13:51:11 08-12-2017', NULL, 'ulica Mickiewicza 585 08-388 Zgorzelec', 'zrealizowana'),
(397, 264, NULL, NULL, '17:42:57 21-05-2018', NULL, 'pl. Nałkowskiej 68 53-359 Bolesławiec', 'zrealizowana'),
(398, 509, NULL, NULL, '04:58:07 22-01-2019', NULL, 'al. Cedrowa 81 13-500 Pruszcz Gdański', 'zrealizowana'),
(399, 496, NULL, NULL, '13:20:15 28-11-2017', NULL, 'aleja Wiśniowa 26/09 13-884 Świnoujście', 'zrealizowana'),
(400, 514, NULL, NULL, '13:26:28 12-02-2015', NULL, 'pl. Irysowa 337 53-706 Ostrowiec Świętokrzyski', 'zrealizowana'),
(401, NULL, 672, NULL, '23:08:59 14-02-2019', 65, 'al. Broniewskiego 975 15-258 Łaziska Górne', 'zrealizowana'),
(402, NULL, 630, NULL, '10:18:44 08-11-2020', 116, 'pl. Wyspiańskiego 340 51-872 Ciechanów', 'zrealizowana'),
(403, NULL, 673, NULL, '02:54:21 09-03-2022', 18, 'plac Wspólna 72 07-351 Zgierz', 'zrealizowana'),
(404, NULL, 708, NULL, '17:00:31 22-03-2015', 107, 'aleja Słowianska 55/28 70-236 Opole', 'zrealizowana'),
(405, NULL, 585, NULL, '02:10:34 13-02-2015', 116, 'pl. Strzelecka 76/81 32-099 Sieradz', 'zrealizowana'),
(406, NULL, 621, NULL, '15:04:24 18-01-2015', 257, 'pl. Hallera 73/23 52-311 Łódź', 'zrealizowana'),
(407, NULL, 552, NULL, '17:06:04 29-12-2016', 206, 'aleja Mała 34 35-868 Ostróda', 'zrealizowana'),
(408, NULL, 637, NULL, '06:03:35 03-12-2023', 258, 'aleja Zaciszna 799 67-087 Żywiec', 'zrealizowana'),
(409, NULL, 570, NULL, '03:54:15 03-09-2017', 309, 'plac Jaśminowa 79/26 87-787 Ciechanów', 'zrealizowana'),
(410, NULL, 718, NULL, '12:23:42 11-06-2022', 39, 'aleja Olchowa 29/61 22-846 Bochnia', 'zrealizowana'),
(411, NULL, 688, NULL, '04:34:44 23-09-2016', 365, 'pl. Wodna 64/49 03-573 Olsztyn', 'zrealizowana'),
(412, NULL, 660, NULL, '20:26:22 09-12-2020', 244, 'ulica Nowowiejska 645 58-107 Rumia', 'zrealizowana'),
(413, NULL, 659, NULL, '09:44:31 08-04-2020', 125, 'al. Cisowa 06/51 70-746 Świebodzice', 'zrealizowana'),
(414, NULL, 694, NULL, '21:13:10 05-08-2022', 260, 'aleja Brzechwy 35 42-558 Legionowo', 'zrealizowana'),
(415, NULL, 685, NULL, '08:07:27 10-03-2022', 192, 'ul. Pszenna 46 97-117 Krotoszyn', 'zrealizowana'),
(416, NULL, 560, NULL, '07:17:18 15-02-2016', 179, 'aleja Jałowcowa 35/87 08-572 Biała Podlaska', 'zrealizowana'),
(417, NULL, 741, NULL, '05:17:29 01-03-2018', 317, 'ulica Wschodnia 794 83-591 Białogard', 'zrealizowana'),
(418, NULL, 651, NULL, '12:47:48 26-03-2018', 321, 'al. Konstytucji 3 Maja 946 48-826 Sandomierz', 'zrealizowana'),
(419, NULL, 553, NULL, '09:20:12 10-09-2018', 286, 'aleja Księżycowa 14/35 53-084 Brodnica', 'zrealizowana'),
(420, NULL, 735, NULL, '14:35:38 18-01-2021', 104, 'ul. Urocza 65 68-967 Koło', 'zrealizowana'),
(421, NULL, 587, NULL, '10:33:59 07-05-2021', 25, 'ul. Klasztorna 85/92 32-288 Sandomierz', 'zrealizowana'),
(422, NULL, 653, NULL, '20:49:59 24-09-2016', 179, 'plac Azaliowa 049 47-969 Ostróda', 'zrealizowana'),
(423, NULL, 638, NULL, '08:00:53 03-12-2020', 88, 'al. Rycerska 048 08-242 Piaseczno', 'zrealizowana'),
(424, NULL, 546, NULL, '12:55:59 04-08-2020', 266, 'ulica Jagiellońska 57 41-021 Gdańsk', 'zrealizowana'),
(425, NULL, 720, NULL, '00:02:25 04-06-2018', 339, 'al. Głowackiego 56 82-724 Lubliniec', 'zrealizowana'),
(426, NULL, 622, NULL, '11:06:42 13-01-2021', 163, 'plac Zapolskiej 43/70 66-159 Czechowice-Dziedzice', 'zrealizowana'),
(427, NULL, 659, NULL, '23:49:42 12-03-2018', 163, 'ul. Krokusowa 01 76-369 Zgierz', 'zrealizowana'),
(428, NULL, 581, NULL, '13:24:49 23-05-2020', 328, 'pl. Szewska 920 47-262 Luboń', 'zrealizowana'),
(429, NULL, 548, NULL, '03:26:35 30-07-2023', 55, 'plac Koralowa 95/60 84-831 Ostrów Mazowiecka', 'zrealizowana'),
(430, NULL, 689, NULL, '17:52:17 21-02-2017', 19, 'plac Hallera 37 20-425 Bielawa', 'zrealizowana'),
(431, NULL, 627, NULL, '00:53:09 14-04-2016', 296, 'al. Krasińskiego 98/86 57-743 Kutno', 'zrealizowana'),
(432, NULL, 623, NULL, '15:45:13 16-01-2021', 327, 'ulica Kazimierza Wielkiego 616 84-472 Chorzów', 'zrealizowana'),
(433, NULL, 551, NULL, '23:43:39 31-12-2019', 18, 'aleja Irysowa 67/37 26-385 Swarzędz', 'zrealizowana'),
(434, NULL, 561, NULL, '12:06:20 12-01-2017', 202, 'plac Wierzbowa 00/73 25-976 Kłodzko', 'zrealizowana'),
(435, NULL, 624, NULL, '12:33:50 09-01-2021', 227, 'ulica Jana III Sobieskiego 44/10 75-665 Piaseczno', 'zrealizowana'),
(436, NULL, 559, NULL, '10:33:16 28-04-2020', 163, 'pl. Źródlana 38/06 87-777 Chorzów', 'zrealizowana'),
(437, NULL, 633, NULL, '04:58:05 17-10-2019', 135, 'ulica Zielna 43/02 06-089 Czechowice-Dziedzice', 'zrealizowana'),
(438, NULL, 694, NULL, '11:15:35 18-03-2016', 183, 'aleja Chełmońskiego 292 54-687 Chrzanów', 'zrealizowana'),
(439, NULL, 654, NULL, '12:25:47 04-04-2022', 146, 'al. Wyspiańskiego 562 29-257 Jastrzębie-Zdrój', 'zrealizowana'),
(440, NULL, 709, NULL, '16:40:46 23-10-2022', 178, 'al. Krótka 02 06-273 Skarżysko-Kamienna', 'zrealizowana'),
(441, NULL, 720, NULL, '14:45:41 03-05-2015', 90, 'pl. Borowa 29 28-268 Kraków', 'zrealizowana'),
(442, NULL, 687, NULL, '12:32:23 19-12-2016', 279, 'al. Rubinowa 39/78 73-185 Rybnik', 'zrealizowana'),
(443, NULL, 627, NULL, '16:26:52 28-04-2020', 30, 'pl. Toruńska 35/24 35-313 Suwałki', 'zrealizowana'),
(444, NULL, 721, NULL, '14:28:27 10-08-2019', 44, 'pl. Kościuszki 38 30-563 Bielsk Podlaski', 'zrealizowana'),
(445, NULL, 693, NULL, '06:41:57 11-11-2016', 129, 'plac Kalinowa 744 32-852 Kościerzyna', 'zrealizowana'),
(446, NULL, 552, NULL, '12:52:35 25-10-2019', 146, 'ulica Mokra 427 10-270 Tomaszów Mazowiecki', 'zrealizowana'),
(447, NULL, 614, NULL, '12:58:27 05-10-2020', 343, 'ulica Rzemieślnicza 17 91-305 Warszawa', 'zrealizowana'),
(448, NULL, 574, NULL, '00:25:18 03-11-2021', 182, 'aleja Witosa 09 20-522 Ciechanów', 'zrealizowana'),
(449, NULL, 629, NULL, '16:53:22 27-10-2018', 247, 'aleja Wiśniowa 07/10 92-859 Wałcz', 'zrealizowana'),
(450, NULL, 708, NULL, '21:54:56 09-03-2021', 321, 'aleja Rataja 309 77-690 Świebodzice', 'zrealizowana'),
(451, 205, NULL, NULL, '07:38:54 13-06-2015', 136, 'ul. Sportowa 61 15-322 Bochnia', 'zrealizowana'),
(452, 112, NULL, NULL, '07:37:27 05-03-2023', 82, 'plac Mokra 227 78-385 Szczecin', 'zrealizowana'),
(453, 147, NULL, NULL, '02:39:08 07-02-2021', 2, 'ul. Bukowa 008 49-665 Szczecin', 'zrealizowana'),
(454, 76, NULL, NULL, '00:37:14 27-09-2020', 129, 'aleja Listopada 67 01-168 Gdańsk', 'zrealizowana'),
(455, 326, NULL, NULL, '02:41:07 03-11-2023', 271, 'al. Wiślana 80 12-495 Pszczyna', 'zrealizowana'),
(456, 319, NULL, NULL, '06:04:58 11-05-2023', 240, 'al. Odrzańska 14/73 94-141 Konin', 'zrealizowana'),
(457, 194, NULL, NULL, '16:15:15 28-08-2016', 21, 'ulica Krakowska 57 57-220 Kwidzyn', 'zrealizowana'),
(458, 467, NULL, NULL, '12:32:10 08-01-2018', 115, 'pl. Magnoliowa 52/34 17-153 Giżycko', 'zrealizowana'),
(459, 457, NULL, NULL, '12:42:15 03-03-2020', 145, 'ulica Tylna 83/94 43-931 Lębork', 'zrealizowana'),
(460, 174, NULL, NULL, '01:59:25 09-01-2022', 17, 'plac Górnicza 623 61-603 Nowy Targ', 'zrealizowana'),
(461, 525, NULL, NULL, '06:15:59 01-03-2020', 13, 'ul. Jastrzębia 31/12 44-210 Rybnik', 'zrealizowana'),
(462, 430, NULL, NULL, '07:07:41 28-10-2015', 12, 'al. Kaliska 944 95-731 Lubliniec', 'zrealizowana'),
(463, 364, NULL, NULL, '04:02:38 21-01-2018', 20, 'aleja Morska 59 51-520 Zgorzelec', 'zrealizowana'),
(464, 183, NULL, NULL, '07:32:38 23-03-2016', 65, 'plac Szpitalna 89/54 01-434 Swarzędz', 'zrealizowana'),
(465, 264, NULL, NULL, '01:54:23 14-03-2018', 266, 'al. Urocza 010 04-068 Konin', 'zrealizowana'),
(466, 270, NULL, NULL, '23:14:19 07-10-2015', 36, 'plac Chabrowa 710 78-017 Szczecin', 'zrealizowana'),
(467, 330, NULL, NULL, '18:26:55 15-04-2019', 115, 'ulica Lotnicza 32 82-081 Zgorzelec', 'zrealizowana'),
(468, 474, NULL, NULL, '12:48:17 18-07-2015', 99, 'pl. Ściegiennego 11 42-674 Ostrołęka', 'zrealizowana'),
(469, 51, NULL, NULL, '08:51:50 07-07-2020', 149, 'al. Sosnowa 69 91-566 Biała Podlaska', 'zrealizowana'),
(470, 300, NULL, NULL, '19:05:12 29-03-2016', 83, 'aleja Topolowa 19/24 03-348 Jelenia Góra', 'zrealizowana'),
(471, 493, NULL, NULL, '22:51:11 27-02-2016', 334, 'pl. Makowa 49/16 87-986 Łuków', 'zrealizowana'),
(472, 272, NULL, NULL, '12:37:17 07-09-2016', 324, 'plac Kasztanowa 87 69-882 Konin', 'zrealizowana'),
(473, 243, NULL, NULL, '08:56:21 02-06-2021', 252, 'ulica Rzemieślnicza 93/48 04-001 Głogów', 'zrealizowana'),
(474, 404, NULL, NULL, '23:05:29 31-01-2017', 288, 'ulica Leszczynowa 152 36-407 Stalowa Wola', 'zrealizowana'),
(475, 124, NULL, NULL, '03:58:37 30-09-2021', 319, 'pl. Tuwima 587 65-656 Knurów', 'zrealizowana');
INSERT INTO `wysylka` (`id_wysylki`, `id_klienta_detalicznego`, `id_klienta_hurtowego`, `id_kierowcy`, `data`, `interwal`, `adres`, `status`) VALUES
(476, 468, NULL, NULL, '04:16:22 21-03-2022', 364, 'pl. Malinowa 72/16 20-511 Gliwice', 'zrealizowana'),
(477, 443, NULL, NULL, '21:40:15 26-12-2022', 132, 'aleja Zaciszna 46/90 61-826 Jarocin', 'zrealizowana'),
(478, 318, NULL, NULL, '15:30:31 26-03-2020', 300, 'pl. Północna 49 27-987 Czechowice-Dziedzice', 'zrealizowana'),
(479, 46, NULL, NULL, '22:07:40 03-04-2019', 9, 'ulica Diamentowa 50 12-635 Jaworzno', 'zrealizowana'),
(480, 373, NULL, NULL, '11:41:12 09-06-2020', 237, 'ulica Miłosza 72 68-093 Pszczyna', 'zrealizowana'),
(481, 390, NULL, NULL, '09:22:03 08-04-2022', 62, 'pl. Jana Sobieskiego 46/57 99-007 Jasło', 'zrealizowana'),
(482, 167, NULL, NULL, '12:45:19 30-06-2021', 331, 'aleja Hallera 79/87 18-922 Zawiercie', 'zrealizowana'),
(483, 495, NULL, NULL, '14:26:55 09-12-2020', 7, 'pl. Chełmońskiego 88 83-408 Myszków', 'zrealizowana'),
(484, 174, NULL, NULL, '19:26:55 21-10-2023', 137, 'ulica Borówkowa 390 59-908 Starogard Gdański', 'zrealizowana'),
(485, 448, NULL, NULL, '18:37:20 07-12-2020', 298, 'ulica Południowa 408 33-960 Ostrów Wielkopolski', 'zrealizowana'),
(486, 332, NULL, NULL, '23:31:01 16-01-2018', 348, 'pl. Podmiejska 17 08-402 Wyszków', 'zrealizowana'),
(487, 360, NULL, NULL, '21:11:33 20-08-2016', 115, 'al. Mała 40/90 98-799 Skierniewice', 'zrealizowana'),
(488, 373, NULL, NULL, '01:28:15 27-02-2019', 260, 'al. Młyńska 855 76-628 Wągrowiec', 'zrealizowana'),
(489, 70, NULL, NULL, '05:39:36 23-12-2017', 223, 'pl. Podwale 26 99-914 Przemyśl', 'zrealizowana'),
(490, 386, NULL, NULL, '12:35:31 23-05-2017', 338, 'al. Sienkiewicza 93/88 41-574 Będzin', 'zrealizowana'),
(491, 45, NULL, NULL, '01:41:57 16-02-2015', 290, 'ul. Jabłoniowa 52/20 50-177 Piekary Śląskie', 'zrealizowana'),
(492, 136, NULL, NULL, '13:00:29 23-01-2021', 69, 'pl. Waryńskiego 56/15 14-446 Bielsk Podlaski', 'zrealizowana'),
(493, 218, NULL, NULL, '17:38:52 17-01-2020', 204, 'aleja Bolesława Krzywoustego 945 21-941 Pruszków', 'zrealizowana'),
(494, 140, NULL, NULL, '17:11:05 17-01-2024', 84, 'ulica Słonecznikowa 07 77-914 Zielona Góra', 'zrealizowana'),
(495, 278, NULL, NULL, '01:08:55 08-11-2015', 171, 'al. Kusocińskiego 49/80 30-302 Biłgoraj', 'zrealizowana'),
(496, 84, NULL, NULL, '14:36:21 26-04-2018', 238, 'ul. Tuwima 38 68-793 Kołobrzeg', 'zrealizowana'),
(497, 473, NULL, NULL, '11:24:00 12-01-2023', 310, 'ul. Maczka 350 16-521 Radom', 'zrealizowana'),
(498, 531, NULL, NULL, '14:10:26 05-11-2019', 107, 'plac Prosta 767 61-063 Brodnica', 'zrealizowana'),
(499, 137, NULL, NULL, '04:37:07 15-04-2021', 333, 'ulica Kaliska 56 41-032 Ciechanów', 'zrealizowana'),
(500, 68, NULL, NULL, '04:39:56 07-06-2019', 247, 'ul. Diamentowa 38 16-125 Szczecinek', 'zrealizowana'),
(501, 800, NULL, 797, '20:48:52 13-05-2024', NULL, 'Warszawska 3 Kraków', 'niezrealizowana');

-- --------------------------------------------------------

--
-- Table structure for table `wysylka_towar`
--

CREATE TABLE `wysylka_towar` (
  `id_towaru` int(7) NOT NULL,
  `id_wysylki` int(7) NOT NULL,
  `ilosc` int(7) DEFAULT NULL
) ENGINE=InnoDB DEFAULT CHARSET=utf8mb4 COLLATE=utf8mb4_general_ci;

--
-- Dumping data for table `wysylka_towar`
--

INSERT INTO `wysylka_towar` (`id_towaru`, `id_wysylki`, `ilosc`) VALUES
(1, 15, 30),
(1, 71, 178),
(1, 85, 47),
(1, 98, 171),
(1, 114, 325),
(1, 116, 437),
(1, 157, 145),
(1, 166, 227),
(1, 168, 305),
(1, 171, 487),
(1, 182, 288),
(1, 218, 327),
(1, 236, 237),
(1, 258, 398),
(1, 261, 238),
(1, 275, 201),
(1, 288, 220),
(1, 322, 340),
(1, 330, 247),
(1, 336, 43),
(1, 355, 102),
(1, 382, 103),
(1, 384, 130),
(1, 395, 332),
(1, 400, 203),
(1, 424, 474),
(1, 428, 120),
(1, 445, 223),
(1, 447, 337),
(1, 462, 116),
(1, 501, 1),
(2, 20, 132),
(2, 32, 486),
(2, 49, 270),
(2, 51, 444),
(2, 61, 55),
(2, 62, 116),
(2, 63, 253),
(2, 88, 143),
(2, 122, 42),
(2, 138, 81),
(2, 142, 296),
(2, 145, 283),
(2, 156, 418),
(2, 172, 438),
(2, 197, 244),
(2, 207, 55),
(2, 230, 99),
(2, 246, 346),
(2, 248, 250),
(2, 251, 417),
(2, 255, 445),
(2, 272, 258),
(2, 319, 487),
(2, 329, 322),
(2, 334, 401),
(2, 346, 10),
(2, 347, 94),
(2, 375, 488),
(2, 379, 174),
(2, 388, 83),
(2, 396, 201),
(2, 401, 91),
(2, 457, 14),
(2, 475, 282),
(2, 480, 167),
(2, 482, 86),
(2, 501, 10),
(3, 16, 346),
(3, 77, 265),
(3, 95, 410),
(3, 103, 311),
(3, 124, 463),
(3, 126, 275),
(3, 150, 251),
(3, 170, 387),
(3, 187, 196),
(3, 191, 406),
(3, 197, 480),
(3, 199, 114),
(3, 222, 75),
(3, 223, 267),
(3, 239, 358),
(3, 265, 488),
(3, 269, 388),
(3, 274, 406),
(3, 286, 171),
(3, 356, 11),
(3, 372, 377),
(3, 378, 129),
(3, 393, 216),
(3, 418, 491),
(3, 458, 132),
(3, 463, 313),
(3, 468, 68),
(3, 472, 88),
(3, 473, 89),
(3, 501, 2),
(4, 2, 300),
(4, 52, 143),
(4, 66, 455),
(4, 70, 35),
(4, 73, 342),
(4, 78, 107),
(4, 96, 177),
(4, 132, 205),
(4, 143, 348),
(4, 189, 36),
(4, 196, 210),
(4, 233, 19),
(4, 276, 63),
(4, 281, 138),
(4, 285, 400),
(4, 301, 60),
(4, 307, 50),
(4, 308, 487),
(4, 315, 113),
(4, 320, 291),
(4, 328, 62),
(4, 342, 411),
(4, 405, 99),
(4, 413, 277),
(4, 421, 187),
(4, 432, 468),
(4, 438, 176),
(4, 442, 482),
(5, 3, 335),
(5, 38, 200),
(5, 40, 212),
(5, 58, 437),
(5, 69, 104),
(5, 74, 409),
(5, 83, 419),
(5, 90, 303),
(5, 93, 272),
(5, 106, 452),
(5, 109, 60),
(5, 110, 163),
(5, 136, 182),
(5, 153, 305),
(5, 176, 445),
(5, 187, 25),
(5, 198, 333),
(5, 213, 22),
(5, 261, 227),
(5, 263, 417),
(5, 318, 12),
(5, 327, 93),
(5, 344, 297),
(5, 412, 213),
(5, 422, 352),
(5, 440, 28),
(5, 451, 194),
(5, 469, 54),
(5, 486, 280),
(5, 490, 23),
(5, 500, 440),
(6, 45, 232),
(6, 54, 141),
(6, 65, 473),
(6, 69, 67),
(6, 133, 327),
(6, 138, 173),
(6, 141, 471),
(6, 149, 36),
(6, 180, 308),
(6, 192, 52),
(6, 216, 152),
(6, 238, 179),
(6, 240, 210),
(6, 241, 342),
(6, 243, 491),
(6, 271, 224),
(6, 290, 446),
(6, 292, 307),
(6, 304, 287),
(6, 317, 286),
(6, 324, 212),
(6, 325, 218),
(6, 340, 246),
(6, 347, 274),
(6, 388, 421),
(6, 408, 249),
(6, 422, 142),
(6, 453, 111),
(6, 476, 222),
(6, 492, 162),
(6, 494, 267),
(6, 496, 85),
(6, 501, 1),
(7, 11, 471),
(7, 25, 356),
(7, 35, 80),
(7, 44, 254),
(7, 48, 489),
(7, 84, 159),
(7, 87, 278),
(7, 101, 372),
(7, 121, 482),
(7, 135, 353),
(7, 173, 50),
(7, 210, 183),
(7, 215, 425),
(7, 232, 142),
(7, 277, 104),
(7, 296, 67),
(7, 355, 152),
(7, 357, 69),
(7, 359, 217),
(7, 364, 206),
(7, 381, 373),
(7, 383, 146),
(7, 394, 478),
(7, 396, 368),
(7, 411, 492),
(7, 431, 39),
(7, 435, 306),
(7, 459, 499),
(7, 488, 75),
(7, 498, 446),
(8, 7, 183),
(8, 8, 434),
(8, 17, 463),
(8, 31, 361),
(8, 56, 401),
(8, 68, 294),
(8, 97, 78),
(8, 139, 488),
(8, 148, 108),
(8, 156, 23),
(8, 163, 83),
(8, 174, 231),
(8, 184, 440),
(8, 193, 493),
(8, 205, 147),
(8, 217, 368),
(8, 345, 239),
(8, 372, 484),
(8, 375, 451),
(8, 387, 213),
(8, 413, 235),
(8, 416, 334),
(8, 423, 359),
(8, 448, 354),
(8, 449, 431),
(8, 461, 311),
(8, 464, 364),
(8, 465, 122),
(8, 469, 41),
(8, 483, 340),
(8, 492, 200),
(8, 501, 1),
(9, 23, 43),
(9, 24, 156),
(9, 26, 75),
(9, 59, 85),
(9, 99, 358),
(9, 100, 481),
(9, 125, 486),
(9, 130, 357),
(9, 158, 39),
(9, 179, 92),
(9, 193, 203),
(9, 211, 53),
(9, 234, 264),
(9, 294, 18),
(9, 376, 53),
(9, 417, 369),
(9, 433, 126),
(9, 452, 174),
(9, 474, 58),
(9, 477, 250),
(9, 497, 498),
(10, 16, 385),
(10, 34, 22),
(10, 64, 315),
(10, 73, 93),
(10, 79, 377),
(10, 87, 335),
(10, 161, 84),
(10, 165, 44),
(10, 167, 456),
(10, 173, 207),
(10, 195, 445),
(10, 200, 106),
(10, 227, 428),
(10, 242, 152),
(10, 244, 436),
(10, 264, 242),
(10, 267, 257),
(10, 300, 249),
(10, 331, 449),
(10, 338, 106),
(10, 350, 352),
(10, 369, 91),
(10, 373, 11),
(10, 384, 498),
(10, 391, 277),
(10, 398, 54),
(10, 399, 490),
(10, 458, 432),
(10, 487, 382),
(11, 6, 474),
(11, 39, 180),
(11, 50, 489),
(11, 66, 159),
(11, 67, 389),
(11, 71, 337),
(11, 89, 24),
(11, 90, 218),
(11, 102, 64),
(11, 104, 130),
(11, 107, 83),
(11, 117, 207),
(11, 128, 350),
(11, 161, 302),
(11, 212, 133),
(11, 229, 380),
(11, 253, 10),
(11, 266, 72),
(11, 283, 343),
(11, 306, 420),
(11, 310, 345),
(11, 321, 177),
(11, 333, 335),
(11, 341, 247),
(11, 343, 325),
(11, 352, 416),
(11, 353, 311),
(11, 393, 432),
(11, 409, 46),
(11, 414, 223),
(11, 425, 499),
(11, 427, 421),
(11, 430, 430),
(11, 434, 242),
(11, 439, 336),
(11, 463, 257),
(11, 471, 52),
(11, 472, 281),
(12, 19, 390),
(12, 53, 482),
(12, 71, 265),
(12, 75, 256),
(12, 113, 348),
(12, 120, 194),
(12, 127, 251),
(12, 130, 491),
(12, 131, 472),
(12, 140, 154),
(12, 146, 259),
(12, 151, 370),
(12, 169, 448),
(12, 183, 146),
(12, 204, 478),
(12, 235, 92),
(12, 246, 490),
(12, 260, 96),
(12, 270, 10),
(12, 289, 450),
(12, 312, 439),
(12, 337, 407),
(12, 366, 258),
(12, 367, 88),
(12, 386, 64),
(12, 390, 106),
(12, 397, 407),
(12, 400, 131),
(12, 451, 265),
(12, 467, 468),
(12, 474, 290),
(12, 491, 457),
(12, 492, 162),
(13, 5, 413),
(13, 10, 455),
(13, 37, 186),
(13, 96, 490),
(13, 129, 431),
(13, 152, 275),
(13, 154, 20),
(13, 231, 379),
(13, 237, 61),
(13, 252, 60),
(13, 268, 488),
(13, 279, 36),
(13, 295, 230),
(13, 309, 277),
(13, 323, 366),
(13, 344, 32),
(13, 357, 172),
(13, 361, 106),
(13, 368, 132),
(13, 380, 138),
(13, 399, 244),
(13, 404, 187),
(13, 437, 112),
(13, 443, 30),
(13, 450, 143),
(13, 460, 201),
(13, 479, 340),
(13, 481, 218),
(13, 485, 86),
(13, 489, 326),
(14, 1, 86),
(14, 4, 122),
(14, 46, 217),
(14, 81, 217),
(14, 90, 221),
(14, 108, 76),
(14, 128, 429),
(14, 155, 146),
(14, 188, 476),
(14, 213, 368),
(14, 243, 381),
(14, 268, 115),
(14, 278, 439),
(14, 282, 321),
(14, 314, 453),
(14, 322, 248),
(14, 351, 233),
(14, 363, 246),
(14, 365, 264),
(14, 371, 498),
(14, 377, 489),
(14, 402, 420),
(14, 407, 267),
(14, 428, 199),
(14, 466, 446),
(14, 484, 265),
(14, 501, 1),
(15, 13, 251),
(15, 14, 46),
(15, 18, 482),
(15, 33, 400),
(15, 47, 458),
(15, 72, 41),
(15, 76, 232),
(15, 86, 337),
(15, 92, 278),
(15, 104, 230),
(15, 160, 337),
(15, 164, 14),
(15, 175, 105),
(15, 178, 87),
(15, 181, 182),
(15, 203, 140),
(15, 206, 25),
(15, 209, 357),
(15, 228, 451),
(15, 247, 495),
(15, 273, 154),
(15, 298, 432),
(15, 303, 74),
(15, 311, 200),
(15, 332, 50),
(15, 349, 30),
(15, 385, 138),
(15, 426, 183),
(15, 429, 218),
(15, 441, 89),
(15, 452, 237),
(16, 19, 106),
(16, 45, 224),
(16, 94, 475),
(16, 105, 233),
(16, 115, 383),
(16, 144, 334),
(16, 147, 439),
(16, 151, 275),
(16, 190, 178),
(16, 194, 33),
(16, 220, 394),
(16, 221, 37),
(16, 224, 34),
(16, 226, 53),
(16, 233, 321),
(16, 245, 369),
(16, 249, 354),
(16, 260, 477),
(16, 262, 380),
(16, 274, 45),
(16, 284, 254),
(16, 299, 79),
(16, 304, 428),
(16, 305, 124),
(16, 344, 177),
(16, 358, 103),
(16, 392, 240),
(16, 403, 18),
(16, 455, 399),
(17, 22, 29),
(17, 31, 315),
(17, 33, 43),
(17, 42, 214),
(17, 60, 158),
(17, 62, 339),
(17, 80, 31),
(17, 82, 471),
(17, 84, 45),
(17, 91, 450),
(17, 112, 346),
(17, 114, 280),
(17, 118, 110),
(17, 134, 447),
(17, 159, 263),
(17, 202, 257),
(17, 205, 149),
(17, 219, 405),
(17, 225, 300),
(17, 257, 369),
(17, 259, 201),
(17, 273, 57),
(17, 283, 459),
(17, 287, 444),
(17, 288, 293),
(17, 293, 40),
(17, 306, 385),
(17, 359, 124),
(17, 370, 332),
(17, 374, 123),
(17, 390, 231),
(17, 406, 318),
(17, 410, 312),
(17, 415, 415),
(17, 419, 380),
(17, 427, 164),
(17, 446, 359),
(17, 478, 192),
(17, 495, 231),
(18, 15, 254),
(18, 21, 73),
(18, 27, 64),
(18, 39, 324),
(18, 43, 83),
(18, 55, 260),
(18, 100, 422),
(18, 103, 463),
(18, 111, 27),
(18, 119, 303),
(18, 123, 229),
(18, 162, 30),
(18, 201, 293),
(18, 208, 463),
(18, 214, 198),
(18, 255, 191),
(18, 265, 407),
(18, 282, 81),
(18, 285, 311),
(18, 297, 258),
(18, 313, 315),
(18, 326, 359),
(18, 354, 481),
(18, 360, 448),
(18, 362, 463),
(18, 404, 494),
(18, 444, 324),
(18, 447, 409),
(18, 456, 33),
(18, 482, 115),
(18, 494, 230),
(19, 28, 316),
(19, 29, 77),
(19, 36, 192),
(19, 57, 13),
(19, 83, 110),
(19, 115, 193),
(19, 137, 388),
(19, 182, 462),
(19, 186, 321),
(19, 294, 121),
(19, 316, 76),
(19, 335, 452),
(19, 348, 74),
(19, 352, 281),
(19, 389, 468),
(19, 425, 339),
(19, 434, 397),
(19, 436, 285),
(19, 451, 298),
(19, 454, 115),
(19, 470, 144),
(19, 473, 414),
(19, 489, 378),
(19, 493, 12),
(19, 499, 132),
(19, 500, 465),
(20, 9, 347),
(20, 12, 324),
(20, 30, 476),
(20, 41, 247),
(20, 164, 498),
(20, 171, 491),
(20, 177, 170),
(20, 185, 85),
(20, 226, 455),
(20, 250, 175),
(20, 254, 433),
(20, 256, 267),
(20, 273, 48),
(20, 280, 234),
(20, 291, 374),
(20, 302, 76),
(20, 337, 10),
(20, 339, 144),
(20, 366, 252),
(20, 420, 198);

-- --------------------------------------------------------

--
-- Table structure for table `zadanie`
--

CREATE TABLE `zadanie` (
  `id_zadania` int(7) NOT NULL,
  `id_pracownika` int(7) DEFAULT NULL,
  `id_kierownika` int(7) DEFAULT NULL,
  `opis` varchar(300) DEFAULT NULL,
  `status` varchar(20) DEFAULT NULL
) ENGINE=InnoDB DEFAULT CHARSET=utf8mb4 COLLATE=utf8mb4_general_ci;

--
-- Dumping data for table `zadanie`
--

INSERT INTO `zadanie` (`id_zadania`, `id_pracownika`, `id_kierownika`, `opis`, `status`) VALUES
(1, 14, 11, 'remanent', 'wykonane'),
(2, 15, 13, 'zaladowanie towaru do wysylki', 'wykonane'),
(3, 16, 12, 'zaladowanie towaru do wysylki', 'anulowane'),
(4, 17, 12, 'zaladowanie towaru do wysylki', 'wykonane'),
(5, 18, 11, 'remanent', 'wykonane'),
(6, 19, 11, 'rozladowanie dostawy', 'oczekujace'),
(7, 20, 11, 'zaladowanie towaru do wysylki', 'wykonane'),
(8, 21, 12, 'zaladowanie towaru do wysylki', 'oczekujace'),
(9, 22, 12, 'remanent', 'anulowane'),
(10, 23, 13, 'rozladowanie dostawy', 'oczekujace'),
(11, 24, 13, 'remanent', 'wykonane'),
(12, 25, 11, 'rozladowanie dostawy', 'anulowane'),
(13, 26, 12, 'zaladowanie towaru do wysylki', 'wykonane'),
(14, 27, 11, 'rozladowanie dostawy', 'oczekujace'),
(15, 28, 13, 'zaladowanie towaru do wysylki', 'wykonane'),
(16, 14, 11, 'rozladowanie dostawy', 'anulowane'),
(17, 15, 12, 'remanent', 'anulowane'),
(18, 16, 11, 'remanent', 'anulowane'),
(19, 17, 13, 'rozladowanie dostawy', 'oczekujace'),
(20, 18, 13, 'zaladowanie towaru do wysylki', 'oczekujace'),
(21, 19, 11, 'rozladowanie dostawy', 'oczekujace'),
(22, 20, 12, 'remanent', 'wykonane'),
(23, 21, 13, 'zaladowanie towaru do wysylki', 'anulowane'),
(24, 22, 13, 'rozladowanie dostawy', 'oczekujace'),
(25, 23, 12, 'zaladowanie towaru do wysylki', 'anulowane'),
(26, 24, 11, 'zaladowanie towaru do wysylki', 'wykonane'),
(27, 25, 12, 'zaladowanie towaru do wysylki', 'wykonane'),
(28, 26, 13, 'rozladowanie dostawy', 'wykonane'),
(29, 27, 11, 'zaladowanie towaru do wysylki', 'wykonane'),
(30, 28, 11, 'zaladowanie towaru do wysylki', 'anulowane'),
(31, 14, 12, 'rozladowanie dostawy', 'wykonane'),
(32, 15, 12, 'zaladowanie towaru do wysylki', 'oczekujace'),
(33, 16, 11, 'rozladowanie dostawy', 'wykonane'),
(34, 17, 13, 'zaladowanie towaru do wysylki', 'anulowane'),
(35, 18, 11, 'zaladowanie towaru do wysylki', 'wykonane'),
(36, 19, 11, 'rozladowanie dostawy', 'wykonane'),
(37, 20, 12, 'zaladowanie towaru do wysylki', 'oczekujace'),
(38, 21, 11, 'zaladowanie towaru do wysylki', 'wykonane'),
(39, 22, 11, 'remanent', 'wykonane'),
(40, 23, 13, 'remanent', 'wykonane'),
(41, 24, 11, 'remanent', 'anulowane'),
(42, 25, 12, 'remanent', 'anulowane'),
(43, 26, 11, 'rozladowanie dostawy', 'anulowane'),
(44, 27, 13, 'zaladowanie towaru do wysylki', 'anulowane'),
(45, 28, 13, 'remanent', 'wykonane'),
(46, 14, 12, 'rozladowanie dostawy', 'anulowane'),
(47, 15, 12, 'remanent', 'wykonane'),
(48, 16, 12, 'remanent', 'anulowane'),
(49, 17, 12, 'rozladowanie dostawy', 'wykonane'),
(50, 18, 12, 'rozladowanie dostawy', 'oczekujace'),
(51, 19, 11, 'zaladowanie towaru do wysylki', 'wykonane'),
(52, 20, 11, 'remanent', 'anulowane'),
(53, 21, 12, 'remanent', 'oczekujace'),
(54, 22, 13, 'zaladowanie towaru do wysylki', 'anulowane'),
(55, 23, 12, 'remanent', 'anulowane'),
(56, 24, 12, 'rozladowanie dostawy', 'oczekujace'),
(57, 25, 12, 'rozladowanie dostawy', 'anulowane'),
(58, 26, 11, 'zaladowanie towaru do wysylki', 'wykonane'),
(59, 27, 12, 'remanent', 'oczekujace'),
(60, 28, 13, 'rozladowanie dostawy', 'anulowane'),
(61, 29, 39, 'doreczenie do nabywcy', 'oczekujace'),
(62, 30, 40, 'doreczenie do nabywcy', 'wykonane'),
(63, 31, 40, 'doreczenie do nabywcy', 'oczekujace'),
(64, 32, 40, 'doreczenie do nabywcy', 'wykonane'),
(65, 33, 40, 'doreczenie do nabywcy', 'anulowane'),
(66, 34, 40, 'doreczenie do nabywcy', 'oczekujace'),
(67, 35, 40, 'doreczenie do nabywcy', 'oczekujace'),
(68, 36, 39, 'doreczenie do nabywcy', 'oczekujace'),
(69, 37, 40, 'przewoz dostawy od producenta', 'oczekujace'),
(70, 38, 40, 'przewoz dostawy od producenta', 'wykonane'),
(71, 29, 40, 'doreczenie do nabywcy', 'wykonane'),
(72, 30, 39, 'doreczenie do nabywcy', 'oczekujace'),
(73, 31, 39, 'doreczenie do nabywcy', 'oczekujace'),
(74, 32, 39, 'doreczenie do nabywcy', 'anulowane'),
(75, 33, 40, 'doreczenie do nabywcy', 'oczekujace'),
(76, 34, 40, 'przewoz dostawy od producenta', 'anulowane'),
(77, 35, 40, 'doreczenie do nabywcy', 'wykonane'),
(78, 36, 39, 'doreczenie do nabywcy', 'oczekujace'),
(79, 37, 39, 'przewoz dostawy od producenta', 'wykonane'),
(80, 38, 39, 'doreczenie do nabywcy', 'anulowane'),
(81, NULL, NULL, 'Magazyn 1: Przygotuj towary do wysylki o id 501.\nTowary do wysylki:\n - id towaru: 2, ilosc: 10 ton.\n - id towaru: 6, ilosc: 1 ton.\n - id towaru: 8, ilosc: 1 ton.\n - id towaru: 14, ilosc: 1 ton.', 'do przydzialu'),
(82, NULL, NULL, 'Magazyn 2: Przygotuj towary do wysylki o id 501.\nTowary do wysylki:\n - id towaru: 1, ilosc: 1 ton.\n - id towaru: 3, ilosc: 1 ton.', 'do przydzialu'),
(83, 796, 795, 'Magazyn 3: Przygotuj towary do wysylki o id 501.\r\nTowary do wysylki:\r\n - id towaru: 3, ilosc: 1 ton.', 'oczekujace'),
(84, 796, 795, '', 'wykonane');

--
-- Indexes for dumped tables
--

--
-- Indexes for table `dostawa`
--
ALTER TABLE `dostawa`
  ADD PRIMARY KEY (`id_dostawy`),
  ADD KEY `id_producenta` (`id_producenta`),
  ADD KEY `id_magazynu` (`id_magazynu`),
  ADD KEY `id_kierowcy` (`id_kierowcy`);

--
-- Indexes for table `dostawa_towar`
--
ALTER TABLE `dostawa_towar`
  ADD PRIMARY KEY (`id_towaru`,`id_dostawy`),
  ADD KEY `id_dostawy` (`id_dostawy`);

--
-- Indexes for table `komunikat`
--
ALTER TABLE `komunikat`
  ADD PRIMARY KEY (`id_komunikatu`),
  ADD KEY `id_pracownika` (`id_nadawcy`),
  ADD KEY `id_producenta` (`id_odbiorcy`);

--
-- Indexes for table `magazyn`
--
ALTER TABLE `magazyn`
  ADD PRIMARY KEY (`id_magazynu`),
  ADD KEY `id_kierownika` (`id_kierownika`);

--
-- Indexes for table `pracownik_magazyn`
--
ALTER TABLE `pracownik_magazyn`
  ADD PRIMARY KEY (`id_pracownika`,`id_magazynu`),
  ADD KEY `id_magazynu` (`id_magazynu`);

--
-- Indexes for table `towar`
--
ALTER TABLE `towar`
  ADD PRIMARY KEY (`id_towaru`),
  ADD KEY `id_producenta` (`id_producenta`);

--
-- Indexes for table `towar_magazyn`
--
ALTER TABLE `towar_magazyn`
  ADD PRIMARY KEY (`id_towaru`,`id_magazynu`),
  ADD KEY `id_magazynu` (`id_magazynu`);

--
-- Indexes for table `uzytkownik`
--
ALTER TABLE `uzytkownik`
  ADD PRIMARY KEY (`id_uzytkownika`);

--
-- Indexes for table `wysylka`
--
ALTER TABLE `wysylka`
  ADD PRIMARY KEY (`id_wysylki`),
  ADD KEY `id_klienta_detalicznego` (`id_klienta_detalicznego`),
  ADD KEY `id_klienta_hurtowego` (`id_klienta_hurtowego`),
  ADD KEY `id_kierowcy` (`id_kierowcy`);

--
-- Indexes for table `wysylka_towar`
--
ALTER TABLE `wysylka_towar`
  ADD PRIMARY KEY (`id_towaru`,`id_wysylki`),
  ADD KEY `id_wysylki` (`id_wysylki`);

--
-- Indexes for table `zadanie`
--
ALTER TABLE `zadanie`
  ADD PRIMARY KEY (`id_zadania`),
  ADD KEY `id_pracownika` (`id_pracownika`),
  ADD KEY `id_kierownika` (`id_kierownika`);

--
-- AUTO_INCREMENT for dumped tables
--

--
-- AUTO_INCREMENT for table `dostawa`
--
ALTER TABLE `dostawa`
  MODIFY `id_dostawy` int(7) NOT NULL AUTO_INCREMENT, AUTO_INCREMENT=102;

--
-- AUTO_INCREMENT for table `komunikat`
--
ALTER TABLE `komunikat`
  MODIFY `id_komunikatu` int(7) NOT NULL AUTO_INCREMENT, AUTO_INCREMENT=201;

--
-- AUTO_INCREMENT for table `magazyn`
--
ALTER TABLE `magazyn`
  MODIFY `id_magazynu` int(7) NOT NULL AUTO_INCREMENT, AUTO_INCREMENT=4;

--
-- AUTO_INCREMENT for table `towar`
--
ALTER TABLE `towar`
  MODIFY `id_towaru` int(7) NOT NULL AUTO_INCREMENT, AUTO_INCREMENT=21;

--
-- AUTO_INCREMENT for table `uzytkownik`
--
ALTER TABLE `uzytkownik`
  MODIFY `id_uzytkownika` int(7) NOT NULL AUTO_INCREMENT, AUTO_INCREMENT=806;

--
-- AUTO_INCREMENT for table `wysylka`
--
ALTER TABLE `wysylka`
  MODIFY `id_wysylki` int(7) NOT NULL AUTO_INCREMENT, AUTO_INCREMENT=502;

--
-- AUTO_INCREMENT for table `zadanie`
--
ALTER TABLE `zadanie`
  MODIFY `id_zadania` int(7) NOT NULL AUTO_INCREMENT, AUTO_INCREMENT=85;

--
-- Constraints for dumped tables
--

--
-- Constraints for table `dostawa`
--
ALTER TABLE `dostawa`
  ADD CONSTRAINT `dostawa_ibfk_1` FOREIGN KEY (`id_producenta`) REFERENCES `uzytkownik` (`id_uzytkownika`),
  ADD CONSTRAINT `dostawa_ibfk_2` FOREIGN KEY (`id_magazynu`) REFERENCES `magazyn` (`id_magazynu`),
  ADD CONSTRAINT `id_kierowcy` FOREIGN KEY (`id_kierowcy`) REFERENCES `uzytkownik` (`id_uzytkownika`);

--
-- Constraints for table `dostawa_towar`
--
ALTER TABLE `dostawa_towar`
  ADD CONSTRAINT `dostawa_towar_ibfk_1` FOREIGN KEY (`id_towaru`) REFERENCES `towar` (`id_towaru`),
  ADD CONSTRAINT `dostawa_towar_ibfk_2` FOREIGN KEY (`id_dostawy`) REFERENCES `dostawa` (`id_dostawy`);

--
-- Constraints for table `komunikat`
--
ALTER TABLE `komunikat`
  ADD CONSTRAINT `komunikat_ibfk_1` FOREIGN KEY (`id_nadawcy`) REFERENCES `uzytkownik` (`id_uzytkownika`),
  ADD CONSTRAINT `komunikat_ibfk_2` FOREIGN KEY (`id_odbiorcy`) REFERENCES `uzytkownik` (`id_uzytkownika`);

--
-- Constraints for table `magazyn`
--
ALTER TABLE `magazyn`
  ADD CONSTRAINT `magazyn_ibfk_1` FOREIGN KEY (`id_kierownika`) REFERENCES `uzytkownik` (`id_uzytkownika`);

--
-- Constraints for table `pracownik_magazyn`
--
ALTER TABLE `pracownik_magazyn`
  ADD CONSTRAINT `pracownik_magazyn_ibfk_1` FOREIGN KEY (`id_pracownika`) REFERENCES `uzytkownik` (`id_uzytkownika`),
  ADD CONSTRAINT `pracownik_magazyn_ibfk_2` FOREIGN KEY (`id_magazynu`) REFERENCES `magazyn` (`id_magazynu`);

--
-- Constraints for table `towar`
--
ALTER TABLE `towar`
  ADD CONSTRAINT `towar_ibfk_1` FOREIGN KEY (`id_producenta`) REFERENCES `uzytkownik` (`id_uzytkownika`);

--
-- Constraints for table `towar_magazyn`
--
ALTER TABLE `towar_magazyn`
  ADD CONSTRAINT `towar_magazyn_ibfk_1` FOREIGN KEY (`id_towaru`) REFERENCES `towar` (`id_towaru`),
  ADD CONSTRAINT `towar_magazyn_ibfk_2` FOREIGN KEY (`id_magazynu`) REFERENCES `magazyn` (`id_magazynu`);

--
-- Constraints for table `wysylka`
--
ALTER TABLE `wysylka`
  ADD CONSTRAINT `wysylka_ibfk_1` FOREIGN KEY (`id_klienta_detalicznego`) REFERENCES `uzytkownik` (`id_uzytkownika`),
  ADD CONSTRAINT `wysylka_ibfk_2` FOREIGN KEY (`id_klienta_hurtowego`) REFERENCES `uzytkownik` (`id_uzytkownika`),
  ADD CONSTRAINT `wysylka_ibfk_3` FOREIGN KEY (`id_kierowcy`) REFERENCES `uzytkownik` (`id_uzytkownika`) ON DELETE SET NULL ON UPDATE CASCADE;

--
-- Constraints for table `wysylka_towar`
--
ALTER TABLE `wysylka_towar`
  ADD CONSTRAINT `wysylka_towar_ibfk_1` FOREIGN KEY (`id_towaru`) REFERENCES `towar` (`id_towaru`),
  ADD CONSTRAINT `wysylka_towar_ibfk_2` FOREIGN KEY (`id_wysylki`) REFERENCES `wysylka` (`id_wysylki`);

--
-- Constraints for table `zadanie`
--
ALTER TABLE `zadanie`
  ADD CONSTRAINT `zadanie_ibfk_1` FOREIGN KEY (`id_pracownika`) REFERENCES `uzytkownik` (`id_uzytkownika`),
  ADD CONSTRAINT `zadanie_ibfk_2` FOREIGN KEY (`id_kierownika`) REFERENCES `uzytkownik` (`id_uzytkownika`);
COMMIT;

/*!40101 SET CHARACTER_SET_CLIENT=@OLD_CHARACTER_SET_CLIENT */;
/*!40101 SET CHARACTER_SET_RESULTS=@OLD_CHARACTER_SET_RESULTS */;
/*!40101 SET COLLATION_CONNECTION=@OLD_COLLATION_CONNECTION */;
